name,state,country,population,latitude,longitude,percentageOfSessions
Buenos Aires,Ciudad Autónoma de Buenos Aires,Argentina,3095454,-34.60841638,-58.37213468,
Córdoba,Córdoba,Argentina,1488572,-31.41680447,-64.18360653,
Rosario,Santa Fe,Argentina,1030069,-32.94721338,-60.63317558,
Salta,Salta,Argentina,587497,-24.78927203,-65.41028604,
San Miguel de Tucumán,Tucumán,Argentina,587289,-26.83038876,-65.2037797,
Mar del Plata,Buenos Aires,Argentina,564937,-37.99761058,-57.54816222,
Corrientes,Corrientes,Argentina,425525,-27.46334501,-58.83947285,
Santa Fe,Santa Fe,Argentina,405264,-31.65747495,-60.71047844,
Posadas,Misiones,Argentina,320927,-27.36642598,-55.89398028,
Santiago del Estero,Santiago del Estero,Argentina,310564,-27.78768447,-64.25966807,
Bahía Blanca,Buenos Aires,Argentina,310215,-38.71760509,-62.26544693,
San Salvador de Jujuy,Jujuy,Argentina,308646,-24.18582867,-65.29948308,
Resistencia,Chaco,Argentina,297910,-27.45107571,-58.98648353,
José C. Paz,Buenos Aires,Argentina,295236,-34.52174634,-58.75537408,
Merlo,Buenos Aires,Argentina,289536,-34.66498323,-58.72794811,
Neuquén,Neuquén,Argentina,289460,-38.95182882,-68.05918131,
González Catán,Buenos Aires,Argentina,287036,-34.77302531,-58.64403939,
Quilmes,Buenos Aires,Argentina,286603,-34.72006762,-58.25434698,
Paraná,Entre Ríos,Argentina,268871,-31.74016016,-60.52742605,
Formosa,Formosa,Argentina,254648,-26.18500898,-58.17489648,
Gregorio de Laferrere,Buenos Aires,Argentina,253993,-34.74699358,-58.5892568,
La Plata,Buenos Aires,Argentina,218815,-34.92135192,-57.95450265,
Lanús,Buenos Aires,Argentina,215823,-34.70377094,-58.40056031,
La Rioja,La Rioja,Argentina,208711,-29.41288422,-66.85582798,
Virrey del Pino,Buenos Aires,Argentina,207478,-34.8376536,-58.64696822,
San Luis,San Luis,Argentina,206754,-33.30208648,-66.33685457,
Moreno,Buenos Aires,Argentina,195044,-34.65129233,-58.79000192,
Berazategui,Buenos Aires,Argentina,190160,-34.76301631,-58.21216915,
Rafael Castillo,Buenos Aires,Argentina,187922,-34.70909853,-58.62563352,
San Fernando del Valle de Catamarca,Catamarca,Argentina,185796,-28.46901324,-65.77891735,
Río Cuarto,Córdoba,Argentina,180342,-33.12383693,-64.34900322,
Isidro Casanova,Buenos Aires,Argentina,171820,-34.71097027,-58.58580842,
Concordia,Entre Ríos,Argentina,163381,-31.39196482,-58.01700778,
Monte Grande,Buenos Aires,Argentina,161647,-34.8163558,-58.46826423,
San Nicolás de los Arroyos,Buenos Aires,Argentina,154080,-33.32758104,-60.21705805,
San Juan Bautista,Buenos Aires,Argentina,144484,-34.80898577,-58.27615002,
Tandil,Buenos Aires,Argentina,139172,-37.32869548,-59.13689756,
San Rafael,Mendoza,Argentina,138420,-34.61286138,-68.33041698,
Comodoro Rivadavia,Chubut,Argentina,134905,-45.86541815,-67.48215977,
General Rodríguez,Buenos Aires,Argentina,132630,-34.60643107,-58.95216064,
Ituzaingó,Buenos Aires,Argentina,132254,-34.66038849,-58.66616751,
Trujui,Buenos Aires,Argentina,131155,-34.59073747,-58.75562549,
La Banda,Santiago del Estero,Argentina,130628,-27.73065025,-64.24336045,
Santa María,Buenos Aires,Argentina,128064,-34.55851487,-58.76129514,
San Carlos de Bariloche,Río Negro,Argentina,126818,-41.13419669,-71.31095831,
Bernal,Buenos Aires,Argentina,125604,-34.71090205,-58.28339212,
Mendoza,Mendoza,Argentina,123715,-32.88973255,-68.84444423,
San Justo,Buenos Aires,Argentina,118999,-34.68114175,-58.5637386,
Libertad,Buenos Aires,Argentina,117049,-34.69863752,-58.69023246,
Villa Mercedes,San Luis,Argentina,116836,-33.67447098,-65.46219778,
Santa Rosa,La Pampa,Argentina,116009,-36.62040119,-64.29063004,
Río Gallegos,Santa Cruz,Argentina,115524,-51.62346327,-69.21586453,
San Juan,San Juan,Argentina,114849,-31.53725904,-68.52501721,
San José,Buenos Aires,Argentina,114021,-34.76363236,-58.34339147,
Villa Krause,San Juan,Argentina,110698,-31.58188729,-68.54211386,
Castelar,Buenos Aires,Argentina,110684,-34.65182053,-58.64604751,
Zárate,Buenos Aires,Argentina,109564,-34.09580509,-59.02432323,
Ramos Mejía,Buenos Aires,Argentina,109081,-34.64549934,-58.55966574,
Trelew,Chubut,Argentina,105203,-43.25318675,-65.30938059,
Chimbas,San Juan,Argentina,103772,-31.4932663,-68.53256519,
Olavarría,Buenos Aires,Argentina,103295,-36.89384232,-60.32319371,
Pergamino,Buenos Aires,Argentina,102786,-33.89110914,-60.57458619,
Rafaela,Santa Fe,Argentina,101617,-31.25266753,-61.49166156,
Morón,Buenos Aires,Argentina,101615,-34.64745732,-58.62186155,
Rivadavia,San Juan,Argentina,101334,-31.53244252,-68.59714061,
General Roca,Río Negro,Argentina,100267,-39.02681985,-67.57483649,
Campana,Buenos Aires,Argentina,98392,-34.16325402,-58.95920775,
Río Grande,Tierra del Fuego,Argentina,98391,-53.78632609,-67.69632814,
Caseros,Buenos Aires,Argentina,98221,-34.60352917,-58.56319227,
Presidencia Roque Sáenz Peña,Chaco,Argentina,98104,-26.79097178,-60.44124832,
Puerto Madryn,Chubut,Argentina,97732,-42.7672815,-65.03667559,
La Tablada,Buenos Aires,Argentina,97729,-34.68646233,-58.52564614,
Villa María,Córdoba,Argentina,96340,-32.41350419,-63.24832903,
Junín,Buenos Aires,Argentina,95416,-34.59394174,-60.94643097,
Gualeguaychú,Entre Ríos,Argentina,94914,-33.0077977,-58.51077009,
Villa Celina,Buenos Aires,Argentina,94812,-34.69867448,-58.48656094,
Bella Vista,Buenos Aires,Argentina,94048,-34.56827334,-58.68205839,
Guernica,Buenos Aires,Argentina,94004,-34.91798652,-58.38215704,
San Francisco Solano,Buenos Aires,Argentina,93568,-34.77976107,-58.31116147,
Burzaco,Buenos Aires,Argentina,92915,-34.82817171,-58.39103388,
Cipolletti,Río Negro,Argentina,92787,-38.93878477,-67.99550268,
Villa Gobernador Gálvez,Santa Fe,Argentina,92147,-33.02513192,-60.63368929,
Ezpeleta,Buenos Aires,Argentina,92095,-34.74594313,-58.23479484,
Belén de Escobar,Buenos Aires,Argentina,92020,-34.34606529,-58.79444784,
Ciudad Evita,Buenos Aires,Argentina,91492,-34.71577315,-58.53494562,
Grand Bourg,Buenos Aires,Argentina,88891,-34.48901247,-58.72638705,
Goya,Corrientes,Argentina,88864,-29.14007638,-59.25989126,
San Ramón de la Nueva Orán,Salta,Argentina,87568,-23.13608872,-64.32292701,
Wilde,Buenos Aires,Argentina,87414,-34.70407882,-58.31720951,
Luján,Buenos Aires,Argentina,86916,-34.56335741,-59.12111832,
Concepción del Uruguay,Entre Ríos,Argentina,85664,-32.48466127,-58.23212078,
Mariano Acosta,Buenos Aires,Argentina,85341,-34.72292092,-58.79540603,
Reconquista,Santa Fe,Argentina,85216,-29.14451733,-59.6435479,
Monte Chingolo,Buenos Aires,Argentina,84576,-34.72958548,-58.3542215,
Villa Luzuriaga,Buenos Aires,Argentina,84410,-34.66353089,-58.58239228,
Lomas de Zamora,Buenos Aires,Argentina,83826,-34.75961277,-58.39946914,
Venado Tuerto,Santa Fe,Argentina,82679,-33.74549916,-61.96873352,
Remedios de Escalada de San Martín,Buenos Aires,Argentina,81229,-34.72591028,-58.39670185,
Cuartel V,Buenos Aires,Argentina,80989,-34.54882443,-58.80987947,
Gobernador Julio A. Costa,Buenos Aires,Argentina,80740,-34.80754842,-58.30385106,
Glew,Buenos Aires,Argentina,79686,-34.88833626,-58.38278746,
Ushuaia,Tierra del Fuego,Argentina,79667,-54.80740398,-68.30375718,
San Fernando,Buenos Aires,Argentina,79347,-34.44365929,-58.55864554,
Florida,Buenos Aires,Argentina,77763,-34.53201075,-58.49282518,
Olivos,Buenos Aires,Argentina,77296,-34.50932037,-58.48139617,
Garín,Buenos Aires,Argentina,76722,-34.42303391,-58.7394613,
Boulogne Sur Mer,Buenos Aires,Argentina,76254,-34.50948005,-58.56691086,
Oberá,Misiones,Argentina,75589,-27.48679096,-55.12005698,
Bosques,Buenos Aires,Argentina,75463,-34.81661063,-58.23131395,
Santo Tomé,Santa Fe,Argentina,75133,-31.66301875,-60.76172231,
Necochea,Buenos Aires,Argentina,74812,-38.55446016,-58.73923682,
Los Hornos,Buenos Aires,Argentina,74726,-34.95935595,-57.98073402,
Del Viso,Buenos Aires,Argentina,74345,-34.45021587,-58.79863211,
Ciudad Jardín El Libertador,Buenos Aires,Argentina,74115,-34.54196813,-58.59483969,
Don Torcuato,Buenos Aires,Argentina,73610,-34.50131157,-58.62669762,
Gerli,Buenos Aires,Argentina,72787,-34.68377306,-58.37444148,
Tartagal,Salta,Argentina,72614,-22.51681833,-63.80560492,
Tigre,Buenos Aires,Argentina,72363,-34.42264926,-58.58087529,
Ciudadela,Buenos Aires,Argentina,71681,-34.63791532,-58.53934334,
Villa Carlos Paz,Córdoba,Argentina,71238,-31.41791694,-64.49402916,
San Pedro,Jujuy,Argentina,71067,-24.23172828,-64.86781607,
Eldorado,Misiones,Argentina,70740,-26.40887696,-54.60705304,
Villa Elvira,Buenos Aires,Argentina,70558,-34.93944376,-57.9208331,
Pilar,Buenos Aires,Argentina,69714,-34.4587078,-58.91392246,
Las Talitas,Tucumán,Argentina,69084,-26.77582802,-65.20909244,
Villa Santos Tesei,Buenos Aires,Argentina,68947,-34.61995851,-58.64016179,
San Francisco,Córdoba,Argentina,68385,-31.42493894,-62.08387673,
San Martín,Mendoza,Argentina,68273,-33.08771424,-68.4758072,
San Miguel,Buenos Aires,Argentina,68129,-34.5430416,-58.71196899,
General Pico,La Pampa,Argentina,66929,-35.65930043,-63.75787173,
Yerba Buena,Tucumán,Argentina,66320,-26.81604169,-65.29253831,
Chivilcoy,Buenos Aires,Argentina,65914,-34.89689583,-60.01909137,
Azul,Buenos Aires,Argentina,65201,-36.777447,-59.86344305,
Martínez,Buenos Aires,Argentina,64978,-34.48901044,-58.49938014,
Mercedes,Buenos Aires,Argentina,64349,-34.65073321,-59.43138744,
La Reja,Buenos Aires,Argentina,64338,-34.63901273,-58.82669313,
Béccar,Buenos Aires,Argentina,63719,-34.46019581,-58.53136114,
Presidente Derqui,Buenos Aires,Argentina,63325,-34.49226718,-58.83901989,
Los Polvorines,Buenos Aires,Argentina,63293,-34.50208863,-58.69499435,
Guillermo Enrique Hudson,Buenos Aires,Argentina,63074,-34.7918465,-58.15161897,
Marcos Paz,Buenos Aires,Argentina,62408,-34.7824959,-58.83788909,
Hurlingham,Buenos Aires,Argentina,62040,-34.58983839,-58.63741661,
Benavídez,Buenos Aires,Argentina,61974,-34.41157271,-58.68992795,
Villa Domínico,Buenos Aires,Argentina,61835,-34.69457664,-58.33045645,
Palpalá,Jujuy,Argentina,61701,-24.25789381,-65.21348676,
9 de Abril,Buenos Aires,Argentina,61594,-34.76278787,-58.48754799,
Punta Alta,Buenos Aires,Argentina,61468,-38.88045822,-62.07499664,
Banfield,Buenos Aires,Argentina,61072,-34.74471384,-58.39292631,
Lomas del Mirador,Buenos Aires,Argentina,60675,-34.66527652,-58.53177393,
Alta Gracia,Córdoba,Argentina,59967,-31.64979213,-64.42987198,
Temperley,Buenos Aires,Argentina,59899,-34.77260216,-58.38959552,
José María Ezeiza,Buenos Aires,Argentina,59790,-34.85276217,-58.52320113,
Rafael Calzada,Buenos Aires,Argentina,59696,-34.79735961,-58.36167116,
Barranqueras,Chaco,Argentina,59655,-27.48510607,-58.93073626,
El Palomar,Buenos Aires,Argentina,59232,-34.61085562,-58.59568101,
Santa Catarina,Buenos Aires,Argentina,58833,-34.75284421,-58.47057249,
Villa Fiorito,Buenos Aires,Argentina,58060,-34.70569848,-58.44446618,
San Carlos,Buenos Aires,Argentina,57727,-34.92905284,-58.00017696,
Viedma,Río Negro,Argentina,57591,-40.80836773,-62.99492873,
Tortuguitas,Buenos Aires,Argentina,57578,-34.47451671,-58.75494567,
Clorinda,Formosa,Argentina,57456,-25.28608088,-57.7224082,
General Pacheco,Buenos Aires,Argentina,57183,-34.45492285,-58.63414944,
El Jagüel,Buenos Aires,Argentina,57080,-34.83085332,-58.4948837,
Concepción,Tucumán,Argentina,57001,-27.34592044,-65.5927483,
San Pedro,Buenos Aires,Argentina,56860,-33.67594803,-59.66301581,
Paso del Rey,Buenos Aires,Argentina,56722,-34.65313267,-58.76124222,
Maipú,Mendoza,Argentina,56595,-32.98461978,-68.78820902,
Perico,Jujuy,Argentina,56487,-24.37604726,-65.11808578,
Longchamps,Buenos Aires,Argentina,56379,-34.86072984,-58.38918489,
Caleta Olivia,Santa Cruz,Argentina,56355,-46.44784652,-67.5227409,
Santa Lucía,San Juan,Argentina,55124,-31.54054185,-68.49786893,
Puerto Iguazú,Misiones,Argentina,54450,-25.5972101,-54.577223,
William C. Morris,Buenos Aires,Argentina,54374,-34.57969828,-58.6570782,
Plottier,Neuquén,Argentina,54165,-38.95235487,-68.22714739,
Avellaneda,Buenos Aires,Argentina,54057,-34.66382951,-58.36273736,
Tafí Viejo,Tucumán,Argentina,53753,-26.72998282,-65.26284394,
Tristán Suárez,Buenos Aires,Argentina,53168,-34.89095917,-58.56655436,
Tres Arroyos,Buenos Aires,Argentina,52931,-38.3771967,-60.27521507,
Paso de los Libres,Corrientes,Argentina,52925,-29.71371481,-57.0854054,
Río Tercero,Córdoba,Argentina,52811,-32.17673937,-64.11296284,
Villa Constitución,Santa Fe,Argentina,52204,-33.22727003,-60.32974982,
Ingeniero Pablo Nogués,Buenos Aires,Argentina,51614,-34.48947232,-58.70609173,
Alejandro Korn,Buenos Aires,Argentina,51495,-34.98141223,-58.37672638,
San Lorenzo,Santa Fe,Argentina,50942,-32.7472614,-60.73568746,
Ingeniero Budge,Buenos Aires,Argentina,50735,-34.71963411,-58.45712867,
Pontevedra,Buenos Aires,Argentina,50636,-34.75025926,-58.70125709,
Santa Albertina,Buenos Aires,Argentina,50036,-34.72805213,-58.44465382,
Villa Rosa,Buenos Aires,Argentina,49923,-34.41529192,-58.86954884,
Ingeniero Juan Allan,Buenos Aires,Argentina,48789,-34.86668349,-58.19855737,
El Talar,Buenos Aires,Argentina,48031,-34.46358078,-58.66135153,
Francisco Álvarez,Buenos Aires,Argentina,47510,-34.63319199,-58.8554658,
Sarandí,Buenos Aires,Argentina,47422,-34.68179606,-58.34631079,
Villa Angela,Chaco,Argentina,47121,-27.57687756,-60.71112567,
Gualeguay,Entre Ríos,Argentina,46905,-33.15043008,-59.31057559,
Chacabuco,Buenos Aires,Argentina,46594,-34.64202599,-60.47123653,
Dock Sud,Buenos Aires,Argentina,46531,-34.65013422,-58.34490226,
Esperanza,Santa Fe,Argentina,46265,-31.4488901,-60.93015288,
Victoria,Buenos Aires,Argentina,46144,-34.45304754,-58.54219125,
Libertador General San Martín,Jujuy,Argentina,46140,-23.81521495,-64.79285568,
Villa Gobernador Udadondo,Buenos Aires,Argentina,45729,-34.6183464,-58.69672371,
Villa Vatteone,Buenos Aires,Argentina,45716,-34.82697382,-58.27140233,
San Isidro,Buenos Aires,Argentina,45401,-34.46642852,-58.50968981,
Centenario,Neuquén,Argentina,45310,-38.83015654,-68.12147747,
Claypole,Buenos Aires,Argentina,45282,-34.79755887,-58.33520442,
Villa Centenario,Buenos Aires,Argentina,45037,-34.72736075,-58.43058694,
Balcarce,Buenos Aires,Argentina,45001,-37.84638262,-58.25549117,
Don Orione,Buenos Aires,Argentina,44497,-34.81929154,-58.34185431,
Valentín Alsina,Buenos Aires,Argentina,44220,-34.67141401,-58.40904865,
Granadero Baigorria,Santa Fe,Argentina,44188,-32.86183051,-60.70633324,
El Plumerillo,Mendoza,Argentina,44058,-32.84860949,-68.80545746,
Luis Guillón,Buenos Aires,Argentina,43665,-34.80264155,-58.45067543,
Tolosa,Buenos Aires,Argentina,43553,-34.89176451,-57.97417324,
Zapala,Neuquén,Argentina,43416,-38.90293435,-70.06421122,
Virreyes,Buenos Aires,Argentina,43391,-34.45375183,-58.55434008,
Villa Adelina,Buenos Aires,Argentina,42827,-34.51885569,-58.5473555,
Mercedes,Corrientes,Argentina,42694,-29.18469281,-58.07353177,
Termas de Río Hondo,Santiago del Estero,Argentina,42519,-27.49863499,-64.86071329,
Altos de San Lorenzo,Buenos Aires,Argentina,42328,-34.94225563,-57.93307416,
Curuzú Cuatiá,Corrientes,Argentina,42161,-29.79145121,-58.04985881,
9 de Julio,Buenos Aires,Argentina,41995,-35.44393528,-60.88462748,
Villaguay,Entre Ríos,Argentina,41960,-31.86763757,-59.02688521,
Villa Eduardo Madero,Buenos Aires,Argentina,41928,-34.68813227,-58.49317381,
Santa Marta,Buenos Aires,Argentina,41792,-34.74963707,-58.4496308,
José Mármol,Buenos Aires,Argentina,41437,-34.7863166,-58.36984231,
La Calera,Córdoba,Argentina,41002,-31.34579262,-64.33848731,
Chajarí,Entre Ríos,Argentina,40902,-30.7547242,-57.98178937,
Llavallol,Buenos Aires,Argentina,40789,-34.79307072,-58.42627932,
Fontana,Chaco,Argentina,40561,-27.4202374,-59.03739126,
Las Heras,Mendoza,Argentina,40432,-32.8503416,-68.8405204,
Cutral Có,Neuquén,Argentina,40355,-38.93791128,-69.22936581,
Trenque Lauquen,Buenos Aires,Argentina,40124,-35.9733359,-62.73274505,
Villa Ballester,Buenos Aires,Argentina,40005,-34.54808349,-58.55708448,
Parque Barón,Buenos Aires,Argentina,39819,-34.76609244,-58.43452577,
General Belgrano,Mendoza,Argentina,39752,-32.88468172,-68.79303082,
Posadas (Expansión),Misiones,Argentina,39712,-27.45243368,-55.85271149,
Tunuyán,Mendoza,Argentina,39623,-33.58125316,-69.01536856,
Haedo,Buenos Aires,Argentina,39611,-34.6436076,-58.59452237,
Aguilares,Tucumán,Argentina,39539,-27.43162801,-65.614538,
San Vicente,Buenos Aires,Argentina,39128,-35.02490887,-58.42405791,
Bragado,Buenos Aires,Argentina,38925,-35.11556628,-60.48964999,
San Antonio de Padua,Buenos Aires,Argentina,38922,-34.66266564,-58.69812636,
Punta Mogotes,Buenos Aires,Argentina,38869,-38.06695279,-57.55103923,
Cañuelas,Buenos Aires,Argentina,38660,-35.05383883,-58.76199119,
Casilda,Santa Fe,Argentina,38427,-33.04469765,-61.16420109,
General Güemes,Salta,Argentina,38343,-24.67444721,-65.04659792,
Funes,Santa Fe,Argentina,38268,-32.92086451,-60.81143629,
Banda del Río Salí,Tucumán,Argentina,38074,-26.83996995,-65.16185951,
General Alvear,Mendoza,Argentina,37937,-34.97747158,-67.69618281,
Las Tortugas,Mendoza,Argentina,37874,-32.94519399,-68.82310228,
Chascomús,Buenos Aires,Argentina,37800,-35.57914267,-58.01367348,
Bell Ville,Córdoba,Argentina,37632,-32.63031428,-62.68879338,
Villa de Mayo,Buenos Aires,Argentina,37624,-34.50660884,-58.6789744,
San Martín de los Andes,Neuquén,Argentina,37520,-40.15693794,-71.35271433,
Rincón de Milberg,Buenos Aires,Argentina,37084,-34.41046042,-58.60199631,
Villa del Parque,Mendoza,Argentina,36933,-32.9075771,-68.87409656,
Villa Nueva,Mendoza,Argentina,36925,-32.89736718,-68.78710303,
Esquel,Chubut,Argentina,36882,-42.91732071,-71.32157255,
El Challao,Mendoza,Argentina,36742,-32.85464175,-68.89298088,
Pehuajó,Buenos Aires,Argentina,36728,-35.81080533,-61.89896821,
Alderetes,Tucumán,Argentina,36575,-26.82022587,-65.14332121,
Jesús María,Córdoba,Argentina,36557,-30.97613094,-64.09579317,
Lobos,Buenos Aires,Argentina,36454,-35.18542555,-59.09783416,
Bella Vista,Corrientes,Argentina,36338,-28.50768321,-59.04521729,
Villa La Florida,Buenos Aires,Argentina,36304,-34.7722704,-58.29293061,
Victoria,Entre Ríos,Argentina,36071,-32.62160582,-60.15795395,
Muñiz,Buenos Aires,Argentina,35855,-34.55249463,-58.70479371,
Baradero,Buenos Aires,Argentina,35738,-33.80707277,-59.50222783,
Gobernador Ingeniero Valentín Virasoro,Corrientes,Argentina,35538,-28.04680798,-56.00963249,
Rivadavia,Mendoza,Argentina,35312,-33.19576547,-68.46592288,
José Melchor Romero,Buenos Aires,Argentina,35297,-34.94567521,-58.03648082,
Lastenia,Tucumán,Argentina,35296,-26.85970044,-65.15888955,
Cruz del Eje,Córdoba,Argentina,34996,-30.74392879,-64.79077626,
Ensenada,Buenos Aires,Argentina,34980,-34.85750709,-57.90767952,
Manuel Alberti,Buenos Aires,Argentina,34945,-34.46194938,-58.7764401,
Villa General Eugenio Necochea,Buenos Aires,Argentina,34928,-34.51249838,-58.57983255,
Munro,Buenos Aires,Argentina,34797,-34.52980473,-58.5251828,
Villa Santa Rosa,Buenos Aires,Argentina,34729,-34.83706397,-58.28217957,
Carlos Spegazzini,Buenos Aires,Argentina,34711,-34.9117467,-58.59216652,
Ingeniero Maschwitz,Buenos Aires,Argentina,34589,-34.38923507,-58.73786661,
Troncos del Talar,Buenos Aires,Argentina,34564,-34.45480977,-58.61334094,
Miramar,Buenos Aires,Argentina,34483,-38.27046102,-57.83985445,
Salto,Buenos Aires,Argentina,34225,-34.29174631,-60.25450249,
San José de Metán,Salta,Argentina,34156,-25.49710551,-64.97105989,
Frías,Santiago del Estero,Argentina,33915,-28.63754419,-65.12872835,
Carrodilla,Mendoza,Argentina,33765,-32.96742326,-68.85161961,
General San Martín,Buenos Aires,Argentina,33652,-34.5779101,-58.53865647,
General José de San Martín,Chaco,Argentina,33453,-26.53630236,-59.34132101,
Lincoln,Buenos Aires,Argentina,33220,-34.86817691,-61.5294113,
Chilecito,La Rioja,Argentina,32815,-29.16510506,-67.49521527,
Villa Dolores,Córdoba,Argentina,32690,-31.94497676,-65.1902397,
Caucete,San Juan,Argentina,32454,-31.65148061,-68.28197851,
Pérez,Santa Fe,Argentina,32341,-32.99887217,-60.76986861,
City Bell,Buenos Aires,Argentina,32119,-34.86747402,-58.04742279,
San Carlos de Bolívar,Buenos Aires,Argentina,32069,-36.22987927,-61.11391708,
Villa Allende,Córdoba,Argentina,32058,-31.29364963,-64.29770131,
San Vicente,Misiones,Argentina,32007,-26.99329739,-54.48661897,
Cañada de Gómez,Santa Fe,Argentina,31778,-32.82121616,-61.39519868,
Charata,Chaco,Argentina,31748,-27.2179223,-61.18734797,
Tierras Altas,Buenos Aires,Argentina,31364,-34.47924774,-58.73984379,
Monteros,Tucumán,Argentina,31327,-27.16528714,-65.49721829,
Apóstoles,Misiones,Argentina,31294,-27.91413593,-55.75485784,
Villa Regina,Río Negro,Argentina,31182,-39.0945576,-67.08239544,
Palmira,Mendoza,Argentina,31124,-33.05050337,-68.56091203,
Saladillo,Buenos Aires,Argentina,30822,-35.63883898,-59.77937703,
Capitán Bermúdez,Santa Fe,Argentina,30792,-32.82645624,-60.71615575,
Roldán,Santa Fe,Argentina,30700,-32.89814315,-60.90964745,
Añatuya,Santiago del Estero,Argentina,30514,-28.46020335,-62.83354247,
Dolores,Buenos Aires,Argentina,30505,-36.31538918,-57.67546156,
La Paz,Entre Ríos,Argentina,30375,-30.74047662,-59.64430128,
Colón,Entre Ríos,Argentina,30365,-32.22505008,-58.1422695,
Villa Marini,Mendoza,Argentina,30363,-32.93207661,-68.86356791,
Piñeyro,Buenos Aires,Argentina,30304,-34.66808373,-58.3877465,
Villa General San Martín - Campo Afuera,San Juan,Argentina,29875,-31.43978476,-68.52038668,
Arrecifes,Buenos Aires,Argentina,29784,-34.06751491,-60.10869159,
Ingeniero Adolfo Sourdeaux,Buenos Aires,Argentina,29738,-34.50047131,-58.66203561,
Leandro N. Alem,Misiones,Argentina,29593,-27.60373165,-55.32361934,
Monte Caseros,Corrientes,Argentina,29507,-30.24942296,-57.62948177,
Dorrego,Mendoza,Argentina,29349,-32.91891072,-68.83306306,
Malargüe,Mendoza,Argentina,29267,-35.468374,-69.58470755,
Esquina,Corrientes,Argentina,29092,-30.01460706,-59.52951874,
Champagnat,Buenos Aires,Argentina,29063,-34.43794977,-58.91601158,
Rosario de la Frontera,Salta,Argentina,28950,-25.79856342,-64.97385809,
Santo Tomé,Corrientes,Argentina,28835,-28.54981581,-56.03481108,
Marcos Juárez,Córdoba,Argentina,28797,-32.69063629,-62.10112652,
Allen,Río Negro,Argentina,28281,-38.97951066,-67.8280214,
Lules,Tucumán,Argentina,28228,-26.92218427,-65.33771582,
Malvinas Argentinas,Buenos Aires,Argentina,28218,-34.81875504,-58.42338783,
Pichanal,Salta,Argentina,28144,-23.32459129,-64.22530343,
Machagai,Chaco,Argentina,27948,-26.92613476,-60.04841941,
Luján de Cuyo,Mendoza,Argentina,27947,-33.03917088,-68.87955232,
La Unión,Buenos Aires,Argentina,27764,-34.87071503,-58.53060013,
Adrogué,Buenos Aires,Argentina,27731,-34.79737267,-58.38845293,
General Gutiérrez,Mendoza,Argentina,27570,-32.96040745,-68.78746528,
Juan José Castelli,Chaco,Argentina,27557,-25.94657893,-60.62006704,
Quitilipi,Chaco,Argentina,27551,-26.87079068,-60.21519959,
Don Bosco,Buenos Aires,Argentina,27484,-34.70446528,-58.29758516,
Avellaneda,Santa Fe,Argentina,27426,-29.11752148,-59.65847208,
Arroyito,Córdoba,Argentina,27412,-31.41922977,-63.05070259,
Nogoyá,Entre Ríos,Argentina,27353,-32.39896153,-59.78769534,
Estanislao Severo Zeballos,Buenos Aires,Argentina,27249,-34.81417985,-58.24121806,
Rawson,Chubut,Argentina,27206,-43.30522367,-65.10369573,
Las Breñas,Chaco,Argentina,27144,-27.08643845,-61.08582282,
Coronel Suárez,Buenos Aires,Argentina,27142,-37.45852892,-61.93289383,
Villa Gesell,Buenos Aires,Argentina,26838,-37.26323051,-56.97455861,
Famaillá,Tucumán,Argentina,26798,-27.05451578,-65.40189075,
Villa Martelli,Buenos Aires,Argentina,26720,-34.55130428,-58.50662672,
Villa Barboza,San Juan,Argentina,26638,-31.59289733,-68.55712891,
Profesor Salvador Mazza,Salta,Argentina,26602,-22.051657,-63.69189277,
Colón,Buenos Aires,Argentina,26488,-33.8971264,-61.09941636,
Ituzaingó,Corrientes,Argentina,26315,-27.58510008,-56.68704524,
Rosario de Lerma,Salta,Argentina,26287,-24.98582602,-65.57839691,
Carmen de Patagones,Buenos Aires,Argentina,26141,-40.80251515,-62.98360219,
Villa Nueva,Córdoba,Argentina,26126,-32.43547641,-63.24785758,
San Justo,Santa Fe,Argentina,26025,-30.78917115,-60.59330059,
Luzuriaga,Mendoza,Argentina,25984,-32.94458204,-68.80700242,
Jardín América,Misiones,Argentina,25741,-27.04315879,-55.22701802,
Ricardo Rojas,Buenos Aires,Argentina,25718,-34.4584527,-58.6830426,
Las Flores,Buenos Aires,Argentina,25649,-36.01426875,-59.09986398,
Ministro Rivadavia,Buenos Aires,Argentina,25542,-34.84402073,-58.36275353,
Deán Funes,Córdoba,Argentina,25400,-30.42497718,-64.35273931,
Pico Truncado,Santa Cruz,Argentina,25359,-46.79942018,-67.95785168,
Maquinista F. Savio Este,Buenos Aires,Argentina,25176,-34.40064984,-58.77629152,
Colonia Caroya,Córdoba,Argentina,25063,-31.02205559,-64.06171287,
El Resguardo,Mendoza,Argentina,25057,-32.83033903,-68.82096632,
Cosquín,Córdoba,Argentina,25051,-31.24366828,-64.46534855,
Vicente López,Buenos Aires,Argentina,24790,-34.52574046,-58.47414983,
Las Heras,Santa Cruz,Argentina,24766,-46.54131353,-68.93227249,
Coronel Brandsen,Buenos Aires,Argentina,24688,-35.16795941,-58.23733024,
Rincón de los Sauces,Neuquén,Argentina,24579,-37.39017949,-68.92518756,
Godoy Cruz,Mendoza,Argentina,24499,-32.92533457,-68.84428146,
Trapiche,Mendoza,Argentina,24494,-32.94429744,-68.86688935,
Villa Lamadrid,Buenos Aires,Argentina,24328,-34.72699424,-58.4663162,
Crespo,Entre Ríos,Argentina,24295,-32.03075951,-60.30609205,
Villa Elisa,Buenos Aires,Argentina,24273,-34.85146688,-58.08543294,
Pirané,Formosa,Argentina,24256,-25.73264982,-59.10980806,
Cinco Saltos,Río Negro,Argentina,24208,-38.82756075,-68.06616813,
Catriel,Río Negro,Argentina,24195,-37.87552098,-67.79451061,
25 de Mayo,Buenos Aires,Argentina,24177,-35.43247108,-60.17155935,
San Francisco del Monte,Mendoza,Argentina,24148,-32.92273626,-68.79329621,
Juan Bautista Alberdi,Tucumán,Argentina,24122,-27.58587292,-65.61729672,
Villa Bosch,Buenos Aires,Argentina,24073,-34.58681563,-58.57380621,
Unquillo,Córdoba,Argentina,23948,-31.23715238,-64.31176369,
Villa Maipú,Buenos Aires,Argentina,23873,-34.56889499,-58.52444105,
Mar de Ajó,Buenos Aires,Argentina,23860,-36.72955529,-56.67729563,
Río Ceballos,Córdoba,Argentina,23832,-31.16975013,-64.31750417,
Garupá,Misiones,Argentina,23636,-27.48377711,-55.82970166,
Embarcación,Salta,Argentina,23602,-23.2104201,-64.09724632,
Loma Hermosa,Buenos Aires,Argentina,23564,-34.56867525,-58.60214227,
San Antonio de Areco,Buenos Aires,Argentina,23396,-34.24363813,-59.47365234,
Arroyo Seco,Santa Fe,Argentina,23291,-33.15813852,-60.51193822,
Villa Coronel José Matías Zapiola,Buenos Aires,Argentina,23278,-34.55886817,-58.5766496,
Sunchales,Santa Fe,Argentina,23145,-30.94507703,-61.56066214,
Villa Granaderos de San Martín,Buenos Aires,Argentina,23106,-34.55107175,-58.5288645,
El Calafate,Santa Cruz,Argentina,22863,-50.33802954,-72.26066524,
Merlo,San Luis,Argentina,22775,-32.34263514,-65.01373253,
General Villegas,Buenos Aires,Argentina,22688,-35.03263427,-63.01502565,
Laboulaye,Córdoba,Argentina,22661,-34.12863224,-63.39070171,
Martín Coronado,Buenos Aires,Argentina,22513,-34.58376766,-58.5967037,
La Quiaca,Jujuy,Argentina,22492,-22.10445178,-65.59637347,
El Bolsón,Río Negro,Argentina,22400,-41.96502163,-71.53436359,
San José,Tucumán,Argentina,22399,-26.76933447,-65.232855,
Rodeo de la Cruz,Mendoza,Argentina,22352,-32.92104639,-68.73890298,
San Miguel del Monte,Buenos Aires,Argentina,22314,-35.44104388,-58.80345145,
Rojas,Buenos Aires,Argentina,22261,-34.19774243,-60.7337007,
Montecarlo,Misiones,Argentina,22228,-26.56665372,-54.7661268,
Río Segundo,Córdoba,Argentina,22191,-31.65015276,-63.91186284,
Lisandro Olmos,Buenos Aires,Argentina,22061,-34.99905739,-58.04861583,
Coronel Pringles,Buenos Aires,Argentina,21872,-37.98566778,-61.35039743,
Vera,Santa Fe,Argentina,21703,-29.45922862,-60.21477195,
Pablo Podestá,Buenos Aires,Argentina,21612,-34.58494881,-58.61163798,
Ranelagh,Buenos Aires,Argentina,21564,-34.78778724,-58.20318537,
Villa Carmela,Tucumán,Argentina,21527,-26.76797275,-65.27240906,
Tres Isletas,Chaco,Argentina,21393,-26.34032456,-60.43126153,
Coquimbito,Mendoza,Argentina,21318,-32.97092965,-68.75673094,
Puerto Rico,Misiones,Argentina,21312,-26.80859168,-55.02212684,
Villa Hipódromo,Mendoza,Argentina,21268,-32.9110213,-68.85870375,
Bermejo,Mendoza,Argentina,21243,-32.86731313,-68.7795397,
La Punta,San Luis,Argentina,21144,-33.18367514,-66.31248095,
Quimili,Santiago del Estero,Argentina,21070,-27.64468625,-62.4173702,
General Juan Madariaga,Buenos Aires,Argentina,21056,-36.99529195,-57.13686126,
Morteros,Córdoba,Argentina,21022,-30.71066778,-62.00723646,
Perdriel,Mendoza,Argentina,20748,-33.07490319,-68.88839529,
Saladas,Corrientes,Argentina,20667,-28.25506703,-58.62372675,
San Andrés de Giles,Buenos Aires,Argentina,20638,-34.44237742,-59.44751918,
Federal,Entre Ríos,Argentina,20604,-30.95621428,-58.77958751,
Firmat,Santa Fe,Argentina,20499,-33.45814352,-61.48621036,
Villa General José Tomás Guido,Buenos Aires,Argentina,20489,-34.55265691,-58.56715318,
Santa Elena,Entre Ríos,Argentina,20425,-30.94446,-59.78912129,
El Carmen,Jujuy,Argentina,20410,-24.38928598,-65.26154232,
Chacras de Coria,Mendoza,Argentina,20361,-32.96948164,-68.87151408,
El Manantial,Tucumán,Argentina,20284,-26.84805294,-65.28186074,
Gálvez,Santa Fe,Argentina,20124,-32.03028175,-61.22432863,
Bella Vista,Tucumán,Argentina,20051,-27.03279193,-65.30708986,
Rodeo del Medio,Mendoza,Argentina,20008,-32.99486843,-68.68596596,
Santos Lugares,Buenos Aires,Argentina,19759,-34.60300703,-58.54082496,
Villa José León Suárez,Buenos Aires,Argentina,19708,-34.53099532,-58.57631108,
Carlos Casares,Buenos Aires,Argentina,19605,-35.62247375,-61.36549513,
El Medanito,San Juan,Argentina,19560,-31.58306096,-68.50472434,
Ayacucho,Buenos Aires,Argentina,19522,-37.15276099,-58.48837917,
General Belgrano,Buenos Aires,Argentina,19488,-35.7656762,-58.49716327,
San Antonio Oeste,Río Negro,Argentina,19462,-40.73013258,-64.93897107,
Santa Teresita,Buenos Aires,Argentina,19394,-36.5405925,-56.69294074,
San Jorge,Santa Fe,Argentina,19390,-31.8961531,-61.8596533,
Federación,Entre Ríos,Argentina,19347,-30.99026274,-57.91776232,
Luis Lagomarsino,Buenos Aires,Argentina,19334,-34.41067185,-58.77904805,
Quequén,Buenos Aires,Argentina,19331,-38.56611335,-58.70618079,
Canning,Buenos Aires,Argentina,19256,-34.8570184,-58.49790722,
Coronda,Santa Fe,Argentina,19173,-31.97448481,-60.91609192,
La Cieneguita,Mendoza,Argentina,19039,-32.85615927,-68.84454966,
Rufino,Santa Fe,Argentina,19027,-34.26187282,-62.7110666,
Recreo,Santa Fe,Argentina,19016,-31.49089311,-60.73544887,
Joaquín V. González,Salta,Argentina,18951,-25.11739139,-64.12477324,
Capilla del Rosario,Mendoza,Argentina,18951,-32.90678905,-68.7668004,
Camet,Buenos Aires,Argentina,18812,-37.94014119,-57.54994249,
Las Varillas,Córdoba,Argentina,18812,-31.87038479,-62.71966478,
Diamante,Entre Ríos,Argentina,18766,-32.07075725,-60.63820834,
Villa Aberastain,San Juan,Argentina,18616,-31.65804257,-68.57941343,
Junín de los Andes,Neuquén,Argentina,18536,-39.95088494,-71.07086358,
Puerto Esperanza,Misiones,Argentina,18526,-26.0206124,-54.61520117,
Pilar,Córdoba,Argentina,18520,-31.68126524,-63.88239584,
Fray Luis Beltrán,Santa Fe,Argentina,18498,-32.78154811,-60.73101147,
Billinghurst,Buenos Aires,Argentina,18493,-34.57520769,-58.57473853,
Kilómetro 8 - Don Bosco,Chubut,Argentina,18477,-45.7892313,-67.43123896,
Ostende,Buenos Aires,Argentina,18451,-37.1296811,-56.87120195,
Villa Sarmiento,Buenos Aires,Argentina,18375,-34.63335939,-58.57040712,
Matheu,Buenos Aires,Argentina,18303,-34.38524509,-58.82780565,
Nordelta,Buenos Aires,Argentina,18234,-34.402196,-58.65462383,
Los Toldos,Buenos Aires,Argentina,18186,-34.99997083,-61.03874001,
Colonia Santa Rosa,Salta,Argentina,18177,-23.39429535,-64.42557858,
Los Gutiérrez,Tucumán,Argentina,18142,-26.80644484,-65.14144858,
El Pato,Buenos Aires,Argentina,18105,-34.8848301,-58.17385174,
Las Lomitas,Formosa,Argentina,18088,-24.70813561,-60.59137688,
Puerto General San Martín,Santa Fe,Argentina,17969,-32.71603864,-60.73139389,
Juan María Gutiérrez,Buenos Aires,Argentina,17870,-34.83390945,-58.18380769,
Fernández,Santiago del Estero,Argentina,17833,-27.92531529,-63.89458838,
El Trébol,Buenos Aires,Argentina,17825,-34.8756789,-58.54193781,
San Luis del Palmar,Corrientes,Argentina,17801,-27.50769866,-58.55614772,
Villa Porteña,Buenos Aires,Argentina,17729,-34.88715497,-57.89808633,
Candelaria,Misiones,Argentina,17645,-27.46121792,-55.74396323,
Villa del Rosario,Córdoba,Argentina,17625,-31.5541005,-63.53569732,
Manuel Bernardo Gonnet,Buenos Aires,Argentina,17552,-34.88185468,-58.01032082,
Ringuelet,Buenos Aires,Argentina,17551,-34.88480373,-57.99150774,
Dique Luján,Buenos Aires,Argentina,17530,-34.36130509,-58.68656099,
Monte Quemado,Santiago del Estero,Argentina,17391,-25.80356959,-62.83013195,
Carcarañá,Santa Fe,Argentina,17354,-32.85738566,-61.15186665,
Toay,La Pampa,Argentina,17336,-36.67389805,-64.37978972,
Villa Juan Martín de Pueyrredón,Buenos Aires,Argentina,17271,-34.57206733,-58.56233748,
Plátanos,Buenos Aires,Argentina,17220,-34.78180757,-58.17018562,
San José,Entre Ríos,Argentina,17207,-32.20771883,-58.21879894,
Navarro,Buenos Aires,Argentina,17065,-35.00590672,-59.27828398,
Buena Nueva,Mendoza,Argentina,17005,-32.89705405,-68.7604654,
Puerto Deseado,Santa Cruz,Argentina,16935,-47.75171941,-65.90094873,
Cafayate,Salta,Argentina,16916,-26.07304397,-65.97598338,
Carapachay,Buenos Aires,Argentina,16914,-34.52820513,-58.53461345,
Santa Rosa de Calamuchita,Córdoba,Argentina,16886,-32.06437801,-64.53956196,
Villa Gregoria Matorras,Buenos Aires,Argentina,16828,-34.53806824,-58.54909067,
Villa Ocampo,Santa Fe,Argentina,16804,-28.48677261,-59.35474733,
San Benito,Entre Ríos,Argentina,16788,-31.78302234,-60.44145931,
La Falda,Córdoba,Argentina,16719,-31.09442652,-64.48294765,
Ciudad Jardín Lomas del Palomar,Buenos Aires,Argentina,16714,-34.60205711,-58.59181293,
Rosario del Tala,Entre Ríos,Argentina,16708,-32.30067551,-59.1390668,
El Algarrobal,Mendoza,Argentina,16683,-32.836885,-68.77075774,
San Clemente del Tuyú,Buenos Aires,Argentina,16662,-36.35419313,-56.72567931,
Colonia Wanda,Misiones,Argentina,16591,-25.97336638,-54.5630397,
Tostado,Santa Fe,Argentina,16535,-29.2327297,-61.77120786,
Villa San Martín (Est. Loreto),Santiago del Estero,Argentina,16533,-28.30098634,-64.18413929,
El Colorado,Formosa,Argentina,16470,-26.30906102,-59.37230805,
Las Cañas,Mendoza,Argentina,16430,-32.9116366,-68.81737798,
Benito Juárez,Buenos Aires,Argentina,16425,-37.67428497,-59.80480518,
Cerrillos,Salta,Argentina,16191,-24.89581252,-65.48714482,
San Javier,Santa Fe,Argentina,16185,-30.58166754,-59.92810052,
Ceres,Santa Fe,Argentina,16144,-29.88189414,-61.94509371,
San Salvador,Entre Ríos,Argentina,16142,-31.62496088,-58.50503201,
Malvinas Argentinas,Córdoba,Argentina,16105,-31.37425358,-64.05369173,
Santa Lucía,Corrientes,Argentina,16097,-28.98985225,-59.10076255,
Punta Lara,Buenos Aires,Argentina,16093,-34.809816,-57.98379874,
Pigüé,Buenos Aires,Argentina,16073,-37.60254871,-62.40836148,
Chos Malal,Neuquén,Argentina,16045,-37.37482788,-70.27633107,
Plaza Huincul,Neuquén,Argentina,16035,-38.93012389,-69.20777789,
Aristóbulo del Valle,Misiones,Argentina,16007,-27.09567565,-54.89341761,
Carmen de Areco,Buenos Aires,Argentina,15976,-34.37666208,-59.82269653,
Monterrico,Jujuy,Argentina,15895,-24.44296045,-65.16609331,
Aldo Bonzi,Buenos Aires,Argentina,15762,-34.70698373,-58.51916862,
Ingeniero Guillermo Nicasio Juárez,Formosa,Argentina,15755,-23.90373915,-61.84242927,
Pampa del Indio,Chaco,Argentina,15712,-26.049025,-59.94275358,
Ramallo,Buenos Aires,Argentina,15611,-33.48520212,-60.00443842,
La Ribera,San Luis,Argentina,15601,-33.69193053,-65.50225007,
Villa España,Buenos Aires,Argentina,15571,-34.77547188,-58.19944158,
Magdalena,Buenos Aires,Argentina,15500,-35.08073936,-57.51760189,
Belén,Catamarca,Argentina,15479,-27.64952925,-67.02631661,
La Lonja,Buenos Aires,Argentina,15410,-34.44848604,-58.84609571,
Ingenio San Pablo,Tucumán,Argentina,15392,-26.86999221,-65.31089253,
Tupungato,Mendoza,Argentina,15323,-33.37284091,-69.14757429,
Capitán Sarmiento,Buenos Aires,Argentina,15296,-34.17127985,-59.79359868,
San Cristóbal,Santa Fe,Argentina,15288,-30.31168942,-61.23620625,
Berisso,Buenos Aires,Argentina,15280,-34.87029379,-57.88332535,
General Acha,La Pampa,Argentina,15204,-37.37821278,-64.60421873,
Villa San Luis,Buenos Aires,Argentina,15161,-34.85737721,-58.27381312,
Humahuaca,Jujuy,Argentina,15141,-23.20592951,-65.34745358,
Rauch,Buenos Aires,Argentina,15089,-36.77441471,-59.08828914,
General Pinedo,Chaco,Argentina,15033,-27.32538616,-61.28099828,
Villa Libertad,Buenos Aires,Argentina,15031,-34.58427841,-58.56261178,
Fraile Pintado,Jujuy,Argentina,14856,-23.94411649,-64.80303534,
Recreo,Catamarca,Argentina,14798,-29.27886026,-65.05861148,
General Fernández Oro,Río Negro,Argentina,14778,-38.95412107,-67.92922627,
Mendiolaza,Córdoba,Argentina,14651,-31.26404437,-64.30912777,
Oncativo,Córdoba,Argentina,14643,-31.9134321,-63.6820214,
Sáenz Peña,Buenos Aires,Argentina,14624,-34.60014857,-58.52763324,
Río Colorado,Río Negro,Argentina,14590,-38.9908343,-64.09582508,
Villa Ramallo,Buenos Aires,Argentina,14581,-33.49803274,-60.06555311,
La Carlota,Córdoba,Argentina,14547,-33.41797768,-63.29362894,
General Mosconi,Salta,Argentina,14496,-22.59616861,-63.81099938,
San Pedro,Misiones,Argentina,14496,-26.6255314,-54.11630191,
Comandante Andresito,Misiones,Argentina,14492,-25.66716484,-54.04986175,
Montecristo,Córdoba,Argentina,14456,-31.34198602,-63.9472253,
Lobería,Buenos Aires,Argentina,14453,-38.16338493,-58.7818468,
Chamical,La Rioja,Argentina,14437,-30.35943988,-66.31265828,
El Sauce,Mendoza,Argentina,14415,-32.87286369,-68.75375619,
General Cabrera,Córdoba,Argentina,14385,-32.81457295,-63.87495722,
San José de Feliciano,Entre Ríos,Argentina,14378,-30.38544374,-58.75025728,
Andalgalá,Catamarca,Argentina,14341,-27.58301893,-66.31543268,
Las Parejas,Santa Fe,Argentina,14314,-32.68294986,-61.52244902,
Vistalba,Mendoza,Argentina,14272,-33.04082632,-68.92536199,
San José de Jáchal,San Juan,Argentina,14206,-30.24174608,-68.74645648,
Villa Tulumaya,Mendoza,Argentina,14118,-32.7214492,-68.59577572,
Daireaux,Buenos Aires,Argentina,14106,-36.59963294,-61.74754241,
Sarmiento,Chubut,Argentina,14098,-45.58686791,-69.06894096,
Las Rosas,Santa Fe,Argentina,14096,-32.47505087,-61.57650817,
Puente de Hierro,Mendoza,Argentina,14045,-32.86747552,-68.67580868,
San José del Rincón,Santa Fe,Argentina,14019,-31.60650591,-60.56744194,
General Las Heras,Buenos Aires,Argentina,13994,-34.92690929,-58.94670695,
Lima,Buenos Aires,Argentina,13982,-34.04479489,-59.19614915,
América,Buenos Aires,Argentina,13957,-35.48916405,-62.97589168,
Mar del Tuyú,Buenos Aires,Argentina,13899,-36.57387698,-56.6908899,
El Carril,Salta,Argentina,13896,-25.07667191,-65.48923668,
Villa Castells,Buenos Aires,Argentina,13808,-34.8758418,-58.01089765,
San Javier,Misiones,Argentina,13754,-27.86948012,-55.13871524,
Tinogasta,Catamarca,Argentina,13711,-28.06556163,-67.56436898,
Santa María,Catamarca,Argentina,13687,-26.69452509,-66.04796693,
Máximo Paz,Buenos Aires,Argentina,13670,-34.93686944,-58.61887361,
Choele Choel,Río Negro,Argentina,13588,-39.29635539,-65.65767868,
La Lucila,Buenos Aires,Argentina,13554,-34.4986954,-58.48860219,
Laguna Paiva,Santa Fe,Argentina,13523,-31.30735775,-60.65992247,
Rada Tilly,Chubut,Argentina,13494,-45.92496645,-67.55372444,
La Ciénaga,Salta,Argentina,13458,-24.80113558,-65.46002295,
Barrio 9 de Julio,Mendoza,Argentina,13441,-32.9268078,-68.65659424,
Las Lajitas,Salta,Argentina,13389,-24.72740169,-64.19546598,
Clodomira,Santiago del Estero,Argentina,13384,-27.58056429,-64.13522558,
Chepes,La Rioja,Argentina,13281,-31.34097359,-66.59192316,
Pinamar,Buenos Aires,Argentina,13254,-37.11108112,-56.86523369,
Villa La Angostura,Neuquén,Argentina,13252,-40.76299584,-71.64100192,
El Corte,Tucumán,Argentina,13248,-26.8299851,-65.1564396,
Simoca,Tucumán,Argentina,13217,-27.26290402,-65.3579173,
Villa Berthet,Chaco,Argentina,13157,-27.2853227,-60.41597449,
Almafuerte,Córdoba,Argentina,13155,-32.19239047,-64.25574521,
Presidencia de la Plaza,Chaco,Argentina,13149,-26.99864313,-59.84637728,
Campo Quijano,Salta,Argentina,13124,-24.90813339,-65.64298302,
Panquehuá,Mendoza,Argentina,13084,-32.83951388,-68.83154073,
Oliva,Córdoba,Argentina,13008,-32.03825861,-63.57067645,
El Zapallar,Mendoza,Argentina,12935,-32.85854867,-68.82128438,
Capilla del Monte,Córdoba,Argentina,12921,-30.85686917,-64.52635052,
Carlos Tomás Sourigues,Buenos Aires,Argentina,12867,-34.80625235,-58.21538848,
Ugarteche,Mendoza,Argentina,12848,-33.21207015,-68.8913509,
Armstrong,Santa Fe,Argentina,12775,-32.78528907,-61.60330991,
General Deheza,Córdoba,Argentina,12733,-32.75632726,-63.78913255,
Villa Media Agua,San Juan,Argentina,12718,-31.98144683,-68.42667274,
La Consulta,Mendoza,Argentina,12707,-33.73384717,-69.11988526,
Saldán,Córdoba,Argentina,12685,-31.31530621,-64.30352868,
Pueblo Esther,Santa Fe,Argentina,12666,-33.07229303,-60.57499357,
El Dique,Buenos Aires,Argentina,12657,-34.89478776,-57.93426726,
Las Toscas,Santa Fe,Argentina,12635,-28.35489284,-59.25930167,
Puerto San Julián,Santa Cruz,Argentina,12581,-49.3140863,-67.71974422,
San Ignacio,Misiones,Argentina,12514,-27.25861333,-55.53897479,
Fray Luis Beltrán,Mendoza,Argentina,12449,-33.00664222,-68.64967144,
Calchaquí,Santa Fe,Argentina,12407,-29.88800929,-60.28311615,
Roque Pérez,Buenos Aires,Argentina,12344,-35.40057631,-59.33483215,
Villa Marqués Alejandro María de Aguado,Buenos Aires,Argentina,12337,-34.55636231,-58.53882484,
Corzuela,Chaco,Argentina,12309,-26.95130654,-60.97033827,
San Carlos Centro,Santa Fe,Argentina,12291,-31.72658762,-61.09073013,
Aguaray,Salta,Argentina,12243,-22.24487266,-63.73533441,
El Trébol,Santa Fe,Argentina,12226,-32.19804143,-61.7019156,
Calilegua,Jujuy,Argentina,12181,-23.77456886,-64.77003704,
Hipólito Yrigoyen,Salta,Argentina,12148,-23.24434315,-64.27655263,
Villa  Elisa,Entre Ríos,Argentina,12115,-32.16321874,-58.40053158,
Abasto,Buenos Aires,Argentina,12110,-34.98675913,-58.09086571,
Coronel Dorrego,Buenos Aires,Argentina,12092,-38.71879987,-61.28836025,
Santa Rosa,Corrientes,Argentina,12041,-28.26727891,-58.12272438,
Empedrado,Corrientes,Argentina,11977,-27.95070303,-58.80309521,
Río Primero,Córdoba,Argentina,11962,-31.33387179,-63.61857238,
Hernando,Córdoba,Argentina,11951,-32.4278814,-63.7334711,
El Libertador,Buenos Aires,Argentina,11938,-34.55542702,-58.61281079,
Batán,Buenos Aires,Argentina,11899,-38.00776208,-57.71050324,
La Colonia,Mendoza,Argentina,11834,-33.09894137,-68.48049952,
Villa Progreso,Buenos Aires,Argentina,11819,-34.9240533,-57.89988523,
Santa María de Punilla,Córdoba,Argentina,11792,-31.27563826,-64.46362726,
Justo Daract,San Luis,Argentina,11784,-33.86337403,-65.17805841,
Puerto Tirol,Chaco,Argentina,11772,-27.37404119,-59.08927616,
Barrio San Felipe,Tucumán,Argentina,11743,-26.872105,-65.23245353,
El Chorrillo,San Luis,Argentina,11743,-33.28889933,-66.26663598,
Vicuña Mackenna,Córdoba,Argentina,11741,-33.91564167,-64.38985456,
Pampa del Infierno,Chaco,Argentina,11740,-26.5035584,-61.17657245,
San Bernardo,Chaco,Argentina,11708,-27.28671932,-60.71284917,
Kilómetro 5 - Presidente Ortíz,Chubut,Argentina,11640,-45.81421534,-67.45599852,
Brinkmann,Córdoba,Argentina,11596,-30.86647958,-62.04310673,
Tapiales,Buenos Aires,Argentina,11588,-34.69905221,-58.50785754,
La Leonesa,Chaco,Argentina,11558,-27.03814872,-58.70724862,
Mina Clavero,Córdoba,Argentina,11540,-31.72942764,-65.00500034,
Villa General Belgrano,Córdoba,Argentina,11525,-31.97649281,-64.55905366,
Capilla del Señor,Buenos Aires,Argentina,11519,-34.29414004,-59.09927098,
Acasusso,Buenos Aires,Argentina,11506,-34.47822866,-58.50268001,
Leones,Córdoba,Argentina,11455,-32.65935527,-62.29726758,
Jesús Nazareno,Mendoza,Argentina,11414,-32.92379217,-68.78231374,
Junín,Mendoza,Argentina,11399,-33.14653115,-68.48726907,
Villa General Juan Gregorio de Las Heras,Buenos Aires,Argentina,11325,-34.56054044,-58.55854079,
La Rinconada,San Juan,Argentina,11321,-31.69046361,-68.586634,
Pedro Luro,Buenos Aires,Argentina,11277,-39.50149687,-62.67982877,
Ibarreta,Formosa,Argentina,11233,-25.21449976,-59.85889244,
Totoras,Santa Fe,Argentina,11214,-32.58427249,-61.16669974,
Viale,Entre Ríos,Argentina,11192,-31.87210903,-60.01295125,
Dos de Mayo,Misiones,Argentina,11108,-27.01993677,-54.68453097,
Abra Pampa,Jujuy,Argentina,11097,-22.72269227,-65.69703918,
Río Turbio,Santa Cruz,Argentina,11083,-51.53642264,-72.33785491,
Corral de Bustos,Córdoba,Argentina,11073,-33.28309285,-62.18654292,
Ranchos,Buenos Aires,Argentina,11038,-35.51640557,-58.31881552,
Tanti,Córdoba,Argentina,10949,-31.3547964,-64.59234725,
San Bernardo,Buenos Aires,Argentina,10943,-36.68679203,-56.67906087,
La Merced,Salta,Argentina,10943,-24.96694527,-65.48901418,
Salsipuedes,Córdoba,Argentina,10918,-31.1423536,-64.29741847,
Laguna Blanca,Formosa,Argentina,10903,-25.1262643,-58.24045728,
Villa del Totoral,Córdoba,Argentina,10850,-30.70462187,-64.06814144,
Santa Ana,Tucumán,Argentina,10838,-27.47362463,-65.68538529,
Bernardo de Irigoyen,Misiones,Argentina,10823,-26.2553302,-53.64673457,
José Hernández,Buenos Aires,Argentina,10799,-34.89885949,-58.01063546,
General Ramírez,Entre Ríos,Argentina,10777,-32.17726814,-60.20164674,
Colonia Segovia,Mendoza,Argentina,10752,-32.84760093,-68.71411238,
Villa San Andrés,Buenos Aires,Argentina,10734,-34.56507413,-58.54187095,
José Ingenieros,Buenos Aires,Argentina,10704,-34.61716826,-58.53594776,
San Roque,Mendoza,Argentina,10684,-33.03324079,-68.58612314,
Villa de Soto,Córdoba,Argentina,10667,-30.85523126,-64.98489144,
Senillosa,Neuquén,Argentina,10646,-39.01009292,-68.42597593,
Ex Ingenio San José,Tucumán,Argentina,10645,-26.80260572,-65.26793201,
Los Corralitos,Mendoza,Argentina,10632,-32.90106835,-68.69758187,
Campo Largo,Chaco,Argentina,10626,-26.80031049,-60.83901787,
Basavilbaso,Entre Ríos,Argentina,10613,-32.37215998,-58.87867182,
Los Pocitos,Tucumán,Argentina,10570,-26.78314087,-65.21690751,
Mayor Drummond,Mendoza,Argentina,10565,-33.01942031,-68.87574214,
25 de Mayo,La Pampa,Argentina,10536,-37.77490849,-67.71354038,
Santa Rosa,Catamarca,Argentina,10536,-28.44256109,-65.71083837,
Remedios de Escalada,Buenos Aires,Argentina,10510,-34.57097321,-58.61980343,
Puerto Vilelas,Chaco,Argentina,10504,-27.51083914,-58.94171591,
Villa San Carlos,Buenos Aires,Argentina,10474,-34.87697136,-57.87439712,
Playa Unión,Chubut,Argentina,10446,-43.3216607,-65.04788004,
Eduardo Castex,La Pampa,Argentina,10431,-35.91606308,-64.29557575,
Los Cardales,Buenos Aires,Argentina,10409,-34.33075431,-58.9870629,
Cruz de Piedra,Mendoza,Argentina,10372,-33.03024451,-68.78041704,
San José,Mendoza,Argentina,10354,-32.89100234,-68.82338524,
San Patricio del Chañar,Neuquén,Argentina,10346,-38.62587553,-68.299895,
San Francisco,Buenos Aires,Argentina,10329,-34.45484501,-58.95125961,
Urdinarrain,Entre Ríos,Argentina,10308,-32.6910461,-58.88842008,
Las Higueras,Córdoba,Argentina,10307,-33.08980388,-64.28536231,
Suipacha,Buenos Aires,Argentina,10260,-34.76881459,-59.68682935,
Taco Pozo,Chaco,Argentina,10234,-25.61503513,-63.26485755,
Barrio Las Tunas,Salta,Argentina,10204,-24.86143159,-65.39990115,
Ranchillos,Tucumán,Argentina,10168,-26.95721492,-65.04449267,
Pedro Molina,Mendoza,Argentina,10163,-32.87929294,-68.82070832,
Maipú,Buenos Aires,Argentina,10099,-36.8629587,-57.88312332,
Ingeniero White,Buenos Aires,Argentina,10087,-38.77949236,-62.26558069,
Villa Astolfi,Buenos Aires,Argentina,10080,-34.48410322,-58.87460571,
Campo Grande,Misiones,Argentina,10031,-27.20795948,-54.9797024,
Henderson,Buenos Aires,Argentina,9974,-36.29817712,-61.71856239,
Adolfo Gonzales Chaves,Buenos Aires,Argentina,9972,-38.03237073,-60.09939193,
San Roque,Corrientes,Argentina,9964,-28.56930323,-58.70513498,
Lamarque,Río Negro,Argentina,9949,-39.42515405,-65.70214506,
Vedia,Buenos Aires,Argentina,9912,-34.49790718,-61.5423106,
San Lorenzo,Salta,Argentina,9879,-24.73122988,-65.48631441,
La Paz,Mendoza,Argentina,9866,-33.46169564,-67.55227681,
La Cruz,Corrientes,Argentina,9851,-29.17862913,-56.63829499,
San Andrés,Tucumán,Argentina,9844,-26.88817872,-65.19355203,
Santa Clara del Mar,Buenos Aires,Argentina,9838,-37.83438017,-57.50749026,
Frontera,Santa Fe,Argentina,9827,-31.4264633,-62.05920934,
Apolinario Saravia,Salta,Argentina,9767,-24.43077745,-63.99494536,
Nueva Esperanza,Santiago del Estero,Argentina,9697,-26.20018536,-64.24001755,
Huinca Renancó,Córdoba,Argentina,9670,-34.84131821,-64.37467424,
Villa Cañás,Santa Fe,Argentina,9646,-34.0042772,-61.60582828,
Justiniano Posse,Córdoba,Argentina,9614,-32.88344973,-62.67961368,
Villa Brown,Buenos Aires,Argentina,9609,-34.87129631,-58.27549451,
Coronel Moldes,Córdoba,Argentina,9605,-33.62272852,-64.59704814,
Carhué,Buenos Aires,Argentina,9587,-37.17948326,-62.75999039,
Kilómetro 3 - General Mosconi,Chubut,Argentina,9585,-45.83967078,-67.47389557,
Bovril,Entre Ríos,Argentina,9583,-31.34357968,-59.44638977,
General La Madrid,Buenos Aires,Argentina,9572,-37.24966728,-61.26219921,
Laprida,Buenos Aires,Argentina,9539,-37.544226,-60.80102733,
Comandante Luis Piedrabuena,Santa Cruz,Argentina,9532,-49.98557699,-68.9092993,
Quines,San Luis,Argentina,9521,-32.23285587,-65.80503669,
Trevelín,Chubut,Argentina,9508,-43.07916135,-71.46403292,
28 de Noviembre,Santa Cruz,Argentina,9479,-51.5796139,-72.21164039,
Tapalqué,Buenos Aires,Argentina,9457,-36.35623598,-60.0251124,
Alberti,Buenos Aires,Argentina,9427,-35.03157462,-60.28028602,
Embalse,Córdoba,Argentina,9424,-32.20674699,-64.40064261,
Manzanares,Buenos Aires,Argentina,9418,-34.45038317,-59.00704169,
Mburucuyá,Corrientes,Argentina,9363,-28.04685758,-58.23030567,
Turdera,Buenos Aires,Argentina,9339,-34.79098618,-58.40519471,
General Alvear,Buenos Aires,Argentina,9324,-36.02174188,-60.01450538,
Suncho Corral,Santiago del Estero,Argentina,9292,-27.93284571,-63.4301522,
María Grande,Entre Ríos,Argentina,9291,-31.6628075,-59.9040146,
Colonia Avellaneda,Entre Ríos,Argentina,9276,-31.76264929,-60.41198121,
Nueva Ciudad,Mendoza,Argentina,9268,-32.89371925,-68.80893388,
Zelaya,Buenos Aires,Argentina,9267,-34.37156648,-58.86945037,
Villa Santa Rosa,Córdoba,Argentina,9237,-31.15352766,-63.3994126,
San Guillermo,Santa Fe,Argentina,9236,-30.35845401,-61.9173193,
Coronel Du Graty,Chaco,Argentina,9231,-27.68221341,-60.90434221,
Florentino Ameghino,Buenos Aires,Argentina,9221,-34.84537242,-62.46715684,
Ex Ingenio Los Ralos,Tucumán,Argentina,9164,-26.88868035,-64.99552809,
Sauce,Corrientes,Argentina,9146,-30.08553472,-58.78728078,
Joaquín Gorina,Buenos Aires,Argentina,9105,-34.90544723,-58.04363678,
Itatí,Corrientes,Argentina,9055,-27.26921666,-58.24242127,
Aimogasta,La Rioja,Argentina,9048,-28.55376026,-66.81343297,
Kilómetro 11,Mendoza,Argentina,9042,-32.93024345,-68.72997132,
Verónica,Buenos Aires,Argentina,8872,-35.38740966,-57.33817161,
La Toma,San Luis,Argentina,8779,-33.05449673,-65.62137564,
Campo Gallo,Santiago del Estero,Argentina,8768,-26.58395254,-62.84705015,
Malagueño,Córdoba,Argentina,8760,-31.46739928,-64.3590212,
Ibarlucea,Santa Fe,Argentina,8736,-32.85186411,-60.78547991,
25 de Mayo,Misiones,Argentina,8665,-27.3781787,-54.74487752,
Mocoretá,Corrientes,Argentina,8665,-30.61667716,-57.97536257,
El Quebrachal,Salta,Argentina,8656,-25.33199858,-64.01764937,
Loma Verde,Buenos Aires,Argentina,8652,-34.33070095,-58.84580795,
Sampacho,Córdoba,Argentina,8641,-33.38402276,-64.72287827,
Romang,Santa Fe,Argentina,8634,-29.4995979,-59.74770238,
Salliqueló,Buenos Aires,Argentina,8623,-36.75151338,-62.95913114,
Puerto Piray,Misiones,Argentina,8620,-26.46733861,-54.71802675,
Fátima,Buenos Aires,Argentina,8613,-34.42788316,-58.9936682,
Bandera,Santiago del Estero,Argentina,8571,-28.88809173,-62.26902527,
Beltrán,Santiago del Estero,Argentina,8567,-27.8268338,-64.0587601,
La Cocha,Tucumán,Argentina,8562,-27.77001033,-65.58844135,
Campo Viera,Misiones,Argentina,8556,-27.33097161,-55.05425203,
Tres Lomas,Buenos Aires,Argentina,8535,-36.45918933,-62.86257617,
Intendente Alvear,La Pampa,Argentina,8515,-35.23467944,-63.59208744,
Bialet Massé,Córdoba,Argentina,8505,-31.31390531,-64.46403502,
Monte Maíz,Córdoba,Argentina,8461,-33.20424512,-62.60048309,
Sierra Grande,Río Negro,Argentina,8419,-41.60545994,-65.35702377,
Canals,Córdoba,Argentina,8415,-33.56217263,-62.88508561,
Santa Sylvina,Chaco,Argentina,8409,-27.83161098,-61.13600037,
Malabrigo,Santa Fe,Argentina,8393,-29.34879556,-59.96990526,
Yuto,Jujuy,Argentina,8357,-23.64280189,-64.47164195,
Gobernador Benegas,Mendoza,Argentina,8334,-32.94306265,-68.84663566,
San Cayetano,Buenos Aires,Argentina,8322,-38.34578925,-59.60675988,
Realicó,La Pampa,Argentina,8301,-35.03821437,-64.24630752,
Nonogasta,La Rioja,Argentina,8291,-29.30220944,-67.50619077,
Maciá,Entre Ríos,Argentina,8274,-32.17468422,-59.39797045,
Ingeniero Luis Augusto Huergo,Río Negro,Argentina,8266,-39.07324002,-67.23868382,
Ángel Etcheverry,Buenos Aires,Argentina,8260,-35.02448088,-58.07813794,
Villa Cura Brochero,Córdoba,Argentina,8232,-31.70646073,-65.01860639,
Palo Santo,Formosa,Argentina,8215,-25.56459388,-59.3377191,
General Pinto,Buenos Aires,Argentina,8205,-34.76433158,-61.89162807,
Paso de la Patria,Corrientes,Argentina,8192,-27.31737426,-58.57256415,
La Reducción,Tucumán,Argentina,8189,-26.95760274,-65.35055065,
Savoia,Buenos Aires,Argentina,8174,-34.86185736,-58.03650496,
Castelli,Buenos Aires,Argentina,8132,-36.09091785,-57.807479,
Coronel Vidal,Buenos Aires,Argentina,8124,-37.4465162,-57.72939177,
Helvecia,Santa Fe,Argentina,8113,-31.10235837,-60.08889216,
Ingeniero Forres,Santiago del Estero,Argentina,8106,-27.87456636,-63.97737329,
Luis Beltrán,Río Negro,Argentina,8098,-39.31070592,-65.76356381,
Ingeniero Jacobacci,Río Negro,Argentina,8098,-41.33059814,-69.54706362,
Salto de las Rosas,Mendoza,Argentina,8077,-34.72546158,-68.23125398,
Estación Camet,Buenos Aires,Argentina,8044,-37.88842215,-57.60694644,
El Soberbio,Misiones,Argentina,8004,-27.29751104,-54.19754562,
Adelia María,Córdoba,Argentina,8000,-33.63203039,-64.02167801,
Eugenio Bustos,Mendoza,Argentina,7996,-33.77888531,-69.06527503,
Huerta Grande,Córdoba,Argentina,7967,-31.07528947,-64.49082801,
Alvear,Corrientes,Argentina,7965,-29.09883935,-56.55343584,
Laguna Larga,Córdoba,Argentina,7946,-31.77569945,-63.80032654,
Concepción de la Sierra,Misiones,Argentina,7940,-27.98057839,-55.52158822,
Comandante Fontana,Formosa,Argentina,7937,-25.33064038,-59.68098977,
Sumampa,Santiago del Estero,Argentina,7935,-29.3825568,-63.47483716,
Monte Hermoso,Buenos Aires,Argentina,7914,-38.98666325,-61.29092875,
Costa de Araujo,Mendoza,Argentina,7911,-32.75764031,-68.40827187,
Arturo Seguí,Buenos Aires,Argentina,7880,-34.89134721,-58.13193574,
Villa Bernardo Monteagudo,Buenos Aires,Argentina,7855,-34.58953291,-58.54087131,
Garuhapé,Misiones,Argentina,7834,-26.82112566,-54.95774543,
Perito Moreno,Santa Cruz,Argentina,7818,-46.59381697,-70.92991168,
General Daniel Cerri,Buenos Aires,Argentina,7809,-38.71936555,-62.39530898,
Colombres,Tucumán,Argentina,7808,-26.88542424,-65.0998334,
Freyre,Córdoba,Argentina,7797,-31.16457226,-62.09631885,
El Carmen,Buenos Aires,Argentina,7771,-34.93028122,-57.88531102,
Arias,Córdoba,Argentina,7760,-33.64207292,-62.40411947,
Despeñaderos,Córdoba,Argentina,7713,-31.81428055,-64.294775,
Villa Adelina,Santa Fe,Argentina,7700,-31.72103018,-60.80158876,
Villa Ojo de Agua,Santiago del Estero,Argentina,7697,-29.50280738,-63.69496837,
Suardi,Santa Fe,Argentina,7696,-30.5344238,-61.96100543,
Alcorta,Santa Fe,Argentina,7680,-33.53817811,-61.12392791,
Larroque,Entre Ríos,Argentina,7679,-33.03652153,-58.9990862,
Tornquist,Buenos Aires,Argentina,7669,-38.10128142,-62.22295433,
Margarita Belén,Chaco,Argentina,7642,-27.25905683,-58.97055474,
Río Seco,Tucumán,Argentina,7630,-27.26840118,-65.55735396,
Villa Libertador San Martín,Entre Ríos,Argentina,7618,-32.07344218,-60.46591652,
Villa Dolores,Buenos Aires,Argentina,7585,-34.87873056,-57.86737605,
Colonia Gutiérrez,San Juan,Argentina,7573,-31.52728683,-68.47222273,
Villa de Trancas,Tucumán,Argentina,7546,-26.23090816,-65.28344664,
Santa Ana,Misiones,Argentina,7546,-27.36921378,-55.5817097,
Oro Verde,Entre Ríos,Argentina,7544,-31.8227547,-60.51753343,
Tafí del Valle,Tucumán,Argentina,7512,-26.85194489,-65.71069016,
Las Vegas,Mendoza,Argentina,7511,-33.01474923,-69.27224526,
Anisacate,Córdoba,Argentina,7504,-31.72550253,-64.414069,
Vaqueros,Salta,Argentina,7489,-24.69647538,-65.41061987,
Berrotarán,Córdoba,Argentina,7460,-32.45284174,-64.38793911,
Sierras de Encalada,Mendoza,Argentina,7455,-32.99395221,-68.93273437,
Chabas,Santa Fe,Argentina,7423,-33.24584004,-61.35885182,
Villa Los Llanos,Córdoba,Argentina,7412,-31.27646543,-64.16090489,
Villa Argüello,Buenos Aires,Argentina,7385,-34.90693316,-57.9163482,
Cruz Alta,Córdoba,Argentina,7367,-33.00839973,-61.80577928,
Villa Giardino,Córdoba,Argentina,7344,-31.05027193,-64.49678539,
Comandante Nicanor Otamendi,Buenos Aires,Argentina,7342,-38.11054978,-57.84124561,
Santa Rosa del Conlara,San Luis,Argentina,7330,-32.34283335,-65.2089059,
Villa General Antonio José de Sucre,Buenos Aires,Argentina,7269,-34.54593862,-58.56870847,
Arequito,Santa Fe,Argentina,7267,-33.14480039,-61.46950718,
Florencia,Santa Fe,Argentina,7262,-28.04063182,-59.21801476,
El Bordo,Salta,Argentina,7260,-24.65988442,-65.10647063,
El Galpón,Salta,Argentina,7251,-25.38062519,-64.65161925,
La Cumbre,Córdoba,Argentina,7238,-30.98213378,-64.49419759,
Las Toninas,Buenos Aires,Argentina,7220,-36.48834058,-56.70497194,
Pozo del Tigre,Formosa,Argentina,7214,-24.89555355,-60.31918452,
Campo Santo,Salta,Argentina,7190,-24.6829668,-65.10494472,
Valle Hermoso,Córdoba,Argentina,7189,-31.1139612,-64.48515894,
San Jerónimo Norte,Santa Fe,Argentina,7173,-31.55270792,-61.07792354,
Miraflores,Chaco,Argentina,7172,-25.64942498,-60.93018745,
Open Door,Buenos Aires,Argentina,7158,-34.49149197,-59.07750546,
Devoto,Córdoba,Argentina,7132,-31.40178216,-62.3062227,
Villa Zula,Buenos Aires,Argentina,7124,-34.88297556,-57.84471632,
Luque,Córdoba,Argentina,7120,-31.64772629,-63.34508172,
Empalme Villa Constitución,Santa Fe,Argentina,7092,-33.26116908,-60.37960473,
San Carlos,Mendoza,Argentina,7091,-33.77206662,-69.04039153,
Monte Buey,Córdoba,Argentina,7060,-32.91563744,-62.45490096,
Villa Quinteros,Tucumán,Argentina,7055,-27.25288914,-65.54920352,
Avia Terai,Chaco,Argentina,7046,-26.68665167,-60.72803083,
Santa Lucía,Tucumán,Argentina,7026,-27.09277437,-65.5325184,
Hermoso Campo,Chaco,Argentina,7014,-27.61001638,-61.34423586,
San José,Misiones,Argentina,6947,-27.7699944,-55.78030371,
Balnearia,Córdoba,Argentina,6940,-31.0128514,-62.66537409,
Pampa de los Guanacos,Santiago del Estero,Argentina,6934,-26.23018228,-61.83647412,
Tintina,Santiago del Estero,Argentina,6928,-27.02628988,-62.70640535,
Colonia Campo Villafañe,Formosa,Argentina,6881,-26.20468688,-59.08002518,
Vista Flores,Mendoza,Argentina,6871,-33.65087575,-69.1557604,
Villa Independencia,Buenos Aires,Argentina,6867,-34.88216802,-57.8595092,
Agrelo,Mendoza,Argentina,6842,-33.120289,-68.88912012,
Carlos Tejedor,Buenos Aires,Argentina,6829,-35.39148631,-62.41995346,
Álvarez,Santa Fe,Argentina,6817,-33.12809012,-60.80618998,
Ex Ingenio Nueva Baviera,Tucumán,Argentina,6790,-27.07056462,-65.39967431,
Lago Puelo,Chubut,Argentina,6781,-42.06013216,-71.59714003,
11 de Septiembre,Buenos Aires,Argentina,6753,-34.56599425,-58.61859626,
Barrio San Rafael,Salta,Argentina,6721,-24.8152864,-65.46122102,
San José de la Esquina,Santa Fe,Argentina,6712,-33.1122799,-61.70266312,
Sauce Viejo,Santa Fe,Argentina,6693,-31.7710935,-60.83714368,
Los Frentones,Chaco,Argentina,6685,-26.40706801,-61.41288058,
Tilisarao,San Luis,Argentina,6685,-32.73124992,-65.29134069,
Alcira Gigena,Córdoba,Argentina,6681,-32.75882923,-64.33403342,
Villa Kilómetro 213,Formosa,Argentina,6674,-26.18716569,-59.36715548,
Valeria del Mar,Buenos Aires,Argentina,6663,-37.14565062,-56.88197372,
Puerto Libertad,Misiones,Argentina,6645,-25.92146815,-54.58431761,
Zavalla,Santa Fe,Argentina,6626,-33.01963189,-60.87849701,
General Conesa,Río Negro,Argentina,6624,-40.106186,-64.45301411,
Gaiman,Chubut,Argentina,6619,-43.2916168,-65.49837087,
Bowen,Mendoza,Argentina,6559,-35.0003486,-67.51034048,
Arana,Buenos Aires,Argentina,6549,-34.99960341,-57.89246551,
Laborde,Córdoba,Argentina,6532,-33.15483984,-62.85747619,
La Floresta,Córdoba,Argentina,6522,-31.39684711,-64.0598691,
Riacho He-Hé,Formosa,Argentina,6505,-25.36065678,-58.27979591,
Añelo,Neuquén,Argentina,6500,-38.3542559,-68.78754308,
Villa Parque Sicardi,Buenos Aires,Argentina,6494,-34.98749087,-57.85975234,
Los Barriales,Mendoza,Argentina,6488,-33.09967935,-68.56880597,
Gobernador Crespo,Santa Fe,Argentina,6466,-30.36295355,-60.40023978,
Teodelina,Santa Fe,Argentina,6454,-34.18957331,-61.5265216,
Franck,Santa Fe,Argentina,6406,-31.58718968,-60.9383404,
Las Grutas,Río Negro,Argentina,6398,-40.80908709,-65.08807401,
Villa Huidobro,Córdoba,Argentina,6390,-34.84052061,-64.58710002,
Santa Rosa de Calchines,Santa Fe,Argentina,6389,-31.42038633,-60.33268311,
Estanislao del Campo,Formosa,Argentina,6383,-25.05354627,-60.09063852,
Cuadro Nacional,Mendoza,Argentina,6356,-34.61713789,-68.2753743,
Concarán,San Luis,Argentina,6352,-32.5608764,-65.24454733,
Barrio Próspero Palazzo,Chubut,Argentina,6349,-45.79573617,-67.47057307,
Pellegrini,Buenos Aires,Argentina,6343,-36.26791419,-63.1647219,
Porteña,Córdoba,Argentina,6319,-31.01404931,-62.06204453,
Villa Ibáñez,San Juan,Argentina,6312,-31.46569242,-68.73471427,
Mayor Buratovich,Buenos Aires,Argentina,6311,-39.26086964,-62.61524747,
Ex Ingenio Esperanza,Tucumán,Argentina,6310,-26.84502189,-65.08909465,
Villa Godoy Cruz,Buenos Aires,Argentina,6308,-34.54274856,-58.57652303,
Hernandarias,Entre Ríos,Argentina,6305,-31.23000825,-59.98828645,
La Trinidad,Tucumán,Argentina,6304,-27.41428557,-65.5167751,
Darregueira,Buenos Aires,Argentina,6300,-37.689453,-63.16102681,
Caimancito,Jujuy,Argentina,6295,-23.73993747,-64.59160053,
Loncopué,Neuquén,Argentina,6291,-38.07308962,-70.61444659,
Villa Basilio Nievas,San Juan,Argentina,6285,-31.5502101,-68.73132859,
Villa Atamisqui,Santiago del Estero,Argentina,6278,-28.49644405,-63.81732856,
Nuestra Señora del Rosario de Caá Catí,Corrientes,Argentina,6272,-27.75215085,-57.62199816,
Victorica,La Pampa,Argentina,6259,-36.21653687,-65.43708642,
Monte Vera,Santa Fe,Argentina,6243,-31.51680157,-60.6786765,
San Isidro,Catamarca,Argentina,6236,-28.4577534,-65.72497604,
Villa del Carmen,Formosa,Argentina,6221,-26.25077586,-58.25709977,
Concepción del Bermejo,Chaco,Argentina,6179,-26.60033059,-60.94617696,
Pueblo Independencia,Tucumán,Argentina,6167,-27.2195211,-65.52732927,
Las Palmas,Chaco,Argentina,6160,-27.04875097,-58.68239602,
San Nicolás,Córdoba,Argentina,6158,-31.43580067,-64.44992462,
Villa Nacusi,San Juan,Argentina,6154,-31.59550885,-68.53563752,
San Antonio de los Cobres,Salta,Argentina,6151,-24.21614428,-66.32106449,
Villa Minetti,Santa Fe,Argentina,6143,-28.62296122,-61.62676349,
Villa General Manuel Belgrano,Formosa,Argentina,6141,-24.93853386,-59.02638929,
Villa de María,Córdoba,Argentina,6129,-29.90652313,-63.72256197,
Uspallata,Mendoza,Argentina,6115,-32.59113285,-69.3478325,
Correa,Santa Fe,Argentina,6104,-32.84861772,-61.25449734,
Pavón,Buenos Aires,Argentina,6094,-34.39317986,-59.03470405,
Wheelwright,Santa Fe,Argentina,6094,-33.79230943,-61.21069518,
Médanos,Buenos Aires,Argentina,6089,-38.82926494,-62.6933096,
Ucacha,Córdoba,Argentina,6088,-33.03144005,-63.50611989,
Las Lajas,Neuquén,Argentina,6059,-38.52341495,-70.36164064,
James Craik,Córdoba,Argentina,6047,-32.16143135,-63.46796982,
Cerrito,Entre Ríos,Argentina,6038,-31.57993903,-60.0755467,
Los Nogales,Tucumán,Argentina,6029,-26.70719739,-65.22105268,
Villalonga,Buenos Aires,Argentina,6023,-39.91757404,-62.61877069,
San Miguel,Corrientes,Argentina,6016,-27.99832593,-57.5873113,
El Peligro,Buenos Aires,Argentina,6010,-34.95206896,-58.16992947,
Villa Chacabuco,Buenos Aires,Argentina,6007,-34.58201471,-58.52717186,
Aluminé,Neuquén,Argentina,6000,-39.2384698,-70.91595262,
Coronel Juan Solá,Salta,Argentina,5989,-23.47047796,-62.88790587,
Villa Santa Rosa,San Juan,Argentina,5978,-31.74481777,-68.31429108,
Maciel,Santa Fe,Argentina,5975,-32.45684176,-60.8924602,
San Vicente,Santa Fe,Argentina,5972,-31.69916036,-61.56737401,
Villa General Mitre,Santiago del Estero,Argentina,5970,-29.14175381,-62.65454847,
Ricardone,Santa Fe,Argentina,5964,-32.77063255,-60.78407188,
El Borbollón,Mendoza,Argentina,5942,-32.80655878,-68.76628064,
Fighiera,Santa Fe,Argentina,5941,-33.19386212,-60.46943805,
Santa Clara,Jujuy,Argentina,5927,-24.30937014,-64.66184587,
San José de la Dormida,Córdoba,Argentina,5914,-30.35626941,-63.95029281,
Cordón del Plata,Mendoza,Argentina,5908,-33.46243046,-69.14325907,
9 de Julio,San Juan,Argentina,5891,-31.66975052,-68.39004171,
Alejandro Roca,Córdoba,Argentina,5885,-33.35356114,-63.71773459,
Elortondo,Santa Fe,Argentina,5858,-33.70198372,-61.61505796,
Tolhuin,Tierra del Fuego,Argentina,5856,-54.51143946,-67.19517198,
Quilino,Córdoba,Argentina,5845,-30.21417418,-64.49936825,
General Levalle,Córdoba,Argentina,5845,-34.00707479,-63.9234765,
San Antonio de Arredondo,Córdoba,Argentina,5836,-31.48279188,-64.52781048,
Colonia Dora,Santiago del Estero,Argentina,5834,-28.60402322,-62.95041814,
Lavalle,Corrientes,Argentina,5819,-29.02333122,-59.17915427,
Los Altos,Catamarca,Argentina,5816,-28.04500704,-65.49763622,
San Francisco de Laishi,Formosa,Argentina,5814,-26.24386704,-58.62961305,
General Galarza,Entre Ríos,Argentina,5796,-32.72048466,-59.39570656,
Chumbicha,Catamarca,Argentina,5794,-28.85319303,-66.23756252,
Noetinger,Córdoba,Argentina,5793,-32.36602249,-62.30717484,
Barrio El Remanso - Barrio Los Pinos,Buenos Aires,Argentina,5792,-34.38977171,-59.0807783,
Carlos Pellegrini,Santa Fe,Argentina,5791,-32.05045179,-61.78273095,
Villa San Agustín,San Juan,Argentina,5775,-30.63464056,-67.46782129,
San Antonio,Misiones,Argentina,5773,-26.0573709,-53.73411953,
La Merced del Encón,Salta,Argentina,5764,-24.87280892,-65.5632224,
Sastre,Santa Fe,Argentina,5761,-31.76757528,-61.82887626,
Chicoana,Salta,Argentina,5738,-25.10266729,-65.53504701,
Los Berros,San Juan,Argentina,5730,-31.95283072,-68.65414747,
Concepción del Yaguareté Corá,Corrientes,Argentina,5709,-28.39320086,-57.88691686,
Lezama,Buenos Aires,Argentina,5708,-35.87286557,-57.89698434,
San Pedro de Colalao,Tucumán,Argentina,5706,-26.23496085,-65.49476577,
Gancedo,Chaco,Argentina,5687,-27.48741445,-61.67669671,
El Espinillo,Formosa,Argentina,5674,-24.98148285,-58.55256159,
Tancacha,Córdoba,Argentina,5668,-32.23758481,-63.97986577,
Makallé,Chaco,Argentina,5663,-27.20578492,-59.2870861,
Puán,Buenos Aires,Argentina,5658,-37.54809502,-62.76833647,
Acébal,Santa Fe,Argentina,5648,-33.24176396,-60.83648037,
Tilcara,Jujuy,Argentina,5648,-23.57689516,-65.39337293,
Barrio América Unida,Buenos Aires,Argentina,5645,-34.88323407,-58.41777759,
Las Catitas,Mendoza,Argentina,5639,-33.29384256,-68.04851817,
Los Juríes,Santiago del Estero,Argentina,5632,-28.46292643,-62.11024017,
Manzone,Buenos Aires,Argentina,5621,-34.49643542,-58.87543461,
Hasenkamp,Entre Ríos,Argentina,5602,-31.51216887,-59.83528279,
Bigand,Santa Fe,Argentina,5599,-33.37403667,-61.18474685,
30 de Agosto,Buenos Aires,Argentina,5597,-36.27864764,-62.545224,
Norberto de la Riestra,Buenos Aires,Argentina,5580,-35.27333142,-59.77555307,
Las Garcitas,Chaco,Argentina,5577,-26.61806778,-59.79904232,
Macachín,La Pampa,Argentina,5575,-37.13697913,-63.66673885,
Russell,Mendoza,Argentina,5562,-33.00584569,-68.79662565,
El Zanjón,Santiago del Estero,Argentina,5555,-27.87095531,-64.24319709,
Arcadia,Tucumán,Argentina,5544,-27.30591755,-65.57684929,
Villa Unión,La Rioja,Argentina,5530,-29.31775534,-68.22774838,
Humberto Primo,Santa Fe,Argentina,5526,-30.8683328,-61.34794284,
Cañada Rosquín,Santa Fe,Argentina,5520,-32.05436829,-61.60185924,
Maimará,Jujuy,Argentina,5495,-23.62454103,-65.40881586,
Dina Huapi,Río Negro,Argentina,5491,-41.07371981,-71.15749115,
Timbúes,Santa Fe,Argentina,5463,-32.66781216,-60.79364644,
Ibicuy,Entre Ríos,Argentina,5456,-33.74247686,-59.15759021,
Gobernador Gregores,Santa Cruz,Argentina,5417,-48.75089734,-70.24851966,
Villa Guillermina,Santa Fe,Argentina,5405,-28.24452435,-59.45148129,
Puerto Santa Cruz,Santa Cruz,Argentina,5405,-50.01865875,-68.52136423,
Las Perdices,Córdoba,Argentina,5396,-32.69895583,-63.7046742,
Capdevila,Mendoza,Argentina,5386,-32.80553228,-68.82688971,
Barrancas,Santa Fe,Argentina,5363,-32.23458076,-60.98351492,
Pozo del Molle,Córdoba,Argentina,5358,-32.02133658,-62.9193088,
Chañar Ladeado,Santa Fe,Argentina,5352,-33.3261685,-62.03523217,
Barreal  - Villa Pituil,San Juan,Argentina,5348,-31.64473598,-69.47207795,
Pilar,Santa Fe,Argentina,5310,-31.44041069,-61.25959806,
Toledo,Córdoba,Argentina,5286,-31.55378381,-64.00737095,
Medrano,Mendoza,Argentina,5284,-33.18104652,-68.61498321,
Pérez Millán,Buenos Aires,Argentina,5270,-33.77019393,-60.09374105,
Villa Río Bermejito,Chaco,Argentina,5269,-25.63755493,-60.26543677,
Palma Sola,Jujuy,Argentina,5266,-23.97773824,-64.30456173,
General Lagos,Santa Fe,Argentina,5251,-33.11004304,-60.56455784,
San Gregorio,Santa Fe,Argentina,5238,-34.3253785,-62.03581324,
Villa Raffo,Buenos Aires,Argentina,5219,-34.60840047,-58.53091476,
Laguna Yema,Formosa,Argentina,5218,-24.25552463,-61.24198511,
Tres Porteñas,Mendoza,Argentina,5209,-32.89936646,-68.38855479,
Jovita,Córdoba,Argentina,5201,-34.51881462,-63.94403947,
Aeropuerto Internacional Ezeiza,Buenos Aires,Argentina,5191,-34.79250354,-58.52463963,
El Rincón,Buenos Aires,Argentina,5180,-34.88771566,-58.09974596,
Olta,La Rioja,Argentina,5179,-30.63067641,-66.26725109,
San Genaro Norte,Santa Fe,Argentina,5168,-32.36495218,-61.33716718,
Riachuelo,Corrientes,Argentina,5163,-27.58043494,-58.74311683,
Lucas González,Entre Ríos,Argentina,5078,-32.38439373,-59.53084704,
Colonia El Simbolar,Santiago del Estero,Argentina,5077,-27.7275668,-63.85875967,
San Francisco del Monte de Oro,San Luis,Argentina,5077,-32.60034645,-66.12708755,
Salto Encantado,Misiones,Argentina,5072,-27.08732258,-54.83336733,
Perugorría,Corrientes,Argentina,5070,-29.34084788,-58.60820365,
Colonia Las Rosas,Mendoza,Argentina,5055,-33.60563864,-69.10442623,
Barrio Morabo,Buenos Aires,Argentina,5050,-34.55668517,-58.93838502,
Villa del Dique,Córdoba,Argentina,5047,-32.17635122,-64.4569385,
Casbas,Buenos Aires,Argentina,5044,-36.75770035,-62.50438246,
Real del Padre,Mendoza,Argentina,5041,-34.84253207,-67.76892487,
Oliveros,Santa Fe,Argentina,5040,-32.57393343,-60.85464232,
General Arenales,Buenos Aires,Argentina,5001,-34.303324,-61.30703389,
Villa El Salvador,San Juan,Argentina,5000,-31.45528212,-68.4046421,
Huanguelén,Buenos Aires,Argentina,4969,-37.05887526,-61.93254112,
Ingeniero Luiggi,La Pampa,Argentina,4966,-35.38847115,-64.46737057,
Camilo Aldao,Córdoba,Argentina,4946,-33.12758622,-62.09484085,
Domselaar,Buenos Aires,Argentina,4945,-35.07389378,-58.29045838,
La Carmencita,Buenos Aires,Argentina,4941,-37.25207208,-56.9877986,
Santa Catalina Holmberg,Córdoba,Argentina,4936,-33.20518997,-64.43782868,
Ballesteros,Córdoba,Argentina,4908,-32.54169705,-62.98081087,
Itá Ibaté,Corrientes,Argentina,4897,-27.42587602,-57.33812681,
Capioví,Misiones,Argentina,4870,-26.92831511,-55.05729812,
Villa de las Rosas,Córdoba,Argentina,4852,-31.94708654,-65.05211534,
Catriló,La Pampa,Argentina,4813,-36.40667777,-63.4233371,
Los Sarmiento,Tucumán,Argentina,4806,-27.41478985,-65.69319707,
María Juana,Santa Fe,Argentina,4805,-31.67560822,-61.7516795,
Humboldt,Santa Fe,Argentina,4797,-31.40085842,-61.08229817,
Hughes,Santa Fe,Argentina,4795,-33.80120118,-61.33613321,
Presidencia Roca,Chaco,Argentina,4781,-26.14371538,-59.59502918,
Pozo Hondo,Santiago del Estero,Argentina,4775,-27.16706536,-64.49076281,
La Primavera,Mendoza,Argentina,4774,-32.92213696,-68.67109788,
San Martín II,Formosa,Argentina,4769,-24.4337341,-59.65490479,
Villa Sarmiento,Córdoba,Argentina,4748,-31.93624111,-65.19309831,
Alto Verde,Tucumán,Argentina,4738,-27.37762651,-65.60812166,
Santa Isabel,Santa Fe,Argentina,4735,-33.88765818,-61.69593733,
Santo Pipó,Misiones,Argentina,4734,-27.14012399,-55.40850929,
Cayastá,Santa Fe,Argentina,4729,-31.20075066,-60.15935379,
Ascensión,Buenos Aires,Argentina,4714,-34.23095226,-61.10322098,
Cerro Azul,Misiones,Argentina,4706,-27.63357524,-55.49741599,
San Jaime de la Frontera,Entre Ríos,Argentina,4703,-30.34034014,-58.30692916,
Los Antiguos,Santa Cruz,Argentina,4688,-46.55107566,-71.63127081,
Laguna Naick-Neck,Formosa,Argentina,4685,-25.22273689,-58.12101582,
Rama Caída,Mendoza,Argentina,4681,-34.70139955,-68.36868317,
General Pizarro,Salta,Argentina,4677,-24.22750861,-63.98855905,
Etruria,Córdoba,Argentina,4659,-32.93923162,-63.24500803,
Pampa Blanca,Jujuy,Argentina,4658,-24.53517593,-65.07255227,
Seguí,Entre Ríos,Argentina,4651,-31.95433977,-60.12565055,
Azara,Misiones,Argentina,4648,-28.06070793,-55.6770709,
Las Chacritas,San Juan,Argentina,4608,-31.59419352,-68.40051253,
General Enrique Godoy,Río Negro,Argentina,4608,-39.07844772,-67.15745192,
Cervantes,Río Negro,Argentina,4572,-39.05396132,-67.39415697,
El Tropezón,Buenos Aires,Argentina,4569,-34.94652438,-58.2672748,
Nelson,Santa Fe,Argentina,4562,-31.26583251,-60.7644508,
Gobernador Roca,Misiones,Argentina,4553,-27.19006116,-55.46931931,
El Maitén,Chubut,Argentina,4553,-42.05032089,-71.16778746,
Villa Parque San Lorenzo,Buenos Aires,Argentina,4532,-34.56359141,-58.53317824,
Margarita,Misiones,Argentina,4521,-27.17447143,-54.13673648,
Villa General Güemes,Formosa,Argentina,4507,-24.7557833,-59.48851006,
Isla Verde,Córdoba,Argentina,4501,-33.23969757,-62.4015958,
Villa Adela,Entre Ríos,Argentina,4500,-31.39829171,-58.0697698,
Barrio San Estéban,Buenos Aires,Argentina,4460,-34.96063457,-58.72944858,
Colonia Elisa,Chaco,Argentina,4455,-26.93163579,-59.51881143,
Chimpay,Río Negro,Argentina,4443,-39.16540693,-66.14639113,
La Para,Córdoba,Argentina,4438,-30.89413053,-63.0013963,
Churruca,Buenos Aires,Argentina,4434,-34.55908942,-58.62108617,
Coronel Moldes,Salta,Argentina,4415,-25.28003582,-65.47846014,
Carpintería,San Luis,Argentina,4406,-32.41010269,-65.00991941,
Alejandro Petión,Buenos Aires,Argentina,4398,-34.97761139,-58.67455093,
Hilario Ascasubi,Buenos Aires,Argentina,4389,-39.37565045,-62.64736916,
Graneros,Tucumán,Argentina,4360,-27.64949217,-65.43942849,
San Genaro,Santa Fe,Argentina,4353,-32.37165135,-61.35994403,
Sumalao,Catamarca,Argentina,4350,-28.47496484,-65.73758973,
Cachi,Salta,Argentina,4321,-25.11996765,-66.16187592,
Rodeo,San Juan,Argentina,4302,-30.21015899,-69.13159418,
El Mollar,Tucumán,Argentina,4300,-26.93979616,-65.70919497,
San Agustín,Córdoba,Argentina,4271,-31.97762234,-64.37558568,
Soldini,Santa Fe,Argentina,4267,-33.02758402,-60.75675485,
Naschel,San Luis,Argentina,4260,-32.91522303,-65.37592771,
Vichigasta,La Rioja,Argentina,4258,-29.48526325,-67.50677736,
Los Menucos,Río Negro,Argentina,4242,-40.84280998,-68.08592009,
Nueva Pompeya,Chaco,Argentina,4239,-24.93307462,-61.48314517,
La Tigra,Chaco,Argentina,4238,-27.11423045,-60.5876582,
Los Aguirre,Tucumán,Argentina,4231,-26.91217728,-65.23600923,
La Escondida,Chaco,Argentina,4230,-27.10534862,-59.44637694,
Villa Borjas,San Juan,Argentina,4217,-31.8140732,-68.32878881,
Picún Leufú,Neuquén,Argentina,4216,-39.51862786,-69.29106113,
Sachayoj,Santiago del Estero,Argentina,4208,-26.67540725,-61.81504437,
El Sauzalito,Chaco,Argentina,4206,-24.42797282,-61.68323252,
Las Perlas,Río Negro,Argentina,4205,-38.98225243,-68.14975475,
Colonias Unidas,Chaco,Argentina,4187,-26.69834838,-59.63221006,
Guatraché,La Pampa,Argentina,4184,-37.67072693,-63.53576065,
San Basilio,Córdoba,Argentina,4168,-33.49854848,-64.31473195,
San José,Mendoza,Argentina,4162,-33.30828253,-69.15289888,
Villa Fiad - Ingenio Leales,Tucumán,Argentina,4147,-27.06774724,-65.23544875,
Colonia Tirolesa,Córdoba,Argentina,4135,-31.23727619,-64.06629579,
Alvear,Santa Fe,Argentina,4132,-33.05784117,-60.61984347,
La Francia,Córdoba,Argentina,4131,-31.40629587,-62.63321754,
Sierra de los Padres,Buenos Aires,Argentina,4119,-37.94128795,-57.77536444,
Villa del Rosario,Entre Ríos,Argentina,4104,-30.7957385,-57.91455271,
Tres Algarrobos,Buenos Aires,Argentina,4094,-35.19559582,-62.7744093,
Quemú Quemú,La Pampa,Argentina,4091,-36.05482698,-63.56594011,
Serodino,Santa Fe,Argentina,4087,-32.60374082,-60.94740064,
Alto Verde,Mendoza,Argentina,4085,-33.11957086,-68.40675127,
La Granja,Córdoba,Argentina,4078,-31.00862416,-64.26789343,
Morrison,Córdoba,Argentina,4072,-32.59286539,-62.83334064,
Acheral,Tucumán,Argentina,4064,-27.1207205,-65.47056472,
El Chañar,Tucumán,Argentina,4060,-26.7573585,-65.06796453,
Barrio San José III,Tucumán,Argentina,4059,-26.79645989,-65.26459953,
Villa Atuel,Mendoza,Argentina,4051,-34.83206015,-67.92350935,
Cacharí,Buenos Aires,Argentina,4039,-36.37667301,-59.50460422,
María Teresa,Santa Fe,Argentina,4034,-34.01272195,-61.914752,
Buena Esperanza,San Luis,Argentina,4024,-34.75788844,-65.2535892,
Murphy,Santa Fe,Argentina,4023,-33.64229778,-61.85833592,
Herradura,Formosa,Argentina,4016,-26.48984781,-58.31161819,
Villa Alfredo Fortabat,Buenos Aires,Argentina,4014,-36.98100494,-60.27860172,
Tío Pujio,Córdoba,Argentina,4010,-32.28707333,-63.3536813,
La Mendieta,Jujuy,Argentina,4008,-24.31444589,-64.96677925,
La Dormida,Mendoza,Argentina,3992,-33.3467169,-67.91713176,
Candelaria,San Luis,Argentina,3990,-32.06126822,-65.82481527,
Chapadmalal,Buenos Aires,Argentina,3984,-38.17094916,-57.63977127,
Guaraní,Misiones,Argentina,3982,-27.5231765,-55.15764613,
San Pedro,Córdoba,Argentina,3975,-31.93647398,-65.21886785,
Pozo del Mistol,Catamarca,Argentina,3972,-28.47211644,-65.72275881,
Margarita,Santa Fe,Argentina,3969,-29.6876496,-60.25318439,
Milagro,La Rioja,Argentina,3966,-31.00581658,-65.99239517,
Villa Ayacucho,Buenos Aires,Argentina,3960,-34.58955184,-58.55339406,
Villa Burruyacú,Tucumán,Argentina,3960,-26.50047345,-64.74367225,
San Lorenzo,Corrientes,Argentina,3959,-28.1380988,-58.76813241,
Potrero de los Funes,San Luis,Argentina,3953,-33.21739819,-66.23126958,
Garmendia,Tucumán,Argentina,3946,-26.56853961,-64.55752733,
Chapanay,Mendoza,Argentina,3945,-32.98471467,-68.46439166,
Piedra del Águila,Neuquén,Argentina,3940,-40.04847947,-70.07501603,
Villa Yapeyú,Buenos Aires,Argentina,3936,-34.57150313,-58.54862548,
Pueblo General Belgrano,Entre Ríos,Argentina,3929,-33.01737328,-58.47503321,
La Unión,Salta,Argentina,3929,-23.89689181,-63.19703477,
Villa Teresa,Mendoza,Argentina,3909,-33.0206055,-68.61564727,
Villa Parque Santa Ana,Córdoba,Argentina,3907,-31.59262395,-64.34708259,
Monte Comán,Mendoza,Argentina,3898,-34.59237015,-67.86895349,
Arauco,La Rioja,Argentina,3896,-28.56863364,-66.80145151,
Santa Victoria Este,Salta,Argentina,3896,-22.27273037,-62.71257788,
Dolavon,Chubut,Argentina,3893,-43.30797884,-65.70987228,
Rancul,La Pampa,Argentina,3888,-35.06776974,-64.68421613,
Nemesio Parma,Misiones,Argentina,3885,-27.3564761,-56.01722268,
Benito Legerén,Entre Ríos,Argentina,3863,-31.43463909,-58.07194249,
Gowland,Buenos Aires,Argentina,3851,-34.65414226,-59.3547599,
Ingenio La Florida,Tucumán,Argentina,3849,-26.81608824,-65.08169136,
San Cosme,Corrientes,Argentina,3845,-27.37037336,-58.51251344,
El Hoyo,Chubut,Argentina,3844,-42.0640503,-71.51914329,
Inriville,Córdoba,Argentina,3842,-32.94564747,-62.23079086,
Barrio Aeropuerto,Tucumán,Argentina,3839,-26.8499131,-65.12904034,
La Caldera,Salta,Argentina,3820,-24.60269375,-65.38063517,
Laguna Brava,Corrientes,Argentina,3818,-27.49334518,-58.71821585,
Herrera,Santiago del Estero,Argentina,3813,-28.48291438,-63.06623782,
Cuadro Benegas,Mendoza,Argentina,3792,-34.62344893,-68.4392203,
Chichinales,Río Negro,Argentina,3777,-39.11474847,-66.94225019,
Los Porteños,Buenos Aires,Argentina,3773,-34.90710034,-58.08310762,
El Cadillal,Tucumán,Argentina,3773,-26.63186615,-65.20710621,
Los Telares,Santiago del Estero,Argentina,3771,-28.98507523,-63.45039971,
Barrio Laprida,Chubut,Argentina,3761,-45.82839324,-67.54264389,
Del Campillo,Córdoba,Argentina,3756,-34.37885498,-64.49712778,
Pila,Buenos Aires,Argentina,3754,-36.00418524,-58.1410677,
Villa Parque Presidente Figueroa Alcorta,Buenos Aires,Argentina,3752,-34.59452068,-58.5325296,
Barrio Chacra Monte,Río Negro,Argentina,3752,-39.05150273,-67.6357342,
Trenel,La Pampa,Argentina,3740,-35.69832853,-64.13328451,
Villa Lynch,Buenos Aires,Argentina,3725,-34.59214345,-58.52405861,
Los Charrúas,Entre Ríos,Argentina,3718,-31.16943005,-58.1855405,
Goudge,Mendoza,Argentina,3717,-34.68002983,-68.13173731,
La Isla,Salta,Argentina,3716,-24.87783775,-65.39878415,
General Campos,Entre Ríos,Argentina,3715,-31.5233762,-58.40580454,
Selva,Santiago del Estero,Argentina,3691,-29.76824795,-62.04753244,
La Clotilde,Chaco,Argentina,3683,-27.17733711,-60.63266965,
Ulapes,La Rioja,Argentina,3679,-31.57274656,-66.23753326,
Icaño,Santiago del Estero,Argentina,3670,-28.68147728,-62.88118011,
Villa Don Bosco,San Juan,Argentina,3657,-31.5538161,-68.33897549,
Quintas El Mirador,Chubut,Argentina,3655,-42.81396948,-65.03952511,
Pozo Azul,Misiones,Argentina,3651,-26.34716531,-54.14959889,
Alejo Ledesma,Córdoba,Argentina,3643,-33.60539202,-62.62588099,
Villa Trinidad,Santa Fe,Argentina,3640,-30.21610844,-61.87709209,
Gaboto,Santa Fe,Argentina,3636,-32.43252443,-60.81781441,
Colonia Benítez,Chaco,Argentina,3636,-27.33260074,-58.94638942,
Capitán Montoya,Mendoza,Argentina,3631,-34.5823082,-68.45760014,
El Tala,Salta,Argentina,3627,-26.1122116,-65.27783862,
Urundel,Salta,Argentina,3622,-23.55786418,-64.39692983,
Santa Ana,Corrientes,Argentina,3617,-27.455355,-58.65476035,
Serrano,Córdoba,Argentina,3611,-34.47067433,-63.54028609,
Valcheta,Río Negro,Argentina,3599,-40.67635171,-66.16651703,
Piamonte,Santa Fe,Argentina,3593,-32.14392576,-61.98044159,
Barrio Saavedra-Barrio Bosch,Buenos Aires,Argentina,3582,-34.13802686,-59.00540285,
Sancti Spiritu,Santa Fe,Argentina,3582,-34.00772564,-62.2415413,
Rivera,Buenos Aires,Argentina,3580,-37.16059674,-63.24178972,
Lamadrid,Tucumán,Argentina,3579,-27.64506506,-65.24685032,
Tránsito,Córdoba,Argentina,3577,-31.42434269,-63.19356046,
Andacollo,Neuquén,Argentina,3575,-37.17974505,-70.6699598,
Aguas Blancas,Salta,Argentina,3570,-22.73711779,-64.35325093,
Villa Parque Siquimán,Córdoba,Argentina,3556,-31.34645551,-64.48244876,
11 de Octubre,Neuquén,Argentina,3545,-38.87746585,-68.10026211,
El Alcázar,Misiones,Argentina,3539,-26.71364715,-54.81404783,
Chillar,Buenos Aires,Argentina,3538,-37.31280384,-59.98516567,
Arroyo Cabral,Córdoba,Argentina,3523,-32.4894934,-63.40237577,
Alejandra,Santa Fe,Argentina,3522,-29.90920963,-59.82686862,
Villa Valeria,Córdoba,Argentina,3516,-34.34144582,-64.9208144,
Brea Pozo,Santiago del Estero,Argentina,3516,-28.24385274,-63.95333734,
Villa Zorraquín,Entre Ríos,Argentina,3515,-31.32185706,-58.01448614,
Juan Bautista Alberdi,Buenos Aires,Argentina,3513,-34.43851633,-61.81209015,
Colonia Liebig's,Corrientes,Argentina,3507,-27.91335819,-55.82423918,
San Marcos Sud,Córdoba,Argentina,3503,-32.63023588,-62.484248,
María Susana,Santa Fe,Argentina,3500,-32.26697741,-61.90586784,
El Brillante,Entre Ríos,Argentina,3497,-32.1795681,-58.2133216,
Villa Santa Cruz del Lago,Córdoba,Argentina,3490,-31.36638134,-64.52199859,
Hinojo,Buenos Aires,Argentina,3488,-36.86584318,-60.160282,
Pobre Diablo,Mendoza,Argentina,3486,-34.66464622,-68.3569368,
Simbolar,Santiago del Estero,Argentina,3477,-27.65381087,-64.19312196,
Los Cóndores,Córdoba,Argentina,3472,-32.32112597,-64.28074229,
Bombal,Santa Fe,Argentina,3469,-33.45797496,-61.31821154,
La Playosa,Córdoba,Argentina,3461,-32.09700158,-63.03435087,
Rivadavia,Salta,Argentina,3458,-24.18497085,-62.88830491,
Sacanta,Córdoba,Argentina,3455,-31.66339825,-63.04796138,
Monte Rincón,Buenos Aires,Argentina,3444,-37.26106495,-56.99472966,
Alicia,Córdoba,Argentina,3439,-31.93884723,-62.46424577,
Santa María de Oro,Mendoza,Argentina,3431,-33.20589312,-68.42888048,
Tabay,Corrientes,Argentina,3424,-28.30813591,-58.28686563,
Arteaga,Santa Fe,Argentina,3401,-33.09268166,-61.79201123,
San Carlos,Corrientes,Argentina,3401,-27.74362239,-55.89843168,
Área de Promoción,Buenos Aires,Argentina,3389,-34.45583245,-58.70859743,
Fiambalá,Catamarca,Argentina,3385,-27.69219335,-67.61890639,
María Magdalena,Misiones,Argentina,3379,-26.23728295,-54.60289642,
Pujato,Santa Fe,Argentina,3371,-33.01764822,-61.04305354,
La Morada,Córdoba,Argentina,3343,-31.30577414,-64.24630201,
Santiago Temple,Córdoba,Argentina,3333,-31.38598542,-63.4196375,
Garza,Santiago del Estero,Argentina,3333,-28.15294111,-63.53887335,
Villa Bordeau,Buenos Aires,Argentina,3328,-38.69355863,-62.33501743,
General Pirán,Buenos Aires,Argentina,3328,-37.27597386,-57.77419664,
Villa Nueva,Buenos Aires,Argentina,3327,-34.89527196,-57.90749622,
Villa Sierras de Oro,Córdoba,Argentina,3315,-31.46063097,-64.42298111,
Barrio Los Olmos,Salta,Argentina,3313,-24.86860888,-65.45694099,
Alto Los Cardales,Buenos Aires,Argentina,3311,-34.31377955,-58.98478991,
Sauce de Luna,Entre Ríos,Argentina,3298,-31.23952327,-59.21737108,
Villa Paranacito,Entre Ríos,Argentina,3294,-33.71560348,-58.6652645,
Pareditas,Mendoza,Argentina,3294,-33.94254972,-69.07854505,
Dumesnil,Córdoba,Argentina,3288,-31.33652827,-64.33716642,
Elena,Córdoba,Argentina,3276,-32.57039396,-64.39390493,
Chavarría,Corrientes,Argentina,3270,-28.95525571,-58.57176746,
Sebastián Elcano,Córdoba,Argentina,3269,-30.16040551,-63.59248998,
Río Mayo,Chubut,Argentina,3266,-45.686177,-70.25663796,
Lozano,Jujuy,Argentina,3264,-24.07760551,-65.40870891,
Cortaderas,San Luis,Argentina,3263,-32.50525753,-64.99215316,
Hersilia,Santa Fe,Argentina,3248,-30.00394455,-61.83914926,
Corpus,Misiones,Argentina,3236,-27.12946852,-55.51083145,
Villa Bonita,Misiones,Argentina,3225,-27.48290034,-54.96483265,
Lehmann,Santa Fe,Argentina,3222,-31.12537302,-61.45237858,
Famatina,La Rioja,Argentina,3222,-28.92504936,-67.51959317,
Villa Rumipal,Córdoba,Argentina,3213,-32.18938328,-64.47920588,
Santa Teresa,Santa Fe,Argentina,3207,-33.43664669,-60.79048755,
El Potrillo,Formosa,Argentina,3204,-23.16244021,-62.00896286,
Pomán,Catamarca,Argentina,3200,-28.39528114,-66.21828663,
Guaminí,Buenos Aires,Argentina,3191,-37.01092094,-62.42224974,
Agua de Oro,Córdoba,Argentina,3175,-31.06222886,-64.30064052,
Santa Rita,Misiones,Argentina,3171,-27.52032379,-54.7279077,
San Antonio de Obligado,Santa Fe,Argentina,3167,-28.38425345,-59.26438772,
Villa Clara,Entre Ríos,Argentina,3165,-31.82979903,-58.8216099,
La Invernada,Santiago del Estero,Argentina,3162,-27.3826789,-63.48815477,
Máximo Paz,Santa Fe,Argentina,3154,-33.4831775,-60.95610482,
Parapetí,Jujuy,Argentina,3154,-24.23474929,-64.84398541,
Santa Rosa de Leales,Tucumán,Argentina,3153,-27.13771401,-65.26086883,
Buta Ranquil,Neuquén,Argentina,3153,-37.0516079,-69.87779492,
Los Helechos,Misiones,Argentina,3142,-27.55766332,-55.07626339,
Arribeños,Buenos Aires,Argentina,3135,-34.20839191,-61.35524209,
Villa General Savio,Buenos Aires,Argentina,3131,-33.43597798,-60.14644977,
La Emilia,Buenos Aires,Argentina,3126,-33.35113657,-60.31380575,
Londres,Catamarca,Argentina,3126,-27.71256586,-67.13551215,
El Carrizal,Mendoza,Argentina,3122,-33.31961132,-68.75654548,
Real Sayana,Santiago del Estero,Argentina,3116,-28.81468988,-62.84306274,
Ubajay,Entre Ríos,Argentina,3115,-31.79517782,-58.31506532,
General Lucio Victorio Mansilla,Formosa,Argentina,3112,-26.65768951,-58.63046026,
Arbilla,Santa Fe,Argentina,3100,-33.09106576,-60.69847765,
La Verde,Chaco,Argentina,3092,-27.13041799,-59.37619831,
Villa Eloísa,Santa Fe,Argentina,3090,-32.96388826,-61.55101352,
Colonia Nueva Coneta,Catamarca,Argentina,3090,-28.57871471,-65.83646106,
El Piquete,Jujuy,Argentina,3079,-24.17843351,-64.67901744,
Dos Hermanas,Misiones,Argentina,3078,-26.29307943,-53.75692994,
Unión,San Luis,Argentina,3078,-35.15378308,-65.94615168,
General O'Brien,Buenos Aires,Argentina,3075,-34.90560966,-60.76050008,
Sierra Chica,Buenos Aires,Argentina,3072,-36.84488345,-60.22675183,
La Esperanza,Jujuy,Argentina,3071,-24.22465608,-64.8385395,
San Jerónimo Sud,Santa Fe,Argentina,3067,-32.87939878,-61.02769516,
Aldea Valle María,Entre Ríos,Argentina,3062,-31.99009237,-60.58772623,
Gobernador Juan E. Martínez,Corrientes,Argentina,3059,-28.91233871,-58.93610311,
Gobernador Mansilla,Entre Ríos,Argentina,3057,-32.54543587,-59.35661881,
El Talar,Jujuy,Argentina,3057,-23.55635852,-64.35988882,
Ticino,Córdoba,Argentina,3036,-32.69312681,-63.43710652,
Barrio Presidente Perón,Río Negro,Argentina,3019,-38.80084529,-68.07365803,
Estación Apóstoles,Misiones,Argentina,3014,-27.91152912,-55.80921864,
Napenay,Chaco,Argentina,3009,-26.72958711,-60.61677606,
Loteo San Vicente,Jujuy,Argentina,3006,-24.42939411,-65.18301382,
El Cevilar,Tucumán,Argentina,3004,-26.95708019,-65.159516,
Centeno,Santa Fe,Argentina,2999,-32.2960243,-61.40724757,
Baigorrita,Buenos Aires,Argentina,2997,-34.74780448,-60.98838606,
Calchín,Córdoba,Argentina,2996,-31.66885714,-63.19904302,
San Francisco del Chañar,Córdoba,Argentina,2981,-29.78635291,-63.94169776,
9 de Julio,Corrientes,Argentina,2981,-28.84077716,-58.83008572,
Jeppener,Buenos Aires,Argentina,2980,-35.27770311,-58.19814456,
Maquinchao,Río Negro,Argentina,2969,-41.25022587,-68.69825477,
Dudignac,Buenos Aires,Argentina,2967,-35.65026769,-60.70950083,
Gobernador Castro,Buenos Aires,Argentina,2966,-33.65901363,-59.86847768,
Ex Ingenio Luján,Tucumán,Argentina,2966,-26.85358505,-65.09232094,
Pajas Blancas,Córdoba,Argentina,2964,-31.19844936,-64.28869933,
Obispo Trejo,Córdoba,Argentina,2961,-30.7812924,-63.41036575,
Saturnino María Laspiur,Córdoba,Argentina,2961,-31.70348169,-62.48346224,
Villa Ana,Santa Fe,Argentina,2960,-28.49266237,-59.61332856,
Olivera,Buenos Aires,Argentina,2953,-34.6278936,-59.25519973,
Ordoñez,Córdoba,Argentina,2950,-32.84100733,-62.86598555,
General Roca,Córdoba,Argentina,2948,-32.73087748,-61.91582667,
Saujil,Catamarca,Argentina,2946,-28.17470623,-66.21604504,
Quinto Cuartel,San Juan,Argentina,2944,-31.61332153,-68.60120311,
Bonpland,Misiones,Argentina,2939,-27.48540378,-55.48009461,
Villa de Leales,Tucumán,Argentina,2930,-27.19383074,-65.31024251,
Barrio Gilbert (1º de Mayo),Córdoba,Argentina,2927,-31.43971042,-64.31799565,
Villa Sanagasta,La Rioja,Argentina,2925,-29.28228147,-67.02094717,
Santa Clara de Buena Vista,Santa Fe,Argentina,2920,-31.76237244,-61.315799,
Puerto Pinares,Misiones,Argentina,2920,-26.42733897,-54.68296426,
Juan Nepomuceno Fernández,Buenos Aires,Argentina,2919,-38.0055228,-59.26392346,
Santa Trinidad,Buenos Aires,Argentina,2914,-37.48769264,-61.92585584,
Huillapima,Catamarca,Argentina,2909,-28.7260731,-65.97874757,
Jardín Arenales,Córdoba,Argentina,2907,-31.3685851,-64.06052231,
Las Cejas,Tucumán,Argentina,2905,-26.88840912,-64.74112589,
Icaño,Catamarca,Argentina,2903,-28.91954047,-65.3301652,
Los Surgentes,Córdoba,Argentina,2894,-32.98526927,-62.02187431,
Achiras,Córdoba,Argentina,2894,-33.17444716,-64.99206181,
Rincón Norte,Santa Fe,Argentina,2894,-31.57183611,-60.53109096,
Alcaraz,Entre Ríos,Argentina,2893,-31.45736535,-59.59857231,
La Chimbera,San Juan,Argentina,2884,-31.82901119,-68.24683532,
Las Chacras,San Luis,Argentina,2884,-33.26716408,-66.23622759,
Piedritas,Buenos Aires,Argentina,2883,-34.76721632,-62.98592021,
Sierras Bayas,Buenos Aires,Argentina,2883,-36.93661191,-60.15605788,
Misión Tacaaglé,Formosa,Argentina,2883,-24.98099999,-58.81993439,
Mayu Sumaj,Córdoba,Argentina,2876,-31.47227156,-64.54146968,
Loreto,Corrientes,Argentina,2874,-27.7684268,-57.27525181,
Tacuarendí,Santa Fe,Argentina,2866,-28.41784687,-59.25722599,
La Ovejería,Jujuy,Argentina,2866,-24.45127905,-65.10303415,
Villa Río Icho Cruz,Córdoba,Argentina,2861,-31.48267503,-64.56472629,
San Antonio,Catamarca,Argentina,2860,-28.4257567,-65.70838119,
Pascanas,Córdoba,Argentina,2855,-33.12470041,-63.04012472,
El Chorro,Formosa,Argentina,2855,-23.18382953,-62.30657201,
Miramar,Córdoba,Argentina,2848,-30.91515318,-62.67500955,
San Javier y Yacanto,Córdoba,Argentina,2847,-32.02646965,-65.03026837,
General Vedia,Chaco,Argentina,2847,-26.93793416,-58.66197026,
General San Martín,La Pampa,Argentina,2845,-37.97888147,-63.60349301,
San Martín de las Escobas,Santa Fe,Argentina,2840,-31.85786351,-61.56962035,
La Tercena,Catamarca,Argentina,2839,-28.37218777,-65.7048797,
Bartolomé Bavio,Buenos Aires,Argentina,2838,-35.07972172,-57.74688702,
Puesto Viejo,Jujuy,Argentina,2837,-24.48633854,-64.96490437,
San Roque,San Luis,Argentina,2835,-33.26940243,-66.22665548,
Mariano Moreno,Neuquén,Argentina,2833,-38.76133626,-70.03635966,
Puerto Leoni,Misiones,Argentina,2826,-26.9898468,-55.16588097,
La Puerta,Córdoba,Argentina,2823,-30.89334295,-63.25482545,
Villa Yacanto,Córdoba,Argentina,2819,-32.10359496,-64.75452235,
Jocolí,Mendoza,Argentina,2818,-32.5871242,-68.66867892,
Santa Lucía,Buenos Aires,Argentina,2816,-33.88094411,-59.87420214,
Mainqué,Río Negro,Argentina,2814,-39.06424534,-67.30564485,
Santa Rosa,Mendoza,Argentina,2811,-33.25407384,-68.15066204,
Caseros,Entre Ríos,Argentina,2808,-32.46211889,-58.47932132,
El Pueblito,Córdoba,Argentina,2801,-31.10619958,-64.2922901,
Costa Flores,Mendoza,Argentina,2800,-33.05822667,-68.9318712,
San José,Buenos Aires,Argentina,2796,-37.50833171,-61.91754851,
El Volcán,San Luis,Argentina,2787,-33.25310015,-66.17516131,
Torres,Buenos Aires,Argentina,2786,-34.43099166,-59.12786424,
San José,Córdoba,Argentina,2777,-31.95650127,-65.3118043,
Progreso,Santa Fe,Argentina,2773,-31.1378669,-60.98964223,
Villa San Martín,San Juan,Argentina,2768,-31.51668503,-68.35011944,
Barrio La Gloria,Buenos Aires,Argentina,2762,-37.90680062,-57.77839892,
Villa Bastias,Mendoza,Argentina,2761,-33.35086255,-69.13698059,
Las Tapias,Córdoba,Argentina,2754,-31.95305364,-65.09796611,
Santa Isabel,La Pampa,Argentina,2751,-36.23019515,-66.93897364,
Algarrobo de Abajo,Mendoza,Argentina,2749,-32.82896168,-68.72686607,
Montes de Oca,Santa Fe,Argentina,2748,-32.5663798,-61.76845864,
Los Sarmientos,La Rioja,Argentina,2744,-29.15092995,-67.48246768,
Sargento Cabral,Misiones,Argentina,2743,-27.22296696,-54.31840178,
Atocha,Salta,Argentina,2741,-24.81672527,-65.4785739,
Los Reartes,Córdoba,Argentina,2739,-31.91830789,-64.575821,
Guandacol,La Rioja,Argentina,2739,-29.52524014,-68.56274615,
Fuentes,Santa Fe,Argentina,2733,-33.17249567,-61.07413011,
Calingasta,San Juan,Argentina,2729,-31.33452403,-69.4207035,
Los Quiroga,Santiago del Estero,Argentina,2726,-27.65260313,-64.35495481,
Santa Eufemia,Córdoba,Argentina,2723,-33.17647914,-63.28660764,
Villa Ascasubi,Córdoba,Argentina,2722,-32.16273859,-63.89242243,
Barrio Emanuel,Mendoza,Argentina,2717,-32.84299413,-68.39325689,
Villa Belgrano,Tucumán,Argentina,2714,-27.53092979,-65.61580425,
Yacuy,Salta,Argentina,2705,-22.36931733,-63.76847902,
Carnerillo,Córdoba,Argentina,2702,-32.91314825,-64.02257996,
Emilio Vicente Bunge,Buenos Aires,Argentina,2686,-34.78351393,-63.19565381,
Jáuregui,Buenos Aires,Argentina,2682,-34.5988546,-59.17729155,
Sierra de la Ventana,Buenos Aires,Argentina,2678,-38.13117506,-61.80003272,
El Bobadal,Santiago del Estero,Argentina,2669,-26.72404191,-64.39636488,
Mundo Nuevo,Mendoza,Argentina,2668,-33.17517771,-68.42760825,
Llambi Campbell,Santa Fe,Argentina,2666,-31.18418347,-60.74768043,
Coronel Cornejo,Salta,Argentina,2664,-22.73690369,-63.81889651,
Guachipas,Salta,Argentina,2658,-25.52265297,-65.51002807,
La Puntilla,Mendoza,Argentina,2658,-32.96207575,-68.86097333,
Colonia Barón,La Pampa,Argentina,2655,-36.15361003,-63.85520472,
9 de Julio Kilómetro 20,Misiones,Argentina,2654,-26.41471641,-54.49585879,
Juan Pujol,Corrientes,Argentina,2654,-30.41932174,-57.85589257,
Amaicha del Valle,Tucumán,Argentina,2653,-26.59366052,-65.92008517,
Gobernador Costa,Chubut,Argentina,2650,-44.04870663,-70.59902409,
General Lavalle,Buenos Aires,Argentina,2644,-36.40808609,-56.94335784,
Strobel,Entre Ríos,Argentina,2643,-32.05377391,-60.61248662,
San Carlos,Salta,Argentina,2643,-25.89316665,-65.92905764,
San Isidro,San Juan,Argentina,2638,-31.48714862,-68.32478653,
Roberts,Buenos Aires,Argentina,2634,-35.14291246,-61.97043893,
Las Acequias,Córdoba,Argentina,2634,-33.28028234,-63.97537615,
Rodríguez Peña,Mendoza,Argentina,2627,-33.12044262,-68.59516256,
Sinsacate,Córdoba,Argentina,2618,-30.94292927,-64.09403294,
Los Cerrillos,Córdoba,Argentina,2615,-31.9726992,-65.44463822,
Los Talas,Buenos Aires,Argentina,2614,-34.91102384,-57.78426884,
Ruiz de Montoya,Misiones,Argentina,2614,-26.97043263,-55.05222249,
Campo Ramón,Misiones,Argentina,2609,-27.45426876,-55.02294777,
Luján,San Luis,Argentina,2604,-32.36457145,-65.93315791,
Barrio El Congreso,Salta,Argentina,2595,-24.88012045,-65.47872852,
Alto de la Sierra,Salta,Argentina,2588,-22.73995262,-62.49802132,
Guatimozín,Córdoba,Argentina,2578,-33.46428794,-62.43825531,
Pueblo Andino,Santa Fe,Argentina,2577,-32.66994211,-60.87537837,
Serrezuela,Córdoba,Argentina,2576,-30.63877241,-65.38874113,
Winifreda,La Pampa,Argentina,2576,-36.22746568,-64.23350734,
Leandro N. Alem,Buenos Aires,Argentina,2572,-34.51957375,-61.39122242,
San Carlos Sud,Santa Fe,Argentina,2566,-31.76082029,-61.10057784,
Jacinto Aráuz,La Pampa,Argentina,2564,-38.08287455,-63.42943783,
General Paz,Córdoba,Argentina,2561,-31.13448064,-64.14015062,
Barrio Ciudadela,Chubut,Argentina,2551,-45.79665373,-67.49688302,
Basail,Chaco,Argentina,2549,-27.88760431,-59.28147203,
Mariano Indalecio Loza,Corrientes,Argentina,2548,-29.3768721,-58.19223456,
Felicia,Santa Fe,Argentina,2542,-31.24454637,-61.2121865,
Fortín Olmos,Santa Fe,Argentina,2535,-29.05695372,-60.4128986,
Parera,La Pampa,Argentina,2530,-35.14675972,-64.50230841,
San José,Catamarca,Argentina,2528,-28.3875664,-65.70092475,
Villa Concepción del Tío,Córdoba,Argentina,2527,-31.32210017,-62.8139981,
Río Tala,Buenos Aires,Argentina,2525,-33.76929278,-59.63948453,
Polcos,Catamarca,Argentina,2523,-28.43723996,-65.72076916,
Capitán Solari,Chaco,Argentina,2520,-26.80238781,-59.55708324,
La Paz,Córdoba,Argentina,2519,-32.21752532,-65.04826454,
Sol de Julio,Santiago del Estero,Argentina,2517,-29.5653282,-63.45707878,
Pueblo Libertador,Corrientes,Argentina,2515,-30.22010573,-59.38975821,
El Tío,Córdoba,Argentina,2511,-31.38542052,-62.8281977,
San Roque,Córdoba,Argentina,2506,-31.34529886,-64.45110339,
El Bañado,Catamarca,Argentina,2501,-28.4601111,-65.71201517,
Acceso Norte,Chubut,Argentina,2494,-45.78379341,-67.49607371,
Villa del Prado,Córdoba,Argentina,2491,-31.62128637,-64.394138,
Moquehuá,Buenos Aires,Argentina,2476,-35.09220915,-59.7757105,
Conesa,Buenos Aires,Argentina,2476,-33.5958038,-60.3557412,
General Ballivián,Salta,Argentina,2474,-22.93589062,-63.86125694,
General Rojo,Buenos Aires,Argentina,2473,-33.47472611,-60.28732209,
Peyrano,Santa Fe,Argentina,2473,-33.53777992,-60.79971821,
La Adela,La Pampa,Argentina,2472,-38.98533027,-64.09053432,
Salazar,Buenos Aires,Argentina,2468,-36.30718201,-62.20299857,
Villa Los Álamos,Salta,Argentina,2466,-24.86228375,-65.46455674,
Villa Los Coihues,Río Negro,Argentina,2462,-41.15780579,-71.41388896,
Salto Grande,Santa Fe,Argentina,2459,-32.6660588,-61.0882081,
Ingeniero Giagnoni,Mendoza,Argentina,2445,-33.12782503,-68.41238853,
20 de Junio,Buenos Aires,Argentina,2443,-34.77615394,-58.7295673,
Melincué,Santa Fe,Argentina,2440,-33.66114345,-61.45699012,
Ceibas,Entre Ríos,Argentina,2439,-33.49941434,-58.80035526,
Weisburd,Santiago del Estero,Argentina,2437,-27.31890121,-62.58504202,
Barrio Bernardino Rivadavia,Misiones,Argentina,2436,-27.01333835,-54.60815613,
El Mojón,Santiago del Estero,Argentina,2430,-26.09273929,-64.3091544,
Videla,Santa Fe,Argentina,2429,-30.94292185,-60.6570126,
Chacras del Río Luján,Buenos Aires,Argentina,2426,-34.28780249,-58.91155592,
Coronel Bogado,Santa Fe,Argentina,2422,-33.31585453,-60.60267722,
Panambí Kilómetro 8,Misiones,Argentina,2421,-27.66850122,-54.98267866,
Villa San José de Vinchina,La Rioja,Argentina,2409,-28.7536971,-68.20484481,
Río Blanco,Jujuy,Argentina,2409,-24.22998001,-65.2346021,
Gaona,Salta,Argentina,2407,-25.24149082,-64.03721767,
25 de Mayo,Mendoza,Argentina,2403,-34.58255815,-68.53687591,
Barrio Los Pozos,Buenos Aires,Argentina,2402,-34.93982269,-58.73084953,
Cabildo,Buenos Aires,Argentina,2400,-38.48515288,-61.89375216,
Dragones,Salta,Argentina,2399,-23.2487552,-63.34102486,
Angel Gallardo,Santa Fe,Argentina,2395,-31.55582631,-60.67841647,
Colonia Ayuí,Entre Ríos,Argentina,2393,-31.20772007,-58.03124415,
Estación Aráoz,Tucumán,Argentina,2389,-27.05514856,-64.9212945,
Moisés Ville,Santa Fe,Argentina,2379,-30.71558486,-61.4695078,
La Criolla,Santa Fe,Argentina,2376,-30.2236712,-60.36360428,
Santa María,Salta,Argentina,2372,-22.15360041,-62.80864504,
La Cañada,Santiago del Estero,Argentina,2365,-27.7095089,-63.77255421,
Barrio El Treinta,Río Negro,Argentina,2361,-38.91461246,-67.95106553,
Aguas Calientes,Jujuy,Argentina,2358,-24.58443248,-64.92324988,
Estancia Vieja,Córdoba,Argentina,2357,-31.38202743,-64.53142186,
San Antonio,Catamarca,Argentina,2353,-28.93248238,-65.09691698,
La Gallareta,Santa Fe,Argentina,2352,-29.58627593,-60.37822414,
Tortugas,Santa Fe,Argentina,2343,-32.74739701,-61.82098833,
Carpintería,San Juan,Argentina,2342,-31.81921988,-68.54134479,
Mi Granja,Córdoba,Argentina,2341,-31.35535001,-64.00318942,
Montecaseros,Mendoza,Argentina,2339,-33.01373049,-68.38982417,
General Baldissera,Córdoba,Argentina,2338,-33.12208059,-62.30288417,
Itacaruaré,Misiones,Argentina,2334,-27.87140057,-55.26221401,
Miguel Riglos,La Pampa,Argentina,2328,-36.85639494,-63.68782561,
San Justo,Entre Ríos,Argentina,2325,-32.44560445,-58.43542977,
La Ramada,Tucumán,Argentina,2313,-26.68655815,-64.94814435,
Paraíso,Misiones,Argentina,2311,-26.68707289,-54.20307321,
Caleufú,La Pampa,Argentina,2309,-35.59449122,-64.55867716,
Vista Alegre Sur,Neuquén,Argentina,2307,-38.7730298,-68.13549212,
La Viña,Salta,Argentina,2305,-25.46811722,-65.56556097,
Villa Larca,San Luis,Argentina,2304,-32.61744409,-64.98146123,
Vilelas,Santiago del Estero,Argentina,2302,-27.96121979,-62.6089382,
Villa Benjamín Aráoz,Tucumán,Argentina,2302,-26.55605999,-64.79771757,
Claromecó,Buenos Aires,Argentina,2289,-38.85747512,-60.0727996,
Orense,Buenos Aires,Argentina,2288,-38.68827313,-59.78069144,
Barrancas,Mendoza,Argentina,2283,-33.08183287,-68.72761519,
El Arenal,Santiago del Estero,Argentina,2281,-26.77069232,-64.60287447,
Anguil,La Pampa,Argentina,2280,-36.52683804,-64.01170284,
Isla del Cerrito,Chaco,Argentina,2277,-27.29149912,-58.61942949,
González Moreno,Buenos Aires,Argentina,2272,-35.55528664,-63.38029121,
Phillips,Mendoza,Argentina,2272,-33.20098076,-68.37749286,
Ferré,Buenos Aires,Argentina,2269,-34.12257649,-61.13338564,
Árraga,Santiago del Estero,Argentina,2266,-28.05129169,-64.22379138,
Villa Ciudad Parque Los Reartes,Córdoba,Argentina,2261,-31.91206644,-64.53061352,
Barrio Santa Cecilia,Mendoza,Argentina,2257,-33.10953335,-68.39010025,
Cholila,Chubut,Argentina,2251,-42.51135114,-71.43113438,
El Espino,Mendoza,Argentina,2250,-33.07488742,-68.39683195,
La Merced,Catamarca,Argentina,2249,-28.15440774,-65.65943855,
General Conesa,Buenos Aires,Argentina,2248,-36.52086051,-57.32493871,
Barrio La Unión,Jujuy,Argentina,2243,-24.40473163,-65.07045934,
Colonia Victoria,Misiones,Argentina,2242,-26.33368702,-54.62460963,
Titarelli,Mendoza,Argentina,2239,-32.97692253,-68.60535439,
Los Quirquinchos,Santa Fe,Argentina,2236,-33.37485948,-61.71049201,
Barrio Municipal,San Juan,Argentina,2233,-31.7528008,-68.55312726,
Nicanor Olivera,Buenos Aires,Argentina,2231,-38.28305191,-59.20274377,
Yapeyú,Corrientes,Argentina,2231,-29.47089787,-56.81506605,
Buena Vista,Formosa,Argentina,2229,-25.07150041,-58.3855286,
Malligasta,La Rioja,Argentina,2228,-29.17645444,-67.43489041,
Costa Azul,Buenos Aires,Argentina,2227,-36.67380998,-56.67952594,
Pedro Ramón Fernández,Corrientes,Argentina,2227,-28.74634025,-58.65413822,
Ataliva,Santa Fe,Argentina,2224,-30.99626761,-61.43190926,
Altos de Chipión,Córdoba,Argentina,2219,-30.95718051,-62.33836863,
Anillaco,La Rioja,Argentina,2219,-28.8065317,-66.94138201,
María Ignacia,Buenos Aires,Argentina,2214,-37.40138424,-59.50592879,
El Trapiche,San Luis,Argentina,2204,-33.10923646,-66.06306924,
San Lorenzo,Córdoba,Argentina,2203,-31.67091966,-65.01772099,
Marapa,Tucumán,Argentina,2202,-27.61321825,-65.64623503,
Benjamín Paz,Tucumán,Argentina,2197,-26.37241383,-65.29248249,
Nueva Galia,San Luis,Argentina,2192,-35.11518108,-65.25873399,
San Agustín,Salta,Argentina,2186,-24.99596159,-65.44081402,
Mechita,Buenos Aires,Argentina,2185,-35.07337903,-60.41181657,
Villa El Chacón,Mendoza,Argentina,2182,-33.73758314,-69.07376566,
Villa Mugueta,Santa Fe,Argentina,2181,-33.31196496,-61.05629466,
Monje,Santa Fe,Argentina,2179,-32.36037043,-60.94283027,
Las Golondrinas,Chubut,Argentina,2178,-42.01282902,-71.53713728,
Tatacua,Corrientes,Argentina,2176,-28.37591942,-58.32113616,
La Criolla,Entre Ríos,Argentina,2174,-31.26911339,-58.10882773,
Barrio Ruta 24 Kilómetro 10,Buenos Aires,Argentina,2173,-34.684306,-58.95829326,
Stroeder,Buenos Aires,Argentina,2173,-40.1858292,-62.62024766,
Los Pirpintos,Santiago del Estero,Argentina,2169,-26.13167951,-62.06436522,
Los Arroyos,Tucumán,Argentina,2169,-27.60427067,-65.58505434,
La Libertad,Mendoza,Argentina,2167,-33.21226688,-68.50784227,
Villa Manzano,Río Negro,Argentina,2166,-38.68061639,-68.21602296,
Sañogasta,La Rioja,Argentina,2164,-29.32220946,-67.60282907,
Lavalle,Santiago del Estero,Argentina,2161,-28.1945111,-65.10766565,
Nueva Francia,Santiago del Estero,Argentina,2159,-28.17376477,-64.19998302,
Chilecito,Mendoza,Argentina,2148,-33.89147276,-69.07119296,
Los Álamos,Mendoza,Argentina,2147,-32.8880381,-68.56252073,
Nueva Delicia,Misiones,Argentina,2145,-26.18172871,-54.59121645,
Tres Lagunas,Formosa,Argentina,2138,-25.21612404,-58.51307861,
Berón de Astrada,Corrientes,Argentina,2138,-27.55021921,-57.52841475,
Lugones,Santiago del Estero,Argentina,2130,-28.33635161,-63.33932971,
3 de Mayo,Mendoza,Argentina,2122,-32.68047054,-68.63922694,
Kilómetro 102,Tucumán,Argentina,2121,-27.07857797,-65.41997084,
Arroyo Dulce,Buenos Aires,Argentina,2120,-34.10138849,-60.40877734,
Vilmer,Santiago del Estero,Argentina,2120,-27.78542524,-64.15148876,
Felipe Yofré,Corrientes,Argentina,2112,-29.10683063,-58.33963056,
Tres Esquinas,Mendoza,Argentina,2089,-33.84227582,-69.05955362,
Iruya,Salta,Argentina,2087,-22.79210734,-65.21628439,
Buchardo,Córdoba,Argentina,2085,-34.72387443,-63.50726467,
Beravebú,Santa Fe,Argentina,2082,-33.34084312,-61.86209219,
Hipólito Yrigoyen,Misiones,Argentina,2080,-27.08571113,-55.28741965,
Saavedra,Buenos Aires,Argentina,2077,-37.76137691,-62.34863889,
San Antonio,Jujuy,Argentina,2077,-24.37045468,-65.33169662,
Pavón Arriba,Santa Fe,Argentina,2076,-33.31158852,-60.82429856,
Arrufo,Santa Fe,Argentina,2075,-30.23241747,-61.72802146,
Villars,Buenos Aires,Argentina,2074,-34.82604466,-58.93901887,
De La Garma,Buenos Aires,Argentina,2073,-37.96654173,-60.41678548,
Marull,Córdoba,Argentina,2073,-30.99386497,-62.82533848,
Zenón Pereyra,Santa Fe,Argentina,2065,-31.56009532,-61.89623627,
Ramona,Santa Fe,Argentina,2062,-31.0918564,-61.90247229,
Ciudad de los Niños,Córdoba,Argentina,2057,-31.29574999,-64.17732851,
La Florida,Mendoza,Argentina,2055,-33.26558734,-68.4565151,
Juan Cousté,Buenos Aires,Argentina,2051,-38.89444223,-63.14073476,
Diego de Alvear,Santa Fe,Argentina,2047,-34.37265034,-62.12821595,
Villa Mailín,Santiago del Estero,Argentina,2047,-28.48260068,-63.27605082,
Juan José Paso,Buenos Aires,Argentina,2042,-35.84937029,-62.29471763,
Chovet,Santa Fe,Argentina,2042,-33.59899405,-61.60395711,
Pueblo Illia,Misiones,Argentina,2042,-27.1525775,-54.56073619,
Pasteur,Buenos Aires,Argentina,2041,-35.14135851,-62.2441588,
Santa Clara de Saguier,Santa Fe,Argentina,2039,-31.33574881,-61.81783849,
Mones Cazón,Buenos Aires,Argentina,2035,-36.22774913,-62.00673862,
Hernández,Entre Ríos,Argentina,2034,-32.33827142,-60.03212612,
Mayor Drummond Este,Mendoza,Argentina,2034,-33.00587987,-68.84517907,
Sanford,Santa Fe,Argentina,2033,-33.1459879,-61.27720009,
Las Tapias,San Juan,Argentina,2031,-31.4103871,-68.39930985,
Barrio El Milagro,Jujuy,Argentina,2027,-24.4634442,-65.1192041,
Coronel Arias,Jujuy,Argentina,2027,-24.4038463,-65.15384682,
San Cayetano,Corrientes,Argentina,2021,-27.57120859,-58.69587865,
Nueva Atlantis,Buenos Aires,Argentina,2019,-36.76325868,-56.67564957,
Las Peñas,Córdoba,Argentina,2018,-30.56396286,-64.00026658,
Colonia Alberdi,Misiones,Argentina,2017,-27.3600311,-55.2313265,
Villa General Arias,Buenos Aires,Argentina,2015,-38.80952023,-62.10100099,
Maggiolo,Santa Fe,Argentina,2015,-33.72109821,-62.24624783,
Aranguren,Entre Ríos,Argentina,2015,-32.24577552,-60.15835057,
Villa Bolaños,San Juan,Argentina,2013,-31.62893567,-68.48037731,
Maza,Buenos Aires,Argentina,2012,-36.80031605,-63.33928117,
Villa Cacique,Buenos Aires,Argentina,2012,-37.67622544,-59.39618647,
Santa Rita de Catuna,La Rioja,Argentina,2012,-30.9547125,-66.22068932,
San Marcos Sierra,Córdoba,Argentina,2010,-30.7830129,-64.63618957,
Villa Mercedes,San Juan,Argentina,2005,-30.10837438,-68.70320026,
Las Junturas,Córdoba,Argentina,2002,-31.83139621,-63.45063658,
Villa Escolar,Formosa,Argentina,2000,-26.62191679,-58.66970668,
Corralito,Córdoba,Argentina,1999,-32.02372321,-64.1919905,
Barrio La Rotonda,Salta,Argentina,1996,-25.08263504,-65.5376335,
San Carlos Minas,Córdoba,Argentina,1995,-31.17655844,-65.10182012,
Rawson,Buenos Aires,Argentina,1992,-34.60508472,-60.06682504,
Barrio José Hernández,Mendoza,Argentina,1992,-33.39405078,-69.16090483,
Marcelino Escalada,Santa Fe,Argentina,1991,-30.58093514,-60.46830756,
Reducción de Abajo,Mendoza,Argentina,1990,-33.22161392,-68.55748414,
Barrio Los Pioneros (Barrio Tavella),Buenos Aires,Argentina,1987,-34.25252421,-58.95974354,
Patquía,La Rioja,Argentina,1987,-30.04814652,-66.87971656,
Ferri,Río Negro,Argentina,1982,-38.88794283,-68.00752476,
María Cristina,Formosa,Argentina,1981,-22.73868298,-62.2742387,
Capilla San Expedito,Mendoza,Argentina,1980,-32.98425902,-68.39793708,
Dos Acequias,San Juan,Argentina,1979,-31.49485655,-68.41681921,
Laprida,Santiago del Estero,Argentina,1976,-28.37563199,-64.53055172,
El Empalme,Tucumán,Argentina,1975,-26.99549464,-65.00236946,
Reducción,Córdoba,Argentina,1974,-33.20311381,-63.86264553,
La Central,Mendoza,Argentina,1971,-33.27316674,-68.315312,
Los Molinos,Santa Fe,Argentina,1968,-33.10447955,-61.32556405,
Dalmacio Vélez,Córdoba,Argentina,1958,-32.60860036,-63.58349103,
Carreras,Santa Fe,Argentina,1954,-33.59614493,-61.31094872,
Plaza Clucellas,Santa Fe,Argentina,1948,-31.45268095,-61.70678334,
Aldao,Santa Fe,Argentina,1946,-30.98057688,-61.74325303,
Algarrobo Grande,Mendoza,Argentina,1944,-33.13980938,-68.42718796,
Cortínez,Buenos Aires,Argentina,1943,-34.55655159,-59.20398516,
Villa Salavina,Santiago del Estero,Argentina,1943,-28.80431692,-63.42965057,
Lonquimay,La Pampa,Argentina,1941,-36.46640793,-63.62361455,
Bella Italia,Santa Fe,Argentina,1936,-31.28320804,-61.40925778,
Miraflores,Catamarca,Argentina,1936,-28.59873666,-65.90216778,
Fuerte Esperanza,Chaco,Argentina,1935,-25.16051442,-61.84137207,
Alpachiri,La Pampa,Argentina,1929,-37.37683303,-63.77323306,
Laguna Alsina,Buenos Aires,Argentina,1927,-36.80756356,-62.24796612,
Lanteri,Santa Fe,Argentina,1927,-28.84000673,-59.63519428,
San Gustavo,Entre Ríos,Argentina,1920,-30.69028775,-59.39498429,
Estación Chapadmalal,Buenos Aires,Argentina,1918,-38.03665355,-57.7135043,
Colonia Aurora,Misiones,Argentina,1918,-27.47372459,-54.52410878,
San Cayetano,Buenos Aires,Argentina,1915,-35.53539005,-58.01399473,
Facundo Quiroga,Buenos Aires,Argentina,1912,-35.29235519,-61.40580452,
Mattaldi,Córdoba,Argentina,1912,-34.48125659,-64.17069638,
Villa Iris,Buenos Aires,Argentina,1910,-38.17175295,-63.23534291,
Villa Dolores,Catamarca,Argentina,1908,-28.44501207,-65.72127276,
Gödeken,Santa Fe,Argentina,1907,-33.40036861,-61.84433889,
Puerto Bermejo Nuevo,Chaco,Argentina,1906,-26.90778635,-58.54170084,
Coronel Belisle,Río Negro,Argentina,1906,-39.18676619,-65.95479362,
Pozuelos,Santiago del Estero,Argentina,1905,-27.3056395,-64.75493671,
Pereyra,Buenos Aires,Argentina,1897,-34.83617909,-58.09428933,
El Cóndor,Río Negro,Argentina,1896,-41.04128575,-62.82901031,
San Antonio de Litín,Córdoba,Argentina,1888,-32.21358074,-62.63132888,
El Zampalito,Mendoza,Argentina,1883,-33.52880248,-69.00760646,
Villa Riccio - Villa Campi,Buenos Aires,Argentina,1882,-33.36168573,-60.29816659,
Coronel Baigorria,Córdoba,Argentina,1880,-32.84740453,-64.36107701,
Saldungaray,Buenos Aires,Argentina,1866,-38.2052236,-61.76962818,
Río Piedras,Salta,Argentina,1866,-25.31432503,-64.91038168,
El Chaltén,Santa Cruz,Argentina,1866,-49.33282466,-72.88591142,
Barrio Casa Rosada,Tucumán,Argentina,1864,-27.04239024,-65.42993055,
Arenaza,Buenos Aires,Argentina,1863,-34.98502102,-61.77432129,
Kilómetro 26,Misiones,Argentina,1860,-27.73840373,-55.2712249,
Taco Ralo,Tucumán,Argentina,1859,-27.83506838,-65.19460177,
Villa Castelli,La Rioja,Argentina,1855,-29.02014224,-68.22948312,
Anguinán,La Rioja,Argentina,1854,-29.19907419,-67.46214577,
Matará,Santiago del Estero,Argentina,1853,-28.11041391,-63.19507125,
Arelauquen,Río Negro,Argentina,1849,-41.17260307,-71.38204627,
Atlántida,Buenos Aires,Argentina,1848,-37.84770751,-57.51326475,
Vista Alegre Norte,Neuquén,Argentina,1846,-38.73418307,-68.17282303,
Villa Domínguez,Entre Ríos,Argentina,1845,-31.98628889,-58.96153285,
Solís,Buenos Aires,Argentina,1836,-34.29804088,-59.32368162,
La Silleta,Salta,Argentina,1834,-24.87497603,-65.59048045,
Nueva Esperanza,Tucumán,Argentina,1834,-26.70996336,-65.267009,
Los Campamentos,Mendoza,Argentina,1830,-33.27549323,-68.39257953,
Elisa,Santa Fe,Argentina,1828,-30.69449268,-61.04940027,
Pueblo Italiano,Córdoba,Argentina,1824,-33.88241068,-62.84050166,
Fortín Cabo 1º Lugones,Formosa,Argentina,1820,-24.28642263,-59.8276786,
Mártires,Misiones,Argentina,1818,-27.42313195,-55.37729514,
Yala,Jujuy,Argentina,1817,-24.12236165,-65.40157585,
Viamonte,Córdoba,Argentina,1813,-33.74605175,-63.09728163,
Valle de Anisacate,Córdoba,Argentina,1811,-31.7299564,-64.42021374,
Arocena,Santa Fe,Argentina,1809,-32.08248653,-60.97681447,
Santa María,Buenos Aires,Argentina,1808,-37.55840525,-61.87444941,
Alpachiri,Tucumán,Argentina,1808,-27.33578983,-65.75734537,
Loro Huasi,Catamarca,Argentina,1807,-26.7487421,-66.05539608,
Pedernales,Buenos Aires,Argentina,1804,-35.26236266,-59.63067624,
Amenábar,Santa Fe,Argentina,1804,-34.13357798,-62.42338787,
Lezica y Torrezuri,Buenos Aires,Argentina,1800,-34.58548332,-59.05828106,
El Quemado,Santiago del Estero,Argentina,1799,-26.1996927,-64.16626587,
Villa La Ribera,Santa Fe,Argentina,1796,-32.63886594,-60.82266522,
Santo Domingo,Santa Fe,Argentina,1795,-31.12046621,-60.88799395,
Herrera,Entre Ríos,Argentina,1794,-32.43378447,-58.63465324,
El Ramblón,Mendoza,Argentina,1793,-33.15735162,-68.29554391,
Mojón de Fierro,Formosa,Argentina,1788,-26.03318951,-58.049051,
La Laguna,Córdoba,Argentina,1783,-32.80252646,-63.24709334,
Camet Norte,Buenos Aires,Argentina,1782,-37.82448292,-57.49184951,
La Cruz,Córdoba,Argentina,1782,-32.3031136,-64.48304144,
Estación Tacañitas,Santiago del Estero,Argentina,1781,-28.62653829,-62.60691807,
El Paraíso,Tucumán,Argentina,1780,-26.83681465,-65.09530513,
Potrero de Garay,Córdoba,Argentina,1779,-31.78009583,-64.54537763,
Barrio Cooperativa Eléctrica,Mendoza,Argentina,1779,-33.17267675,-68.50234651,
Villa El Tango,San Juan,Argentina,1775,-31.7492563,-68.23608654,
José de San Martín,Chubut,Argentina,1775,-44.05146531,-70.47074135,
Barrio Saavedra,Chubut,Argentina,1773,-45.8415111,-67.5064245,
Susana,Santa Fe,Argentina,1771,-31.35576005,-61.51577995,
Luis Burela,Salta,Argentina,1768,-24.38865176,-63.98786093,
Rapelli,Santiago del Estero,Argentina,1767,-26.3933185,-64.50505128,
Doblas,La Pampa,Argentina,1766,-37.15047026,-64.01152538,
Tabossi,Entre Ríos,Argentina,1763,-31.80165959,-59.93595294,
Colonia Aborigen,Chaco,Argentina,1763,-26.95588816,-60.20287286,
Monteagudo,Tucumán,Argentina,1760,-27.51077678,-65.27732954,
Pasco,Córdoba,Argentina,1756,-32.74621804,-63.34173576,
Cintra,Córdoba,Argentina,1756,-32.30633182,-62.65160608,
Díaz,Santa Fe,Argentina,1756,-32.37058082,-61.08644841,
Estación Taboada,Santiago del Estero,Argentina,1754,-28.00845172,-63.74440996,
Barrio Jesús de Nazaret,Mendoza,Argentina,1752,-33.00956573,-68.71610855,
Conscripto Bernardi,Entre Ríos,Argentina,1751,-31.04624382,-59.08672267,
Barrio Empleados de Comercio,Mendoza,Argentina,1748,-34.55574485,-68.30183305,
Kilómetro 74,Misiones,Argentina,1746,-26.90549951,-54.41756708,
Bernasconi,La Pampa,Argentina,1745,-37.90225262,-63.74295358,
Santa Elena,Buenos Aires,Argentina,1744,-37.86361546,-57.51714984,
San José,Catamarca,Argentina,1742,-26.80124478,-66.06973331,
Idiazabal,Córdoba,Argentina,1739,-32.81253602,-63.0323971,
Tartagal,Santa Fe,Argentina,1739,-28.67105446,-59.84808564,
Colonia San José,Corrientes,Argentina,1739,-28.91279422,-59.0916012,
El Fortín,Córdoba,Argentina,1738,-31.96692021,-62.3001763,
Sierra Colorada,Río Negro,Argentina,1738,-40.58737662,-67.75560415,
Santa  Mónica,Córdoba,Argentina,1737,-32.06882572,-64.57431192,
Villa Alsina,Buenos Aires,Argentina,1736,-33.90766092,-59.39064907,
Kilómetro 68,Misiones,Argentina,1733,-26.93804353,-54.45301409,
Subteniente Perín,Formosa,Argentina,1732,-25.53540882,-60.01882433,
Puerto Yeruá,Entre Ríos,Argentina,1731,-31.5313585,-58.01518271,
Los Blancos,Salta,Argentina,1729,-23.60941522,-62.59478838,
Gobernador López,Misiones,Argentina,1729,-27.66635657,-55.21347098,
Osvaldo Magnasco,Entre Ríos,Argentina,1726,-31.31310294,-58.05932247,
Yataytí Calle,Corrientes,Argentina,1723,-29.02831257,-58.91223269,
El Huecú,Neuquén,Argentina,1719,-37.6449077,-70.5810248,
El Jardín,Salta,Argentina,1717,-26.0795684,-65.39309152,
Barrio La Pega,Mendoza,Argentina,1715,-32.80801606,-68.66954679,
Atalaya,Buenos Aires,Argentina,1712,-35.02429522,-57.53548951,
Bernardo Larroude,La Pampa,Argentina,1707,-35.02594931,-63.58275445,
Villa Sefair,San Juan,Argentina,1706,-31.44246082,-68.44396192,
El Mirador,Mendoza,Argentina,1704,-33.29030102,-68.33931438,
Acevedo,Buenos Aires,Argentina,1700,-33.7550385,-60.43995929,
Guadalupe Norte,Santa Fe,Argentina,1700,-28.9450536,-59.56362593,
Caraguatay,Misiones,Argentina,1700,-26.657281,-54.73917952,
Los Chiriguanos,Formosa,Argentina,1696,-24.09881435,-61.46197429,
Carolina,Corrientes,Argentina,1696,-29.15027713,-59.18179338,
El Brete,Córdoba,Argentina,1693,-30.67263481,-64.87189846,
Villa Mantero,Entre Ríos,Argentina,1692,-32.39836183,-58.74601869,
Piedras Blancas,Entre Ríos,Argentina,1691,-31.18500615,-59.94995771,
Rodeito,Jujuy,Argentina,1690,-24.27154986,-64.76940978,
Pavón,Buenos Aires,Argentina,1688,-36.71074862,-56.73708263,
Cochagual,San Juan,Argentina,1688,-31.88143912,-68.38347372,
Campo Volante,Tucumán,Argentina,1686,-27.27506115,-65.39296771,
El Peral,Mendoza,Argentina,1685,-33.36713446,-69.18408774,
Uribelarrea,Buenos Aires,Argentina,1684,-35.12383051,-58.89203644,
Nono,Córdoba,Argentina,1684,-31.7972047,-65.00249878,
San Javier,Río Negro,Argentina,1684,-40.74979877,-63.26711411,
Los Hornillos,Córdoba,Argentina,1683,-31.90334247,-64.98975494,
Mansupa,Santiago del Estero,Argentina,1681,-27.45840232,-64.90777175,
Comallo,Río Negro,Argentina,1681,-41.03004759,-70.26932323,
Carmen,Santa Fe,Argentina,1680,-33.73033941,-61.7622696,
Santa Victoria,Salta,Argentina,1680,-22.25044422,-64.9647848,
Las Ovejas,Neuquén,Argentina,1677,-36.98897292,-70.74952079,
Chivilcoy,Mendoza,Argentina,1674,-33.04244653,-68.44803233,
Colonia Julio Ulises Martín,Misiones,Argentina,1673,-27.29944429,-55.11478349,
General Guido,Buenos Aires,Argentina,1669,-36.64316659,-57.79050239,
Corcovado,Chubut,Argentina,1668,-43.53930219,-71.46885533,
Villa Llao Llao,Río Negro,Argentina,1667,-41.04938104,-71.51187456,
Laguna Limpia,Chaco,Argentina,1665,-26.49583991,-59.68035688,
Gran Guardia,Formosa,Argentina,1665,-25.86276227,-58.8857286,
Fracrán,Misiones,Argentina,1664,-26.74343187,-54.29745372,
Santa Elena,Córdoba,Argentina,1663,-31.25953703,-64.07458779,
Tupelí,San Juan,Argentina,1663,-31.83611436,-68.35851575,
Camarones,Chubut,Argentina,1662,-44.79845487,-65.71033275,
San Esteban,Córdoba,Argentina,1661,-30.92114076,-64.53637146,
Epuyén,Chubut,Argentina,1658,-42.22922603,-71.37105978,
Barrio Banco Provincia,Buenos Aires,Argentina,1657,-34.87429505,-57.85472612,
Martín Güemes,Misiones,Argentina,1657,-27.32229401,-54.23913116,
Pronunciamiento,Entre Ríos,Argentina,1656,-32.34600706,-58.44417791,
Carmensa,Mendoza,Argentina,1654,-35.14808103,-67.65527497,
San Francisco de Asís,Misiones,Argentina,1652,-27.46265452,-54.74531807,
Pueblo Ledesma,Jujuy,Argentina,1651,-23.8346075,-64.7896499,
Pala Pala,Tucumán,Argentina,1645,-27.05697274,-65.21832852,
Agustín Roca,Buenos Aires,Argentina,1644,-34.50725404,-60.86489882,
Barrio Santa Rosa,Buenos Aires,Argentina,1643,-34.95368498,-58.73710589,
Buey Muerto,Santiago del Estero,Argentina,1643,-27.84123637,-63.93392181,
Parada Orlando,Buenos Aires,Argentina,1638,-34.32650996,-59.07674864,
El Triunfo,Buenos Aires,Argentina,1638,-35.08983004,-61.51882385,
Choya,Santiago del Estero,Argentina,1638,-28.49610343,-64.85628438,
Barrio Los Olivos,Mendoza,Argentina,1638,-32.679323,-68.33186878,
Francisco Madero,Buenos Aires,Argentina,1637,-35.84939792,-62.06664721,
Urdampilleta,Buenos Aires,Argentina,1636,-36.43161907,-61.42010023,
Animaná,Salta,Argentina,1635,-25.96948364,-65.94899523,
Country Club Bosque Real,Buenos Aires,Argentina,1634,-34.58984732,-58.90600678,
Arroyo de la Cruz,Buenos Aires,Argentina,1631,-34.33021494,-59.11397309,
Carrilobo,Córdoba,Argentina,1631,-31.87371488,-63.11739814,
Río Colorado,Tucumán,Argentina,1631,-27.14860572,-65.3569503,
El Sacrificio,Tucumán,Argentina,1631,-27.65101809,-65.57365987,
Germania,Buenos Aires,Argentina,1628,-34.57704294,-62.04783721,
La Tordilla,Córdoba,Argentina,1626,-31.23653777,-63.0610805,
Mechongué,Buenos Aires,Argentina,1624,-38.14622218,-58.22924343,
Wenceslao Escalante,Córdoba,Argentina,1624,-33.171677,-62.76941611,
Barrio Lisandro de la Torre y Santa Marta,Buenos Aires,Argentina,1623,-34.90629189,-58.70654783,
Colonia Paraíso,Misiones,Argentina,1618,-27.22646975,-54.10281718,
Barrios Acapulco y Veracruz,Santa Fe,Argentina,1617,-31.41540069,-62.05862061,
Oriente,Buenos Aires,Argentina,1614,-38.74439879,-60.60936258,
Salsacate,Córdoba,Argentina,1612,-31.31785758,-65.08952531,
Susques,Jujuy,Argentina,1612,-23.39754058,-66.36735061,
Gregoria Pérez de Denis,Santa Fe,Argentina,1611,-28.2274528,-61.52781602,
La Pichana,Mendoza,Argentina,1611,-34.6758141,-68.23178424,
Villa Tulumba,Córdoba,Argentina,1610,-30.39535424,-64.12230894,
Alto Río Senguer,Chubut,Argentina,1608,-45.04188227,-70.8233836,
San Martín,Misiones,Argentina,1607,-27.46604416,-55.27554496,
Nueva California,Mendoza,Argentina,1607,-32.74951882,-68.3241242,
Loteo Navea,Jujuy,Argentina,1602,-24.27028163,-65.27560228,
Charadai,Chaco,Argentina,1602,-27.65236442,-59.86035073,
Villa Los Aromos,Córdoba,Argentina,1596,-31.73448799,-64.43906895,
Sarmiento,Santa Fe,Argentina,1596,-31.05880681,-61.16719748,
Desvío Arijón,Santa Fe,Argentina,1596,-31.87055133,-60.88924605,
La Capilla,Buenos Aires,Argentina,1594,-34.92569198,-58.26469752,
Fortín Olavarría,Buenos Aires,Argentina,1591,-35.70262432,-63.02405745,
La Donosa,Córdoba,Argentina,1591,-31.62131669,-64.38205191,
Banderaló,Buenos Aires,Argentina,1588,-35.0148684,-63.37596182,
La Esperanza,Mendoza,Argentina,1585,-33.32003468,-68.32979536,
Bernardo de Irigoyen,Santa Fe,Argentina,1582,-32.1696834,-61.15668749,
Pie de Palo,San Juan,Argentina,1581,-31.66126518,-68.21970018,
Pirovano,Buenos Aires,Argentina,1580,-36.51015749,-61.555519,
Santa Anita,Entre Ríos,Argentina,1578,-32.17441662,-58.78597586,
Barrio 12 de Octubre,Mendoza,Argentina,1577,-33.19704204,-68.25513875,
El Arañado,Córdoba,Argentina,1571,-31.74303453,-62.88962675,
Picada 37,Misiones,Argentina,1571,-27.10577044,-54.37351366,
Los Árboles,Mendoza,Argentina,1570,-33.18324956,-68.56653668,
Bandera Bajada,Santiago del Estero,Argentina,1568,-27.27329068,-63.51318191,
Isla de Cañas,Salta,Argentina,1567,-22.89913898,-64.66519943,
Cerro de Oro,San Luis,Argentina,1567,-32.3775526,-64.98796556,
Aldea San Antonio,Entre Ríos,Argentina,1565,-32.62517473,-58.70442364,
Parque Norte,Córdoba,Argentina,1559,-31.30049902,-64.17696242,
Villa Libertad,Misiones,Argentina,1559,-27.56543517,-55.3201981,
El Molino,Tucumán,Argentina,1557,-27.3371204,-65.69752419,
Siete Palmas,Formosa,Argentina,1556,-25.20369114,-58.33200322,
Colonia Fiscal,San Juan,Argentina,1556,-31.90220656,-68.47071321,
Campo de Mayo,Buenos Aires,Argentina,1554,-34.55506278,-58.6522136,
Tacural,Santa Fe,Argentina,1553,-30.8462653,-61.59174895,
Los Conquistadores,Entre Ríos,Argentina,1546,-30.59133714,-58.46623571,
Darwin,Río Negro,Argentina,1544,-39.20295442,-65.73975567,
San Manuel,Buenos Aires,Argentina,1543,-37.78648587,-58.84848672,
Luis Palacios,Santa Fe,Argentina,1543,-32.78233998,-60.90458177,
Pueblo Liebig's,Entre Ríos,Argentina,1543,-32.1541902,-58.19207889,
El Espinillo,Chaco,Argentina,1543,-25.40879832,-60.44778487,
Barrio Campos El Toledano,Mendoza,Argentina,1543,-34.57809114,-68.33079947,
La Falda de San Antonio,Catamarca,Argentina,1542,-28.42499261,-65.6967352,
La Cesira,Córdoba,Argentina,1540,-33.95364809,-62.97730295,
Villa Lía,Buenos Aires,Argentina,1538,-34.12320026,-59.43048245,
Villa Olivari,Corrientes,Argentina,1537,-27.63310043,-56.90630544,
López,Santa Fe,Argentina,1532,-31.904816,-61.27775388,
Telén,La Pampa,Argentina,1532,-36.26427842,-65.51117393,
Malanzán,La Rioja,Argentina,1530,-30.80467055,-66.60423425,
Cote Lai,Chaco,Argentina,1523,-27.53142937,-59.57505006,
Ramada Paso,Corrientes,Argentina,1523,-27.36618393,-58.29962404,
Las Garzas,Santa Fe,Argentina,1518,-28.84713737,-59.4996546,
La Carrera,Catamarca,Argentina,1514,-28.35684293,-65.70731144,
Residencial Extraurbano Norte,Buenos Aires,Argentina,1512,-34.90088925,-58.43864341,
Lapachito,Chaco,Argentina,1512,-27.1593325,-59.38541544,
Costasacate,Córdoba,Argentina,1511,-31.64531923,-63.75886866,
Los Cedros,Córdoba,Argentina,1510,-31.52614432,-64.28452442,
Los Compartos,Mendoza,Argentina,1510,-34.97785862,-67.6511707,
El Colorado,Entre Ríos,Argentina,1509,-32.18197312,-58.1946827,
Fraga,San Luis,Argentina,1507,-33.50208707,-65.79264778,
Los Molles,San Luis,Argentina,1506,-32.43859975,-65.0097622,
Las Arrias,Córdoba,Argentina,1504,-30.38174579,-63.59690036,
Yocsina,Córdoba,Argentina,1503,-31.44683776,-64.36462003,
Boca del Tigre,Tucumán,Argentina,1503,-26.76948956,-65.10044858,
Colazo,Córdoba,Argentina,1502,-31.96456143,-63.38267835,
Alta Italia,La Pampa,Argentina,1496,-35.33442369,-64.11714147,
Ingenio Santa Bárbara,Tucumán,Argentina,1493,-27.45618757,-65.60371427,
Misión Chaqueña,Salta,Argentina,1491,-23.26224745,-63.73928656,
Coronel Granada,Buenos Aires,Argentina,1489,-34.79012152,-62.2010232,
Villa Córdoba,Corrientes,Argentina,1487,-28.99165654,-59.075189,
Barda del Medio,Río Negro,Argentina,1486,-38.72563543,-68.15589502,
Medina,Tucumán,Argentina,1485,-27.42189827,-65.53287707,
El Manzano,Córdoba,Argentina,1483,-31.08423084,-64.29869766,
La Tipa,Tucumán,Argentina,1479,-27.38977267,-65.72778341,
Casa Grande,Córdoba,Argentina,1478,-31.15284155,-64.47345456,
Colonia San Bartolomé,Córdoba,Argentina,1478,-31.52790837,-62.72370408,
Villa Recaste,Tucumán,Argentina,1478,-26.88692167,-65.0069083,
Sa Pereyra,Santa Fe,Argentina,1475,-31.57045581,-61.37653414,
Tama,La Rioja,Argentina,1475,-30.50661661,-66.52893127,
Vila,Santa Fe,Argentina,1474,-31.19053047,-61.83290343,
Coronel Charlone,Buenos Aires,Argentina,1473,-34.67401604,-63.36940554,
Villa Roulet,Misiones,Argentina,1468,-26.44236882,-54.64046877,
Villa Clodomiro Hileret,Tucumán,Argentina,1467,-27.47400055,-65.65914638,
Alijilán,Catamarca,Argentina,1462,-28.17939247,-65.49538795,
Country Club El Tipal,Salta,Argentina,1462,-24.75645667,-65.47584711,
Las Varas,Córdoba,Argentina,1461,-31.80243761,-62.61659745,
Las Tejas,Entre Ríos,Argentina,1457,-31.41116059,-58.07926689,
Malbrán,Santiago del Estero,Argentina,1454,-29.34917844,-62.44176955,
Villa La Bolsa,Córdoba,Argentina,1444,-31.72965925,-64.42945142,
Tatané,Formosa,Argentina,1443,-26.39815283,-58.35733695,
Arroyo del Medio,Misiones,Argentina,1442,-27.69825663,-55.4048641,
La Pelada,Santa Fe,Argentina,1440,-30.86624149,-60.96829259,
Sauce Montrull,Entre Ríos,Argentina,1440,-31.74480881,-60.35575734,
Embajador Martini,La Pampa,Argentina,1437,-35.38734848,-64.28276694,
Villa Campanario,Río Negro,Argentina,1436,-41.05481961,-71.47865134,
Raco,Tucumán,Argentina,1433,-26.67821744,-65.42712966,
Barrio Manantial Rosales,Chubut,Argentina,1433,-45.818402,-67.5256775,
Barrio Mitre,Santa Fe,Argentina,1432,-33.25172301,-60.38883548,
Malvinas Argentinas,Buenos Aires,Argentina,1428,-34.49802226,-58.70114689,
Barrio Rivadavia,Mendoza,Argentina,1427,-33.23160657,-68.47683591,
La Aurora,Santiago del Estero,Argentina,1426,-27.49594028,-64.23066495,
Pampayasta Sud,Córdoba,Argentina,1424,-32.25050208,-63.65167624,
San Pablo de Reyes,Jujuy,Argentina,1422,-24.14685401,-65.39394375,
Nuestra Señora de Talavera,Salta,Argentina,1422,-25.45899148,-63.77975792,
Gastona Sud,Tucumán,Argentina,1422,-27.35619929,-65.48990084,
Puerto Viejo,Corrientes,Argentina,1420,-29.00402279,-59.17359967,
Paso Angelito,Formosa,Argentina,1419,-25.2024568,-58.14974359,
El Algarrobo,Mendoza,Argentina,1416,-33.51065814,-69.1336421,
Valle Alegre,Córdoba,Argentina,1414,-31.61214618,-64.44213036,
Diadema Argentina,Chubut,Argentina,1414,-45.77496478,-67.67477414,
Pampa Almirón,Chaco,Argentina,1413,-26.70114934,-59.12404508,
Manuel García Fernández,Tucumán,Argentina,1412,-26.95570339,-65.27207306,
Volcán,Jujuy,Argentina,1410,-23.91715334,-65.4640476,
Colonia Pastoril,Formosa,Argentina,1409,-25.67269319,-58.26149486,
Villa Pehuenia,Neuquén,Argentina,1408,-38.88206303,-71.17315321,
Piñero,Santa Fe,Argentina,1407,-33.10913966,-60.79611239,
Aldea María Luisa,Entre Ríos,Argentina,1402,-31.8838517,-60.41050633,
Samuhú,Chaco,Argentina,1401,-27.51910768,-60.39402597,
Barrio Belgrano Norte,Mendoza,Argentina,1400,-33.33078567,-69.12616408,
Capilla de los Remedios,Córdoba,Argentina,1399,-31.43055588,-63.83242521,
Arroyo Leyes,Santa Fe,Argentina,1398,-31.55872556,-60.517508,
Colonia Marina,Córdoba,Argentina,1397,-31.24876001,-62.36390595,
Villa Canto,Buenos Aires,Argentina,1395,-33.36979262,-60.29527272,
Los Cocos,Córdoba,Argentina,1395,-30.92646468,-64.50039239,
Tamberías,San Juan,Argentina,1388,-30.18302402,-68.7260125,
Manuel Ocampo,Buenos Aires,Argentina,1387,-33.76499642,-60.6510366,
Bañado de Ovanta,Catamarca,Argentina,1385,-28.10628703,-65.31925669,
Landeta,Santa Fe,Argentina,1384,-32.01275407,-62.06228099,
Comunidad Aborigen Bartolomé de las Casas,Formosa,Argentina,1383,-25.34868026,-59.6122308,
Barrio Justo P. Castro IV,San Juan,Argentina,1382,-31.62793676,-68.30206961,
Barrio Mosconi,Río Negro,Argentina,1381,-39.09054486,-67.59102666,
Calabacilla,Entre Ríos,Argentina,1380,-31.50700342,-58.13304698,
San Roque del Lago,Córdoba,Argentina,1379,-31.32390658,-64.45197282,
Cavanagh,Córdoba,Argentina,1379,-33.47376498,-62.33890706,
Arroyo Los Patos,Córdoba,Argentina,1378,-31.76259905,-65.00434891,
Campo de Herrera,Tucumán,Argentina,1377,-27.02639741,-65.34562581,
Puerto Reconquista,Santa Fe,Argentina,1376,-29.2337533,-59.58104011,
Paso de Indios,Chubut,Argentina,1374,-43.86438601,-69.04658617,
Barrio San Jorge,Tucumán,Argentina,1373,-26.67685083,-65.04569572,
Villa Atuel Norte,Mendoza,Argentina,1372,-34.75475679,-68.03101738,
Huacalera,Jujuy,Argentina,1366,-23.4390389,-65.35001133,
Tecka,Chubut,Argentina,1366,-43.49286494,-70.81078074,
Lucila del Mar,Buenos Aires,Argentina,1362,-36.66015496,-56.68245982,
Angélica,Santa Fe,Argentina,1360,-31.55073182,-61.54633855,
El Caramelo,Santa Fe,Argentina,1358,-33.12851622,-60.71340109,
Molinos,Salta,Argentina,1358,-25.43722728,-66.2945118,
Amberes,Tucumán,Argentina,1358,-27.26903251,-65.49009096,
San Miguel,Misiones,Argentina,1357,-26.85365776,-54.88879241,
Barrancas,Neuquén,Argentina,1357,-36.821284,-69.91528429,
Del Carril,Buenos Aires,Argentina,1355,-35.50801722,-59.51371645,
Río Muerto,Chaco,Argentina,1350,-26.30712611,-61.65575944,
Los Pereyra,Tucumán,Argentina,1348,-26.94369915,-64.87679546,
Villa Seca,Mendoza,Argentina,1342,-33.56865304,-69.17385137,
Cañada de Luque,Córdoba,Argentina,1341,-30.73523754,-63.72397103,
Cañada de la Costa,Santiago del Estero,Argentina,1341,-27.45484434,-64.79939209,
Barrio Caima,Santa Fe,Argentina,1337,-31.83792007,-60.86503259,
La Maruja,La Pampa,Argentina,1337,-35.67387896,-64.94213965,
Barrio Chivilcoy,Mendoza,Argentina,1336,-33.041959,-68.35270688,
El Nihuil,Mendoza,Argentina,1336,-35.02729288,-68.67281231,
Tejas Tres,Córdoba,Argentina,1332,-31.44021985,-64.31461006,
Charras,Córdoba,Argentina,1329,-33.02537911,-64.04687455,
Cachi Adentro,Salta,Argentina,1328,-25.0967193,-66.19909001,
Cerro Corá,Misiones,Argentina,1328,-27.51191719,-55.6096055,
Barker,Buenos Aires,Argentina,1323,-37.63966065,-59.39112914,
Sarmiento,Córdoba,Argentina,1321,-30.7744712,-64.10950291,
El Caimán,Corrientes,Argentina,1320,-28.04072427,-57.68964303,
Chazón,Córdoba,Argentina,1317,-33.07786868,-63.27506881,
Villa Río Hondo,Santiago del Estero,Argentina,1316,-27.59435546,-64.91564512,
Río de los Sauces,Córdoba,Argentina,1309,-32.52864216,-64.58868756,
Colonia Mayo - Barrio La Milagrosa,Tucumán,Argentina,1308,-26.83375355,-64.98818467,
El Puesto,Catamarca,Argentina,1307,-26.6772483,-66.04058805,
Arroyo Algodón,Córdoba,Argentina,1306,-32.20118701,-63.16512476,
Barrio Intendencia,Mendoza,Argentina,1305,-34.6468691,-68.2649912,
El Diquecito,Córdoba,Argentina,1303,-31.35108367,-64.3653214,
Los Cardos,Santa Fe,Argentina,1301,-32.32226134,-61.63158634,
Vinará,Santiago del Estero,Argentina,1301,-27.37889945,-64.79460184,
Bustinza,Santa Fe,Argentina,1299,-32.73824264,-61.29081996,
Las Carabelas,Buenos Aires,Argentina,1296,-34.03687453,-60.86762119,
Bouquet,Santa Fe,Argentina,1296,-32.4236315,-61.88973606,
Quirós,Catamarca,Argentina,1295,-28.78588772,-65.11095371,
Mancopa,Tucumán,Argentina,1295,-27.02878504,-65.15422737,
Arroyo El Pedregoso,Chubut,Argentina,1294,-42.138492,-71.40954235,
Barrio Costa Oeste,Río Negro,Argentina,1293,-39.02807402,-67.84069505,
Juan B. Molina,Santa Fe,Argentina,1291,-33.49383722,-60.51078444,
Sierra de Oro,Misiones,Argentina,1291,-27.32504293,-54.97189123,
Los Sauces,Mendoza,Argentina,1291,-33.59446419,-69.17549805,
Los Toldos,Salta,Argentina,1289,-22.28036962,-64.69892089,
Barrio Castelli,Chubut,Argentina,1289,-45.81638972,-67.4764195,
San Carlos Norte,Santa Fe,Argentina,1288,-31.67354458,-61.07476703,
Nueva Colonia,Mendoza,Argentina,1286,-33.27507611,-68.9085655,
Carlos Keen,Buenos Aires,Argentina,1282,-34.48675183,-59.21954621,
Arroyo Ceibal,Santa Fe,Argentina,1282,-28.72308124,-59.47769769,
El Tropezón,Mendoza,Argentina,1282,-34.68390844,-68.2778978,
Tamberías,San Juan,Argentina,1278,-31.45809886,-69.42155269,
Country Jockey Club,Tucumán,Argentina,1277,-26.79113032,-65.28490076,
Cañada Escobar,Santiago del Estero,Argentina,1275,-27.70849722,-64.02315475,
Pago de los Deseos,Corrientes,Argentina,1274,-28.20719366,-58.44859161,
Río Chico,Tucumán,Argentina,1273,-27.48004512,-65.62513543,
Barrio SADOP - Bella Vista,San Juan,Argentina,1270,-31.53421478,-68.39847426,
Villa Robles,Santiago del Estero,Argentina,1269,-27.91874522,-64.11017924,
Puerto Argentino,Misiones,Argentina,1269,-26.95301017,-54.33116578,
La Paquita,Córdoba,Argentina,1268,-30.90928974,-62.21611231,
Colonia Belgrano,Santa Fe,Argentina,1268,-31.90945103,-61.40091859,
Bonpland,Corrientes,Argentina,1268,-29.81747153,-57.42783254,
Paso Viejo,Córdoba,Argentina,1267,-30.76743846,-65.1904311,
Tarumá,Misiones,Argentina,1267,-26.71743571,-54.72006143,
Coronel Mollinedo,Salta,Argentina,1266,-24.54000885,-64.10083934,
Teniente Berdina,Tucumán,Argentina,1265,-27.05033755,-65.48770272,
Siján,Catamarca,Argentina,1262,-28.26149322,-66.2242785,
Villa Chicligasta,Tucumán,Argentina,1261,-27.43408154,-65.16424076,
Yacutinga,Misiones,Argentina,1261,-27.24083886,-55.34329481,
Kilómetro 84,Misiones,Argentina,1260,-26.84612202,-54.36714059,
Nogolí,San Luis,Argentina,1259,-32.91866741,-66.32471458,
Chalicán,Jujuy,Argentina,1258,-24.06935652,-64.80640335,
Lote 8,Formosa,Argentina,1258,-22.84131769,-62.2769595,
Barrio Santa Rita,Tucumán,Argentina,1257,-26.72105119,-65.16797524,
El Rabón,Santa Fe,Argentina,1256,-28.22117761,-59.2642199,
Godoy,Santa Fe,Argentina,1254,-33.367191,-60.5093017,
La Candelaria,Salta,Argentina,1253,-26.1273433,-65.0513221,
Antofagasta de la Sierra,Catamarca,Argentina,1246,-26.05926664,-67.40655171,
Garaví,Corrientes,Argentina,1243,-28.23031863,-55.78440999,
Barrio Alto del Olvido,Mendoza,Argentina,1240,-32.66965055,-68.58000123,
San Antonio de Apipé Grande,Corrientes,Argentina,1239,-27.50822884,-56.74523551,
Vinalito,Jujuy,Argentina,1237,-23.66791856,-64.41366011,
Villada,Santa Fe,Argentina,1236,-33.34884921,-61.44662032,
Villa Tercera,Tucumán,Argentina,1235,-26.89169711,-65.01255126,
Tapia,Tucumán,Argentina,1234,-26.59392416,-65.27887706,
Ciervo Petiso,Chaco,Argentina,1232,-26.58014248,-59.6300338,
Salvador María,Buenos Aires,Argentina,1228,-35.300671,-59.17013592,
Puesto La Soledad,Santiago del Estero,Argentina,1228,-27.42331653,-64.8187403,
Los Pereyra,Santiago del Estero,Argentina,1227,-27.94916635,-64.06511392,
Colonia Primavera,Misiones,Argentina,1226,-27.13228109,-54.15149985,
Misión La Paz,Salta,Argentina,1225,-22.38137003,-62.51758684,
La Misión,Salta,Argentina,1223,-23.37331279,-64.42982677,
Villa La Punta,Santiago del Estero,Argentina,1222,-28.36972599,-64.794672,
Vera y Pintado,Santa Fe,Argentina,1221,-30.14427006,-60.33880769,
Cucullú,Buenos Aires,Argentina,1219,-34.44335806,-59.36022042,
Portezuelo,La Rioja,Argentina,1219,-30.83690637,-66.70180267,
Coronel Martínez de Hoz,Buenos Aires,Argentina,1217,-35.33075706,-61.61430522,
Country Club La Almudena,Salta,Argentina,1217,-24.76166309,-65.46657248,
Mojón Grande,Misiones,Argentina,1217,-27.71204138,-55.15743398,
Copetonas,Buenos Aires,Argentina,1216,-38.72144087,-60.45174372,
La Ramada,Córdoba,Argentina,1216,-32.29872232,-65.03654539,
Colonia Elía,Entre Ríos,Argentina,1215,-32.67040333,-58.32535136,
Aldea Brasilera,Entre Ríos,Argentina,1214,-31.88983317,-60.59079327,
Tres de Abril,Corrientes,Argentina,1214,-28.42819083,-58.9506678,
El Socorro,Buenos Aires,Argentina,1213,-33.66370177,-60.70857996,
Rincón de Santa Lucía,Corrientes,Argentina,1211,-29.02461345,-59.14367492,
Las Coloradas,Neuquén,Argentina,1211,-39.55640685,-70.59415266,
Timbó Viejo,Tucumán,Argentina,1210,-26.66115233,-65.12980893,
Italó,Córdoba,Argentina,1209,-34.79080612,-63.78035739,
El Pastal,Mendoza,Argentina,1209,-32.76859017,-68.70404904,
General Manuel Jorge Campos,La Pampa,Argentina,1208,-37.46145434,-63.58575752,
El Charco,Santiago del Estero,Argentina,1208,-27.22576802,-64.70030271,
San Miguel,La Rioja,Argentina,1207,-29.17824261,-67.47442199,
Carrizales,Santa Fe,Argentina,1206,-32.50873893,-61.03220358,
Melo,Córdoba,Argentina,1201,-34.34867548,-63.44515058,
Manfredi,Córdoba,Argentina,1200,-31.84575732,-63.74755801,
Luyaba,Córdoba,Argentina,1200,-32.14972119,-65.05848257,
Arata,La Pampa,Argentina,1200,-35.63908213,-64.35636351,
Villa Las Pirquitas,Catamarca,Argentina,1200,-28.27990338,-65.73211064,
Aminga,La Rioja,Argentina,1199,-28.8477653,-66.9304966,
Huanchillas,Córdoba,Argentina,1198,-33.6684903,-63.63625922,
Rumi Punco,Tucumán,Argentina,1198,-27.98518334,-65.57361056,
Colonia Libertad,Corrientes,Argentina,1197,-30.0433034,-57.82170832,
Pozo de los Algarrobos,San Juan,Argentina,1197,-31.7024185,-68.2143507,
Cruz de los Milagros,Corrientes,Argentina,1196,-28.83612382,-59.00600514,
Simbol,Santiago del Estero,Argentina,1195,-28.10106904,-64.21357052,
Nazareno,Salta,Argentina,1194,-22.5094768,-65.10237638,
Colonia Pando,Corrientes,Argentina,1194,-28.52379744,-58.48758532,
Medellín,Santiago del Estero,Argentina,1193,-28.65234134,-63.78550744,
Villa Independencia,San Juan,Argentina,1192,-31.62458302,-68.31392547,
Vivoratá,Buenos Aires,Argentina,1191,-37.66315509,-57.66812081,
Duggan,Buenos Aires,Argentina,1191,-34.20738219,-59.63702218,
Ingeniero Gustavo André,Mendoza,Argentina,1190,-32.67945967,-68.31705846,
Uriburu,La Pampa,Argentina,1187,-36.50632024,-63.86010897,
Colonia Menonita,La Pampa,Argentina,1187,-37.5918454,-63.89520211,
Villa El Palmar,Chaco,Argentina,1187,-26.45450402,-60.16440488,
Arroyo Aguiar,Santa Fe,Argentina,1186,-31.43208714,-60.66793123,
Urquiza,Buenos Aires,Argentina,1185,-33.9243095,-60.38283966,
Los Zapallos,Santa Fe,Argentina,1184,-31.49200305,-60.42897749,
Barrio Araujo,Tucumán,Argentina,1184,-26.84200338,-65.27224501,
Barrio Nuestra Señora de Fátima,Mendoza,Argentina,1184,-33.12535828,-68.34789517,
Río Pico,Chubut,Argentina,1184,-44.17935488,-71.36831811,
Villa Fontana,Córdoba,Argentina,1183,-30.8937077,-63.11715294,
Desaguadero,Mendoza/San Luis,Argentina,1181,-33.40253866,-67.15549971,
El Carmen,Mendoza,Argentina,1180,-32.71685605,-68.39987779,
Puente Cero,Río Negro,Argentina,1180,-39.02911656,-67.49967737,
Ambrosetti,Santa Fe,Argentina,1179,-30.01524163,-61.57602296,
Coronel Rodolfo S. Domínguez,Santa Fe,Argentina,1175,-33.18370488,-60.72198106,
Comandancia Frías,Chaco,Argentina,1173,-24.56488692,-62.23794963,
El Rincón,San Juan,Argentina,1172,-31.67013061,-68.31730581,
Entre Ríos,Chubut,Argentina,1172,-42.00959799,-71.56988324,
Ausonia,Córdoba,Argentina,1169,-32.661795,-63.24311295,
Cardón Esquina,Santiago del Estero,Argentina,1169,-27.33831481,-63.50231187,
Riacho Negro,Formosa,Argentina,1168,-25.42397087,-57.79327966,
Pueblo Brugo,Entre Ríos,Argentina,1167,-31.38732909,-60.09181412,
Barrio ODIJ,Jujuy,Argentina,1167,-24.3926777,-65.2210661,
Country San Isidro - Country Chacras de la Villa,Córdoba,Argentina,1166,-31.29909694,-64.23689313,
Santiago de Liniers,Misiones,Argentina,1166,-26.40118992,-54.41564735,
Los Teales,Misiones,Argentina,1166,-27.06032201,-55.09890027,
Colonia Yrigoyen,Mendoza,Argentina,1166,-33.04431257,-68.73023354,
Indio Rico,Buenos Aires,Argentina,1164,-38.3304457,-60.88524184,
Corral Quemado,Catamarca,Argentina,1164,-27.14480107,-66.9447586,
Esquiú,Catamarca,Argentina,1161,-29.37886101,-65.29026282,
Pacará,Tucumán,Argentina,1161,-26.89924243,-65.14962568,
Los Bulacios,Tucumán,Argentina,1161,-26.99581278,-65.22240993,
El Toledano Norte,Mendoza,Argentina,1161,-34.55554062,-68.3598889,
Loteo Moyano,Mendoza,Argentina,1160,-33.34439255,-69.11669247,
El Rodeo,Catamarca,Argentina,1159,-28.21269676,-65.87648737,
Colonia Urquiza,Buenos Aires,Argentina,1158,-34.94437156,-58.09051353,
Alicia Alta,Misiones,Argentina,1156,-27.37781822,-54.35209801,
Labordeboy,Santa Fe,Argentina,1155,-33.71764603,-61.31407647,
Candioti,Santa Fe,Argentina,1155,-31.40139035,-60.74898161,
Lozada,Córdoba,Argentina,1153,-31.64967812,-64.08970445,
Inés Indart,Buenos Aires,Argentina,1150,-34.39629255,-60.53684965,
Soledad,Santa Fe,Argentina,1150,-30.61964925,-60.91451377,
El Caburé,Santiago del Estero,Argentina,1149,-26.01588421,-62.3341734,
Hickman,Salta,Argentina,1148,-23.2124518,-63.56660662,
Piñalito Norte,Misiones,Argentina,1148,-25.93311458,-53.9329622,
El Cholar,Neuquén,Argentina,1146,-37.44148104,-70.64544559,
Barrio Paraíso del Paso,Corrientes,Argentina,1145,-27.38160335,-58.56332503,
Las Chacras,Córdoba,Argentina,1142,-32.24243189,-65.03001575,
El Pingo,Entre Ríos,Argentina,1140,-31.5829676,-59.8908483,
Bananal,Jujuy,Argentina,1140,-23.56643634,-64.49921287,
El Deán,Santiago del Estero,Argentina,1140,-27.71464702,-64.33128746,
Dos Arroyos,Misiones,Argentina,1140,-27.69907522,-55.25182177,
Garabato,Santa Fe,Argentina,1139,-28.95449009,-60.13507676,
Puerto Pilcomayo,Formosa,Argentina,1139,-25.37222441,-57.65160648,
Las Violetas,Mendoza,Argentina,1139,-32.8225162,-68.60488116,
Las Corzuelas,Córdoba,Argentina,1138,-31.24062371,-64.26320491,
Villa Urquiza,Entre Ríos,Argentina,1137,-31.64952121,-60.37689591,
Los Lapachos,Jujuy,Argentina,1137,-24.47699798,-65.07672041,
San Alfonso,Misiones,Argentina,1136,-26.80685925,-54.31693136,
Media Naranja,Córdoba,Argentina,1132,-30.64407669,-64.92825613,
Bengolea,Córdoba,Argentina,1132,-33.0247715,-63.6698958,
Cerro Colorado,San Luis,Argentina,1132,-33.2514037,-66.22736127,
Villa Alberdi,Río Negro,Argentina,1129,-39.12861962,-67.0467722,
Coronel Mom,Buenos Aires,Argentina,1128,-34.84453679,-60.30630115,
Gessler,Santa Fe,Argentina,1127,-31.87429895,-61.12686402,
Ensenada Grande,Corrientes,Argentina,1127,-27.36820064,-58.41561304,
Mondorí,Misiones,Argentina,1125,-26.36414645,-54.08630952,
Barrio Restinga Alí,Chubut,Argentina,1125,-45.79315743,-67.4078416,
Gualjaina,Chubut,Argentina,1124,-42.72383226,-70.53772002,
Pipinas,Buenos Aires,Argentina,1123,-35.53019763,-57.32832429,
Punta del Monte,San Juan,Argentina,1123,-31.65683315,-68.4661453,
Barrio Los Jarilleros,Mendoza,Argentina,1122,-32.71630454,-68.65210614,
Gramilla,Santiago del Estero,Argentina,1121,-27.29663055,-64.61028095,
Kilómetro 130,Misiones,Argentina,1120,-26.01590088,-53.86019042,
1º de Mayo,Misiones,Argentina,1119,-27.16799085,-55.02906271,
Barrio Jocolí II,Mendoza,Argentina,1119,-32.65666623,-68.65894913,
Punta Indio,Buenos Aires,Argentina,1118,-35.26856278,-57.24747049,
Santa Ana,Entre Ríos,Argentina,1118,-30.89937002,-57.93107825,
Mutquin,Catamarca,Argentina,1116,-28.31484695,-66.14901419,
Loreto,Misiones,Argentina,1116,-27.33294518,-55.52224946,
Ministro Ramos Mexía,Río Negro,Argentina,1114,-40.50703691,-67.26061543,
Bulnes,Córdoba,Argentina,1112,-33.50592618,-64.67821867,
San Eduardo,Santa Fe,Argentina,1111,-33.87124621,-62.08892588,
La Salina,Tucumán,Argentina,1111,-26.71604629,-65.14678536,
Colonia Progreso,Misiones,Argentina,1109,-27.39547213,-54.44921397,
Pindapoy,Misiones,Argentina,1108,-27.74942315,-55.79477896,
Hualfín,Catamarca,Argentina,1107,-27.22476679,-66.83399928,
La Ramadita,Catamarca,Argentina,1106,-27.68445977,-67.61943925,
El Bracho,Tucumán,Argentina,1106,-26.99216892,-65.18190437,
Villa de la Quebrada,San Luis,Argentina,1104,-33.01602116,-66.28805665,
Barrio El Pilar,Río Negro,Argentina,1104,-41.18200507,-71.35108591,
Labardén,Buenos Aires,Argentina,1100,-36.94896636,-58.10356763,
El Mollar,Salta,Argentina,1100,-25.03711942,-65.57216259,
Choromoro,Tucumán,Argentina,1100,-26.4112743,-65.31995699,
San Fabián,Santa Fe,Argentina,1099,-32.13792672,-60.98312261,
Chuscha,Tucumán,Argentina,1099,-26.38916732,-65.42848883,
Juan Adán Pradere,Buenos Aires,Argentina,1097,-39.60245158,-62.65279464,
Barrio Santa Paula,Buenos Aires,Argentina,1096,-37.93054107,-57.68364036,
Mariano Hermenegildo Alfonzo,Buenos Aires,Argentina,1094,-33.91350853,-60.83712546,
Colonia Juliá y Echarren,Río Negro,Argentina,1094,-39.03455915,-64.02846693,
Gardey,Buenos Aires,Argentina,1091,-37.27972503,-59.36286882,
Bouwer,Córdoba,Argentina,1091,-31.5581327,-64.19069026,
Palo Blanco,Catamarca,Argentina,1091,-27.3349292,-67.75498118,
El Sombrero,Corrientes,Argentina,1090,-27.70354282,-58.76860599,
Cafferata,Santa Fe,Argentina,1088,-33.43953723,-62.08618773,
San Pablo,Santiago del Estero,Argentina,1088,-27.46686556,-64.84172241,
Fortín Lavalle,Chaco,Argentina,1087,-25.70449024,-60.20148555,
Anchoris,Mendoza,Argentina,1085,-33.32710924,-68.9253197,
Atahona,Tucumán,Argentina,1084,-27.41686735,-65.28668115,
Enrique Carbó,Entre Ríos,Argentina,1081,-33.14546107,-59.20805582,
San Isidro,San Juan,Argentina,1081,-30.14121603,-68.70588562,
Colonia Tinco,Santiago del Estero,Argentina,1078,-27.41480133,-64.94077123,
Colonia Rodas,San Juan,Argentina,1078,-31.61912278,-68.50191399,
Panambí,Misiones,Argentina,1076,-27.72202804,-54.91482578,
Barrio Yuquerí Chico,Entre Ríos,Argentina,1074,-31.43845507,-58.1216263,
Barrio Pino Azul,Río Negro,Argentina,1074,-39.05908468,-67.58481473,
Primavera,Misiones,Argentina,1073,-27.22850892,-54.73482244,
Santa Margarita,Santa Fe,Argentina,1070,-28.31382365,-61.54875433,
Colonia Carlos Pellegrini,Corrientes,Argentina,1070,-28.53723569,-57.17135009,
Loma Verde,Buenos Aires,Argentina,1069,-35.27400916,-58.40382825,
Alto Alegre,Córdoba,Argentina,1066,-32.34468872,-62.88491358,
Lucero Cue,Formosa,Argentina,1066,-25.24883988,-58.04817683,
Los Amores,Santa Fe,Argentina,1065,-28.10182059,-59.9779636,
Pluma de Pato,Salta,Argentina,1065,-23.37124165,-63.09672276,
Panambi Kilómetro 15,Misiones,Argentina,1065,-27.70915033,-54.96744951,
Caviahue,Neuquén,Argentina,1065,-37.8710797,-71.05505825,
Guardia Escolta,Santiago del Estero,Argentina,1062,-28.98833854,-62.12659952,
Villa Mazán,La Rioja,Argentina,1061,-28.66410364,-66.54447406,
San Martín,San Luis,Argentina,1061,-32.4106038,-65.67571164,
Pomona,Río Negro,Argentina,1061,-39.48704613,-65.61079635,
Pavón,Santa Fe,Argentina,1060,-33.24290066,-60.40711242,
Guampacha,Santiago del Estero,Argentina,1060,-28.0126135,-64.79145158,
Villa Amelia,Santa Fe,Argentina,1059,-33.17590796,-60.66410115,
Alto de Sierra,San Juan,Argentina,1059,-31.53893297,-68.4139211,
Barrio Escuela 461,Misiones,Argentina,1058,-27.62445922,-55.039468,
Villa Dominguito,San Juan,Argentina,1057,-31.5591623,-68.30050206,
Macomitas,Tucumán,Argentina,1054,-26.73046109,-65.01072335,
Soldado Maldonado,Tucumán,Argentina,1054,-27.14410408,-65.56543578,
Las Compuertas,Mendoza,Argentina,1054,-33.03850478,-68.9964459,
Colonia Aborigen,Formosa,Argentina,1050,-24.95886349,-58.80279019,
Costa Carrizal,Corrientes,Argentina,1049,-28.37080947,-58.93550942,
Barrio María Elvira,Río Negro,Argentina,1049,-38.99160831,-67.96476036,
Las Playas,Córdoba,Argentina,1048,-30.70674061,-64.84729585,
Eusebia y Carolina,Santa Fe,Argentina,1048,-30.94772778,-61.85607586,
Padre Lozano,Salta,Argentina,1048,-23.21843911,-63.84412651,
Matorrales,Córdoba,Argentina,1047,-31.71471056,-63.51071835,
Capitán Cáceres,Tucumán,Argentina,1047,-27.19006993,-65.60473239,
Roca Chica,Misiones,Argentina,1047,-27.21424584,-55.42001727,
Mar Azul,Buenos Aires,Argentina,1046,-37.33993508,-57.0399189,
Alpa Corral,Córdoba,Argentina,1046,-32.69211241,-64.7235966,
Pituil,La Rioja,Argentina,1046,-28.57597825,-67.4490937,
Manantiales,Jujuy,Argentina,1046,-24.53430916,-64.97690251,
Ayuncha,Santiago del Estero,Argentina,1046,-28.47704806,-64.04460014,
Barrio Escuela 633,Misiones,Argentina,1046,-27.47035548,-55.08058845,
Selvas del Río de Oro,Chaco,Argentina,1042,-26.80235275,-58.95702662,
Las Chimbas,Mendoza,Argentina,1041,-33.00859022,-68.4787205,
Barrio de los Pescadores,Chaco,Argentina,1038,-27.46106006,-58.86757406,
Mi Valle,Córdoba,Argentina,1037,-31.58449,-64.35625742,
Villa Silípica,Santiago del Estero,Argentina,1037,-28.10846374,-64.14959874,
Chorotis,Chaco,Argentina,1037,-27.91464453,-61.40139931,
Piedrabuena,Tucumán,Argentina,1036,-26.73834733,-64.6481611,
Medanitos,Catamarca,Argentina,1035,-27.52424046,-67.5912878,
Tricao Malal,Neuquén,Argentina,1035,-37.04473673,-70.32482026,
Mar Chiquita,Buenos Aires,Argentina,1034,-37.74553948,-57.42541028,
Berutti,Buenos Aires,Argentina,1034,-35.85263194,-62.51237808,
Las Vertientes,Córdoba,Argentina,1034,-33.28344479,-64.57771248,
Colonia La Flor,Misiones,Argentina,1034,-27.04363545,-54.16266619,
Villa Arrieta,Buenos Aires,Argentina,1032,-36.94380851,-60.15835098,
Bajada del Agrio,Neuquén,Argentina,1032,-38.40743814,-70.03310559,
Tobuna,Misiones,Argentina,1031,-26.4699729,-53.89112617,
Gastona Norte,Tucumán,Argentina,1030,-27.31310023,-65.50845788,
Pagancillo,La Rioja,Argentina,1029,-29.54156859,-68.09993733,
Pampa Blanca,Catamarca,Argentina,1027,-27.65252699,-67.61476496,
El Aguilar,Jujuy,Argentina,1027,-23.21333918,-65.67892777,
El Rincón,San Juan,Argentina,1027,-31.44821246,-68.54120301,
El Hueco,Catamarca,Argentina,1026,-28.42207058,-65.71176374,
Los Pizarros,Tucumán,Argentina,1026,-27.74997378,-65.63627876,
Las Delicias,Santiago del Estero,Argentina,1025,-26.67691449,-64.00589668,
Rincón del Atuel,Mendoza,Argentina,1024,-34.73437785,-68.37021365,
Sargento Cabral,Santa Fe,Argentina,1023,-33.43133493,-60.62928657,
Los Médanos,San Juan,Argentina,1023,-31.62792597,-68.24212233,
1º de Mayo,Entre Ríos,Argentina,1022,-32.25537317,-58.42260019,
Garruchos,Corrientes,Argentina,1021,-28.17374102,-55.65064433,
Gilbert,Entre Ríos,Argentina,1020,-32.53583217,-58.93400999,
General Alvear,Misiones,Argentina,1020,-27.42634683,-55.16960345,
Cruz de Piedra,San Luis,Argentina,1017,-33.26604799,-66.21577985,
Colonia Aracaguá,Misiones,Argentina,1015,-27.47864671,-54.84815819,
La Arboleda Sur,Mendoza,Argentina,1013,-33.37490284,-69.11448723,
Los Núñez,Santiago del Estero,Argentina,1012,-27.53422082,-64.52883457,
Villa María Irene de los Remedios Escalada,Buenos Aires,Argentina,1011,-34.56491129,-58.592619,
Los Costilla,Tucumán,Argentina,1011,-27.22076198,-65.47059461,
Kilómetro 17,Misiones,Argentina,1011,-27.31574014,-54.90272589,
Alto Salvador Sur,Mendoza,Argentina,1011,-33.03608182,-68.4666742,
Playa Dorada,Buenos Aires,Argentina,1009,-37.87349093,-57.51918237,
Colonia Seré,Buenos Aires,Argentina,1009,-35.43647039,-62.72792913,
Colonia del Valle,Catamarca,Argentina,1009,-28.65360707,-65.8678577,
Fortuna,San Luis,Argentina,1009,-35.13070043,-65.38309285,
La Dársena,Santiago del Estero,Argentina,1008,-27.69841995,-64.28834299,
Barrio Virgen del Rosario,Mendoza,Argentina,1008,-32.70182135,-68.31451534,
Maco,Santiago del Estero,Argentina,1007,-27.87026325,-64.2165932,
El Colorado,Santiago del Estero,Argentina,1007,-27.91453435,-62.17735729,
Irala,Buenos Aires,Argentina,1006,-34.77020393,-60.69102175,
Estación Clucellas,Santa Fe,Argentina,1006,-31.52410822,-61.71835513,
Palmar Grande,Corrientes,Argentina,1005,-27.94126729,-57.90095821,
Andrade,Mendoza,Argentina,1005,-33.1822486,-68.52444442,
San Isidro,Corrientes,Argentina,1004,-29.49839145,-59.3151959,
Irigoyen,Santa Fe,Argentina,1003,-32.15814733,-61.11022985,
Tres Capones,Misiones,Argentina,1002,-28.00425311,-55.60940415,
Villa Ventana,Buenos Aires,Argentina,1001,-38.08194434,-61.92980529,
La Loma,Corrientes,Argentina,1001,-28.98422638,-59.14943505,
La Puntilla,San Juan,Argentina,999,-31.5902284,-68.30605243,
Barrio El Zorzal,Buenos Aires,Argentina,998,-34.38974548,-59.12427761,
Coronel Arnold,Santa Fe,Argentina,998,-33.10602094,-60.96680969,
Kilómetro 477,Santiago del Estero,Argentina,998,-28.27734716,-61.93185999,
Pozo de Maza,Formosa,Argentina,998,-23.57032191,-61.70806003,
Barrio María Auxiliadora,Mendoza,Argentina,998,-33.24394533,-68.17355796,
Josefina,Santa Fe,Argentina,997,-31.4063019,-61.99195619,
Zanja Honda,Salta,Argentina,996,-22.46839999,-63.79117353,
Bahía San Blas,Buenos Aires,Argentina,995,-40.55464812,-62.23676311,
Pampa Vieja,San Juan,Argentina,995,-30.21813963,-68.68816345,
El Milagro,Tucumán,Argentina,993,-27.42064439,-65.4982292,
Campanas,La Rioja,Argentina,992,-28.55258009,-67.62788198,
Chaquiago,Catamarca,Argentina,991,-27.5478659,-66.32687161,
Tacuara,Misiones,Argentina,991,-27.27393504,-55.25866196,
Misión Kilómetro 6,Salta,Argentina,990,-22.51346059,-63.75324944,
Pueblo Doyle,Buenos Aires,Argentina,988,-33.90181379,-59.81900401,
Tuclame,Córdoba,Argentina,987,-30.74659145,-65.23562126,
Colalao del Valle,Tucumán,Argentina,987,-26.36310732,-65.95706754,
La Tuna,Tucumán,Argentina,987,-27.31842925,-65.44936158,
Arizona,San Luis,Argentina,985,-35.72507849,-65.32048758,
Cushamen Centro,Chubut,Argentina,985,-42.17301761,-70.66139779,
Intiyaco,Santa Fe,Argentina,984,-28.67486568,-60.07070124,
Capioviciño,Misiones,Argentina,984,-26.89171319,-55.07223996,
Niquivil,San Juan,Argentina,982,-30.40890379,-68.69134702,
El Vergel,Mendoza,Argentina,981,-32.78547667,-68.61193166,
Bañado de Soto,Córdoba,Argentina,980,-30.79513069,-65.05264145,
Juanita,Misiones,Argentina,978,-26.37865534,-53.89699061,
Gambaí,Corrientes,Argentina,978,-28.57520866,-56.0826117,
Barrio Molina Cabrera,Mendoza,Argentina,978,-33.10904755,-68.1875185,
Mariño,Tucumán,Argentina,976,-26.73690604,-65.03355385,
Huasa Pampa,Tucumán,Argentina,976,-27.24160226,-65.49414472,
El Chilcal,Mendoza,Argentina,976,-32.75883877,-68.63414584,
Barrio Parque General San Martín,Buenos Aires,Argentina,975,-34.56563654,-58.58613156,
Escuela 357,Misiones,Argentina,975,-26.33250483,-53.87135334,
Río del Valle,Salta,Argentina,974,-24.67479842,-64.20134999,
Huaco,San Juan,Argentina,974,-30.1577546,-68.4824276,
El Perdido,Buenos Aires,Argentina,973,-38.67725966,-61.08617917,
La Cautiva,Córdoba,Argentina,973,-33.97964497,-64.08345624,
Guerrico,Buenos Aires,Argentina,972,-33.67612925,-60.40016514,
Los Alisos,Jujuy,Argentina,972,-24.26857363,-65.30029566,
Gato Colorado,Santa Fe,Argentina,971,-28.02238972,-61.18658218,
Domingo Millán,Tucumán,Argentina,970,-27.6398658,-65.59557774,
Tranquitas,Salta,Argentina,968,-22.40622328,-63.77536219,
El Lauquen Club de Campo,Buenos Aires,Argentina,967,-34.93519319,-58.48887124,
Cañadón Seco,Santa Cruz,Argentina,967,-46.56153417,-67.61063275,
Saira,Córdoba,Argentina,966,-32.40971299,-62.10234892,
Huinganco,Neuquén,Argentina,965,-37.16073741,-70.6240915,
Angastaco,Salta,Argentina,964,-25.69094876,-66.16702014,
El Cercado,Tucumán,Argentina,963,-27.17948327,-65.55734337,
Espartillar,Buenos Aires,Argentina,962,-37.3611256,-62.43385047,
Mar del Sur,Buenos Aires,Argentina,961,-38.34365648,-57.99220854,
Donadeu,Santiago del Estero,Argentina,961,-26.72526495,-62.72073023,
Barrio Fátima,Río Negro,Argentina,961,-39.05733169,-67.47277958,
El Mojón,Santiago del Estero,Argentina,960,-27.99362329,-64.20810072,
La Africana,Misiones,Argentina,960,-27.54992798,-55.22565172,
General Roca,Entre Ríos,Argentina,959,-31.35085093,-58.08507678,
7 de Abril,Tucumán,Argentina,958,-26.28818942,-64.50137626,
El Pastoril,Chaco,Argentina,957,-27.62846265,-60.7540634,
El Chocón,Neuquén,Argentina,956,-39.25935363,-68.82963306,
San Alberto,Misiones,Argentina,955,-26.8082371,-54.98947316,
Colonia Mercedes Cossio,Corrientes,Argentina,955,-29.26458575,-59.23745973,
Barrio Universitario,Buenos Aires,Argentina,954,-34.90234753,-57.9248291,
Payogasta,Salta,Argentina,952,-25.05143487,-66.1029452,
Paraje Ruta 6,Misiones,Argentina,952,-27.30812768,-55.16307269,
Lampacito,Catamarca,Argentina,951,-26.7145521,-66.06828811,
Monte de los Gauchos,Córdoba,Argentina,950,-33.63908642,-63.88967283,
Juncal,Santa Fe,Argentina,949,-33.71628036,-61.05091215,
Santa Cruz,Tucumán,Argentina,947,-27.38944717,-65.45807384,
Villa Hermosa,Formosa,Argentina,945,-25.25972323,-58.42167161,
El Alto,Catamarca,Argentina,944,-28.31061096,-65.36444411,
La Banda,Córdoba,Argentina,943,-30.77762262,-64.63491285,
Ataliva Roca,La Pampa,Argentina,943,-37.03180922,-64.2853396,
San Hilario,Formosa,Argentina,942,-26.02999211,-58.65225571,
Villa del Carmen,San Luis,Argentina,942,-32.93995466,-65.03888034,
Barrio Sarmiento,Chubut,Argentina,942,-45.81937163,-67.50262529,
Rancagua,Buenos Aires,Argentina,941,-34.02979335,-60.50281546,
Estación Puiggari,Entre Ríos,Argentina,940,-32.0558293,-60.44688627,
Iglesia,San Juan,Argentina,936,-30.41105691,-69.22370208,
La Escandinava,Mendoza,Argentina,935,-34.92337677,-67.49016326,
Lucio Victorio Mansilla,Córdoba,Argentina,934,-29.8045236,-64.71143805,
Santa Rosa,Salta,Argentina,934,-24.02517886,-63.08224833,
Guaviraví,Corrientes,Argentina,934,-29.36725728,-56.82972949,
Cañada del Ucle,Santa Fe,Argentina,929,-33.40946693,-61.60559661,
Posta Cambio Zalazar,Formosa,Argentina,928,-24.21078894,-60.19726243,
La Puntana,Salta,Argentina,925,-22.02149971,-62.82402437,
Las Rabonas,Córdoba,Argentina,924,-31.85356175,-64.9798804,
O'Higgins,Buenos Aires,Argentina,923,-34.58554956,-60.69988755,
San Martín Norte,Santa Fe,Argentina,923,-30.34571426,-60.30351435,
Kilómetro 48,Misiones,Argentina,923,-26.38986464,-54.35569955,
Benjamín Gould,Córdoba,Argentina,922,-33.58746497,-62.72813488,
Lomas Norte,Corrientes,Argentina,922,-28.47021379,-59.00091387,
San Agustín,Santa Fe,Argentina,921,-31.68287365,-60.94063572,
Santo Domingo,Santiago del Estero,Argentina,921,-27.83123824,-64.16619929,
Rayo Cortado,Córdoba,Argentina,920,-30.0729914,-63.82360256,
Almafuerte,Misiones,Argentina,920,-27.50811789,-55.40352367,
Florentino Ameghino,Misiones,Argentina,920,-27.63361694,-55.08552609,
Tapso,Santiago del Estero,Argentina,913,-28.40375461,-65.09624943,
Cañada Seca,Buenos Aires,Argentina,911,-34.41681726,-62.96083576,
Los Díaz,Santiago del Estero,Argentina,911,-27.48472786,-64.46948035,
Villa Elvira,Santa Fe,Argentina,910,-32.6413382,-60.81827578,
Tomás Young,Santiago del Estero,Argentina,909,-28.60054069,-62.18267491,
Villa Regina,Tucumán,Argentina,907,-27.08748186,-65.24866567,
Laguna Blanca,Chaco,Argentina,907,-27.25543044,-59.2330158,
Seclantás,Salta,Argentina,906,-25.33175827,-66.24420246,
Patricios,Buenos Aires,Argentina,905,-35.44121937,-60.71654962,
Chilibroste,Córdoba,Argentina,905,-32.33269203,-62.51079567,
Berna,Santa Fe,Argentina,905,-29.27266802,-59.8453111,
El Polear,Tucumán,Argentina,905,-27.49817119,-65.56685641,
Colonia Médano de Oro,San Juan,Argentina,905,-31.65057877,-68.50161273,
Tudcum,San Juan,Argentina,904,-30.18815604,-69.27073871,
Divisoria,San Juan,Argentina,904,-31.70364501,-68.28479147,
Cucha Cucha,Buenos Aires,Argentina,903,-34.62200321,-60.40830943,
Providencia,Santa Fe,Argentina,902,-30.98274031,-61.02112714,
La Picada,Entre Ríos,Argentina,902,-31.72500453,-60.29754911,
Alto Salvador,Mendoza,Argentina,898,-33.02451081,-68.46060878,
La Llave Nueva,Mendoza,Argentina,897,-34.63913811,-68.00990586,
Iriarte,Buenos Aires,Argentina,896,-34.4162826,-61.92923459,
Astica,San Juan,Argentina,896,-30.95505619,-67.30447478,
El Ceibal,Jujuy,Argentina,895,-24.29892002,-65.27224833,
Punta Ifrán,Corrientes,Argentina,895,-29.05397868,-58.96350997,
El Salto,Mendoza,Argentina,895,-32.95974492,-69.26485959,
Uquía,Jujuy,Argentina,894,-23.30359271,-65.35607911,
Las Petacas,Santa Fe,Argentina,893,-31.82118593,-62.11049938,
San Javier,Tucumán,Argentina,893,-26.74081243,-65.38772166,
Pueblo Nuevo,Misiones,Argentina,893,-26.24341474,-54.59122297,
El Divisadero,Mendoza,Argentina,893,-32.86702633,-68.3205931,
La Primavera,Formosa,Argentina,892,-25.20347134,-58.25367331,
Calchín Oeste,Córdoba,Argentina,891,-31.86254893,-63.27778599,
Saltito II,Misiones,Argentina,891,-27.10497515,-54.58296854,
Valle Azul,Río Negro,Argentina,890,-39.1563123,-66.78755346,
Costa del Este,Buenos Aires,Argentina,889,-36.60917059,-56.68584552,
Emilia,Santa Fe,Argentina,888,-31.05901912,-60.74490821,
San Jerónimo del Sauce,Santa Fe,Argentina,887,-31.60902931,-61.1413539,
Chañar,La Rioja,Argentina,887,-30.54144076,-65.95606421,
El Pedregal,Mendoza,Argentina,887,-32.85849662,-68.64976573,
Todd,Buenos Aires,Argentina,886,-34.03355412,-60.15527054,
Vicente Casares,Buenos Aires,Argentina,885,-34.96553626,-58.65184077,
Colonia Rosa,Santa Fe,Argentina,884,-30.30038272,-61.9838181,
Mar de Cobo,Buenos Aires,Argentina,883,-37.77370054,-57.45439125,
Barrio Guatambu,Misiones,Argentina,882,-26.60552401,-54.69870744,
Paraje Los Cedros,Misiones,Argentina,882,-27.66409973,-55.05663196,
Punta del Médano,San Juan,Argentina,882,-31.89418339,-68.41876103,
Iltico,Tucumán,Argentina,881,-27.33577623,-65.65443173,
Barrio Caleta Córdova,Chubut,Argentina,881,-45.74880012,-67.37876778,
Blaquier,Buenos Aires,Argentina,880,-34.63616331,-62.47777005,
Saforcada,Buenos Aires,Argentina,880,-34.57282787,-61.0742086,
La Pampa,Córdoba,Argentina,879,-30.94223038,-64.27693512,
El Rodeo,Tucumán,Argentina,879,-26.88170367,-65.75472931,
Pueblo Uranga,Santa Fe,Argentina,878,-33.26603727,-60.70524959,
Catitas Vieja,Mendoza,Argentina,878,-33.27961267,-68.09349812,
Barrio La Ribera - Barrio APYCAR,Río Negro,Argentina,877,-39.07627616,-67.57323733,
Pozo Borrado,Santa Fe,Argentina,876,-28.93808372,-61.70487296,
La Violeta,Buenos Aires,Argentina,874,-33.73306463,-60.16851221,
El Pajonal,Catamarca,Argentina,874,-28.37214105,-66.29508646,
La Escandinava Sur,Mendoza,Argentina,874,-35.03256971,-67.52414793,
Mallín Ahogado,Río Negro,Argentina,874,-41.83963328,-71.50441239,
Barrio Cooperativa Los Campamentos,Mendoza,Argentina,873,-33.2729926,-68.41346009,
La Humada,La Pampa,Argentina,871,-36.34903888,-68.01352073,
Mai Bao,Misiones,Argentina,871,-27.47847623,-54.6487914,
Garré,Buenos Aires,Argentina,870,-36.56189723,-62.60440861,
Manuela Pedraza,Tucumán,Argentina,870,-27.22463836,-65.35745067,
La Calera,San Luis,Argentina,869,-32.86343317,-66.84952893,
Paraje Arroyón (Bajo San Cayetano),Río Negro,Argentina,868,-38.72645892,-68.04116662,
Pila Pardo,Jujuy,Argentina,867,-24.58246189,-64.92005079,
Indumar,Misiones,Argentina,866,-27.14398958,-54.61784552,
Barrio Parque Las Acacias,Buenos Aires,Argentina,864,-35.09858086,-58.27725477,
La Puerta,Salta,Argentina,864,-25.28005495,-66.44990939,
Invernada de Itacaruaré,Misiones,Argentina,864,-27.7994618,-55.27583709,
Estación Colonia Tirolesa,Córdoba,Argentina,862,-31.26605636,-64.05567394,
La Puerta,Catamarca,Argentina,861,-28.15634529,-65.79386763,
Las Tunas,Salta,Argentina,860,-24.86290854,-65.46173261,
Contralmirante Cordero,Río Negro,Argentina,858,-38.75774174,-68.09966831,
Gahan,Buenos Aires,Argentina,857,-34.338233,-60.10121496,
José de la Quintana,Córdoba,Argentina,857,-31.80267143,-64.4145833,
Los Laureles,Santa Fe,Argentina,857,-29.36864781,-59.73619171,
Estación Atamisqui,Santiago del Estero,Argentina,857,-28.49372891,-63.93744607,
San Pedro,Santiago del Estero,Argentina,857,-27.94621505,-64.16400546,
Durán,Misiones,Argentina,857,-26.3428547,-54.01714697,
Pueblo San Jorge,Buenos Aires,Argentina,856,-37.22886136,-60.96104234,
Cariló,Buenos Aires,Argentina,854,-37.16522016,-56.89881869,
Tobantirenda,Salta,Argentina,854,-22.14808028,-63.71294116,
Guerrero,Jujuy,Argentina,852,-24.18645126,-65.44894816,
Centro 25 de Junio,Salta,Argentina,852,-24.95729852,-63.85464405,
Monte Bello,Tucumán,Argentina,852,-27.37763302,-65.74706678,
Wichi,Chaco,Argentina,852,-24.69032944,-61.42613034,
Aguas Verdes,Buenos Aires,Argentina,851,-36.63688928,-56.69005935,
La Poma,Salta,Argentina,850,-24.72256417,-66.2005817,
Matilde,Santa Fe,Argentina,846,-31.7915781,-60.9799454,
Campo Durán,Salta,Argentina,845,-22.20073199,-63.67574139,
Pehuén Co,Buenos Aires,Argentina,844,-38.99989357,-61.55366405,
Jubileo,Entre Ríos,Argentina,842,-31.73120766,-58.63571757,
Tres Esquinas,Mendoza,Argentina,842,-33.00618142,-68.4193295,
Taquimilán,Neuquén,Argentina,842,-37.51744662,-70.24875727,
San José de las Salinas,Córdoba,Argentina,841,-30.00695211,-64.62393927,
El Siambón,Tucumán,Argentina,841,-26.72242079,-65.44148604,
Arroyo Bonito,Misiones,Argentina,841,-27.25737318,-54.32126486,
Colonia 9 de Julio,Misiones,Argentina,841,-27.54604923,-54.76241787,
Villa Amancay,Córdoba,Argentina,839,-32.18618405,-64.56738921,
El Naranjo,Tucumán,Argentina,839,-26.66174184,-65.04880462,
Villa del Salvador,San Juan,Argentina,839,-31.46528078,-68.41115769,
El Saltito,Misiones,Argentina,838,-27.20144426,-54.65550887,
Yuchán,Santiago del Estero,Argentina,836,-27.7808539,-62.97526383,
Buena Vista,Tucumán,Argentina,834,-27.28367609,-65.41234261,
Colonia Hinojo,Buenos Aires,Argentina,833,-36.87991033,-60.1774961,
Residencial Extraurbano Sur,Buenos Aires,Argentina,833,-34.95838362,-58.44316142,
Villa San Javier,Tucumán,Argentina,833,-26.7839482,-65.35809855,
Los Muchachos - La Alborada,Santa Fe,Argentina,832,-33.09029793,-60.73633004,
Morse,Buenos Aires,Argentina,831,-34.75971055,-60.84093901,
Puerto Arroyo Seco,Santa Fe,Argentina,830,-33.13041539,-60.50584585,
French,Buenos Aires,Argentina,828,-35.51799588,-61.00129351,
Zaparinqui,Chaco,Argentina,827,-26.06579202,-60.5619267,
Anchorena,San Luis,Argentina,827,-35.67570955,-65.42463908,
Picada Sud,Misiones,Argentina,826,-27.64138233,-55.34932888,
La Rinconada,Formosa,Argentina,824,-23.49479616,-61.57665357,
Jaime Prats,Mendoza,Argentina,824,-34.91029158,-67.82047732,
Bajo Atalaya,Corrientes,Argentina,823,-28.51944655,-56.05138642,
Taruca Pampa,Tucumán,Argentina,822,-26.57583184,-64.82454971,
Villa Unión,Santiago del Estero,Argentina,821,-29.41362297,-62.79040393,
Colonia Vignaud,Córdoba,Argentina,820,-30.84141916,-61.95661365,
Puerto Manzano,Neuquén,Argentina,820,-40.8058148,-71.59592853,
Piquirenda,Salta,Argentina,819,-22.32504435,-63.75330633,
Tramo 16,Santiago del Estero,Argentina,819,-27.69667437,-64.16715323,
Chapuy,Santa Fe,Argentina,817,-33.80071018,-61.74431385,
Speluzzi,La Pampa,Argentina,817,-35.54970802,-63.82050971,
Bajo Grande,Tucumán,Argentina,817,-26.92622259,-65.16216432,
Juárez Celman,Córdoba,Argentina,816,-31.25804201,-64.16624309,
Coneta,Catamarca,Argentina,816,-28.57929923,-65.8877987,
Pozo Betbeder,Santiago del Estero,Argentina,816,-26.40980926,-64.3370611,
Guardia Mitre,Río Negro,Argentina,816,-40.42571884,-63.67225452,
El Corcovado - El Torreón,Córdoba,Argentina,815,-32.14043434,-64.50347785,
Paso Córdova,Río Negro,Argentina,815,-39.10678238,-67.62737021,
El Capacho,Mendoza,Argentina,814,-33.66769774,-69.04310265,
Setúbal,Santa Fe,Argentina,813,-31.49729156,-60.68120754,
Los Gómez,Tucumán,Argentina,813,-27.32370014,-65.20938828,
Pilcaniyeu,Río Negro,Argentina,813,-41.12263949,-70.72158728,
Country Club El Casco,Buenos Aires,Argentina,812,-34.12780527,-59.08376001,
Rafael Obligado,Buenos Aires,Argentina,811,-34.35964571,-60.78378995,
Del Valle,Buenos Aires,Argentina,810,-35.8998918,-60.73027537,
El Quebracho,Formosa,Argentina,810,-23.3425178,-61.87158401,
Ballesteros Sud,Córdoba,Argentina,809,-32.58947806,-63.03021827,
Laguna de Lobos,Buenos Aires,Argentina,808,-35.27378264,-59.13506433,
Monteagudo,Misiones,Argentina,808,-27.27723747,-54.10608875,
Gan Gan,Chubut,Argentina,808,-42.52220326,-68.28413753,
Río Luján,Buenos Aires,Argentina,807,-34.27864095,-58.89760601,
El Tunal,Salta,Argentina,807,-25.25350078,-64.39778481,
Villa Urrutia,Misiones,Argentina,807,-26.84490855,-54.75066514,
Alba Posse,Misiones,Argentina,807,-27.56895113,-54.68304063,
Barrio Nueva California Sur,Mendoza,Argentina,806,-32.77718095,-68.34603992,
Yanda,Santiago del Estero,Argentina,804,-27.91825695,-64.22930229,
Maquito,Santiago del Estero,Argentina,803,-27.90089273,-64.19670192,
Cruce Caballero,Misiones,Argentina,803,-26.54209914,-53.94187909,
La Divisa,Misiones,Argentina,803,-27.24415589,-55.02439377,
Aldao,Santa Fe,Argentina,802,-32.70447616,-60.81590278,
Socavones,Córdoba,Argentina,801,-31.53304695,-64.14350823,
Betania,Salta,Argentina,801,-24.69504867,-65.14955926,
El Paramillo,Mendoza,Argentina,801,-32.77571151,-68.57255081,
Beazley,San Luis,Argentina,801,-33.75748387,-66.64467913,
Abbott,Buenos Aires,Argentina,800,-35.28132425,-58.80278336,
Aparecida,Misiones,Argentina,799,-27.27737314,-54.45874025,
Pozo del Mortero,Formosa,Argentina,799,-24.40716757,-61.02620782,
Palma Sola,Formosa,Argentina,798,-25.24797272,-57.97626948,
Barrio El Boquerón,Buenos Aires,Argentina,796,-38.0269032,-57.79554589,
Chilca Juliana,Santiago del Estero,Argentina,795,-28.79720184,-63.57534425,
Carmen del Sauce,Santa Fe,Argentina,794,-33.23602667,-60.81177106,
Miguel Cané,La Pampa,Argentina,793,-36.15718373,-63.51259785,
Piray Kilómetro 18,Misiones,Argentina,793,-26.51605111,-54.59141861,
La Población,Córdoba,Argentina,791,-32.06625261,-65.02961725,
Rincón del Guerrero,Misiones,Argentina,791,-27.75615627,-55.21364272,
General Rivas,Buenos Aires,Argentina,790,-34.60843497,-59.75016628,
Barrio San Isidro,Misiones,Argentina,790,-27.02120006,-54.55581446,
Potrero,Salta,Argentina,789,-25.55324862,-63.99541261,
El Encón,San Juan,Argentina,789,-32.21705721,-67.79576707,
Sargento Vidal,Río Negro,Argentina,789,-38.68637412,-68.1586143,
Aldea Escolar (Los Rápidos),Chubut,Argentina,789,-43.1330196,-71.55098283,
San José Norte,Catamarca,Argentina,788,-26.78851579,-66.06592714,
Arboledas,Buenos Aires,Argentina,785,-36.88315233,-61.48771988,
Presidente Roca,Santa Fe,Argentina,784,-31.21217611,-61.61352242,
La Calera,Tucumán,Argentina,784,-27.35124868,-65.70442066,
Campo Los Andes,Mendoza,Argentina,784,-33.70032194,-69.17649502,
Las Encrucijadas,Córdoba,Argentina,782,-31.95189045,-65.23969844,
Kilómetro 44,Misiones,Argentina,781,-27.04433131,-54.43795053,
Cañada Honda,San Juan,Argentina,781,-31.98512718,-68.54866331,
Seeber,Córdoba,Argentina,780,-30.92572547,-61.97415934,
Colpes,Catamarca,Argentina,779,-28.05863761,-66.19766057,
Lotes de Agua Dulce,Tucumán,Argentina,779,-27.06958487,-64.98116408,
Colonia El Usillal,Mendoza,Argentina,778,-34.52079496,-68.40020634,
Reserva Área Protegida El Doradillo,Chubut,Argentina,778,-42.64450455,-65.04003771,
Manogasta,Santiago del Estero,Argentina,777,-28.0066352,-64.16721136,
El Sauzal,Chaco,Argentina,776,-24.57851406,-61.53495481,
Tres Esquinas,San Juan,Argentina,776,-32.06629367,-68.42916324,
Barrio 272 Viviendas,San Luis,Argentina,776,-32.35103228,-65.06587418,
Pedernal,Entre Ríos,Argentina,775,-31.67197307,-58.23058136,
Cañada Seca,Mendoza,Argentina,773,-34.74389231,-68.15412865,
San Marcial,Entre Ríos,Argentina,772,-32.18006891,-58.92853808,
Colonia Finlandesa,Misiones,Argentina,772,-27.46280643,-55.33571175,
San Vicente,Córdoba,Argentina,770,-31.85055697,-65.42947436,
Villa Lugano,San Juan,Argentina,770,-31.52093525,-68.38003718,
Padilla,Tucumán,Argentina,766,-27.02141272,-65.39252487,
Kilómetro 9,Tucumán,Argentina,766,-27.67979336,-65.5943056,
Balde,San Luis,Argentina,766,-33.34105543,-66.62169726,
Ardiles,Santiago del Estero,Argentina,765,-27.41205617,-64.4993209,
Manantiales,Corrientes,Argentina,765,-27.95036216,-58.12458168,
Nuevo Torino,Santa Fe,Argentina,763,-31.34500746,-61.23513458,
Mili,Santiago del Estero,Argentina,763,-27.96102848,-63.99996072,
Yerba Buena,Tucumán,Argentina,763,-27.23162702,-65.41023148,
Mbopicuá,Misiones,Argentina,763,-26.86385072,-55.04516198,
Libertad,Santiago del Estero,Argentina,762,-27.08489288,-63.07088407,
Colonia Dolores,Santa Fe,Argentina,761,-30.38238456,-60.33048607,
Vaca Perdida,Formosa,Argentina,760,-23.49958764,-61.64842683,
Colonia Italiana,Córdoba,Argentina,758,-33.31170176,-62.17646277,
Luca,Córdoba,Argentina,757,-32.54050567,-63.47689322,
El Araza,Santa Fe,Argentina,757,-29.1329997,-59.94758201,
Caspi Corral,Santiago del Estero,Argentina,757,-27.38841695,-63.54692295,
La Cañada,Tucumán,Argentina,757,-27.56668142,-65.51314902,
Barrio La Palmera,Mendoza,Argentina,757,-32.7019677,-68.54009459,
Rincón de Guayquiraró,Corrientes,Argentina,756,-30.30066301,-59.54915407,
Alto Verde,Mendoza,Argentina,754,-33.16752668,-68.36645951,
Saladero Mariano Cabal,Santa Fe,Argentina,753,-30.8806051,-60.03524255,
San Pedro Mártir,Tucumán,Argentina,753,-27.33906191,-65.36984826,
Papagayos,San Luis,Argentina,753,-32.67510321,-64.98894968,
El Potrero,Salta,Argentina,752,-26.04717282,-64.64478319,
Barrio San Roque,Tucumán,Argentina,752,-27.32872946,-65.58222923,
General Urquiza,Misiones,Argentina,752,-27.10786632,-55.37661613,
La Puntilla,Catamarca,Argentina,750,-27.68501684,-66.99366211,
Colonia Ensayo,Entre Ríos,Argentina,748,-31.86518817,-60.57469025,
Club de Campo Los Puentes,Buenos Aires,Argentina,747,-34.57018787,-59.02526065,
Santa Anita,Buenos Aires,Argentina,747,-34.93079435,-58.70535225,
Arroyo Corto,Buenos Aires,Argentina,746,-37.51488223,-62.31224865,
Olaeta,Córdoba,Argentina,746,-33.04476145,-63.90606664,
Luan Toro,La Pampa,Argentina,746,-36.20395267,-65.09965114,
La Invernada Sur,Santiago del Estero,Argentina,746,-27.40575858,-63.41445031,
Monte Florido,Corrientes,Argentina,746,-28.9438604,-59.02791427,
Barrio El Favorito,Formosa,Argentina,743,-23.17853807,-62.03027938,
Villa Moll,Buenos Aires,Argentina,742,-35.07795019,-59.65187054,
Ojo de Agua,Mendoza,Argentina,742,-33.4080538,-69.07125784,
Laguna de los Padres,Buenos Aires,Argentina,741,-37.93454872,-57.72136283,
Villa del Plata,Santa Fe,Argentina,741,-33.12629457,-60.70692167,
La Puntilla,La Rioja,Argentina,740,-29.15959939,-67.48060033,
Los Cisnes,Córdoba,Argentina,738,-33.40035838,-63.47238889,
La Perla,Córdoba,Argentina,738,-31.44221159,-64.34758705,
General Racedo,Entre Ríos,Argentina,738,-31.97914905,-60.40566633,
Allmirante Brown,Córdoba,Argentina,737,-31.30748971,-64.18272784,
Vértiz,La Pampa,Argentina,736,-35.42744378,-63.90998592,
Los Arias,Santiago del Estero,Argentina,736,-27.88471034,-64.13472545,
Sargento Moya,Tucumán,Argentina,736,-27.22815438,-65.66001671,
Christophersen,Santa Fe,Argentina,735,-34.18310723,-62.02596226,
Arrayanal,Jujuy,Argentina,735,-24.17856707,-64.84023135,
Lomas Sur,Corrientes,Argentina,735,-28.55717106,-58.98713273,
Paraje Dorado,Misiones,Argentina,734,-27.37546586,-54.38857416,
Desmochado,Corrientes,Argentina,733,-28.75943709,-58.98780789,
El Carmen,Corrientes,Argentina,733,-29.86908774,-59.4574413,
Barrio El Carmen,Mendoza,Argentina,732,-32.72247614,-68.46722306,
La Cumbrecita,Córdoba,Argentina,731,-31.89978785,-64.77316684,
Cerro Moreno,Misiones,Argentina,731,-27.01246304,-54.83721615,
Villa Traful,Neuquén,Argentina,731,-40.65435811,-71.40003917,
Paraje Montaña,Corrientes,Argentina,730,-28.0483662,-57.57273519,
Tapebicuá,Corrientes,Argentina,729,-29.50682208,-56.9748504,
Fortín Tiburcio,Buenos Aires,Argentina,728,-34.34453606,-61.12850118,
Purmamarca,Jujuy,Argentina,728,-23.74659449,-65.49920014,
Castellanos,Salta,Argentina,728,-24.70159893,-65.47826146,
Bordenave,Buenos Aires,Argentina,727,-37.80551471,-63.04337358,
El Fuertecito,Córdoba,Argentina,727,-31.40370631,-62.97370124,
Classon,Santa Fe,Argentina,727,-32.46237735,-61.29039517,
Solazuty,Salta,Argentina,727,-22.89579983,-64.36745647,
Libertad,Misiones,Argentina,727,-27.42729537,-54.73617955,
Colonia Sarmiento,San Juan,Argentina,727,-31.68280294,-68.47999462,
Las Tinajas,Santiago del Estero,Argentina,726,-27.46571665,-62.91796566,
Pozo La Chiva,Formosa,Argentina,726,-22.67914773,-62.30720889,
Huanqueros,Santa Fe,Argentina,723,-30.0119939,-61.21846525,
Casas,Santa Fe,Argentina,723,-32.12563365,-61.53984291,
Lomas Este,Corrientes,Argentina,723,-28.51551365,-59.00041697,
El Cerrito,Catamarca,Argentina,722,-26.67191522,-66.06079164,
Los Cajales,Tucumán,Argentina,722,-26.99703113,-64.91057122,
El Palmital,Misiones,Argentina,721,-27.29784007,-54.49954188,
Aldea Perutí,Misiones,Argentina,721,-26.67243283,-54.79586778,
La Primavera,Mendoza,Argentina,721,-33.63106801,-69.06062335,
Las Carreras,Tucumán,Argentina,720,-26.93378309,-65.77653673,
General Güemes,Misiones,Argentina,720,-27.64673525,-55.55802867,
Las Marianas,Buenos Aires,Argentina,719,-35.05294027,-59.51270262,
San Antonio,La Rioja,Argentina,719,-28.5578576,-66.79233886,
Villa Unión,Misiones,Argentina,719,-27.50610715,-54.90390636,
Palmera Boca,Misiones,Argentina,718,-26.60326002,-54.07826389,
Aguadita del Portezuelo,San Luis,Argentina,718,-33.22876655,-66.28939594,
Smith,Buenos Aires,Argentina,717,-35.49536752,-61.59252243,
Castelar,Santa Fe,Argentina,716,-31.66856793,-62.09013557,
El Mollar (comuna Bella Vista),Tucumán,Argentina,716,-27.02876185,-65.27729463,
Dorila,La Pampa,Argentina,715,-35.77632295,-63.71684069,
Desiderio Tello,La Rioja,Argentina,714,-31.21249685,-66.31443074,
Barrio Santa Rita,Río Negro,Argentina,714,-39.12637418,-67.10273766,
Claraz,Buenos Aires,Argentina,713,-37.89343041,-59.29106956,
Soconcho,Santiago del Estero,Argentina,712,-28.57166876,-63.71012417,
Chaján,Córdoba,Argentina,711,-33.55562999,-65.00265474,
Barrio Villa del Parque,Córdoba,Argentina,710,-31.79813156,-64.51638623,
Pampa Mayo,Tucumán,Argentina,710,-27.29125678,-65.35759936,
Rolón,La Pampa,Argentina,709,-37.16657949,-63.41502509,
La Calera,Tucumán,Argentina,709,-27.59490479,-65.72559337,
Puerto Eva Perón,Chaco,Argentina,708,-26.66370001,-58.63239723,
San Blas,La Rioja,Argentina,706,-28.40831438,-67.09193525,
Chañar Pozo de Abajo,Santiago del Estero,Argentina,706,-27.56777008,-64.72376439,
Monte Redondo,Santiago del Estero,Argentina,706,-28.55266074,-64.14168965,
Esmeralda,Santa Fe,Argentina,705,-31.61296899,-61.93287224,
María Luisa,Santa Fe,Argentina,704,-31.01084384,-60.91076158,
Puerta Grande,Santiago del Estero,Argentina,704,-28.55221826,-63.82994059,
Colonia Teresa,Santa Fe,Argentina,701,-30.25183594,-59.97268039,
Los Villagra,Tucumán,Argentina,701,-26.95929491,-65.21060934,
Gastonilla,Tucumán,Argentina,701,-27.34597105,-65.51626027,
Castilla,Buenos Aires,Argentina,700,-34.61331509,-59.90612824,
San Francisco de Bellocq,Buenos Aires,Argentina,700,-38.68953639,-60.01393619,
Pueblo Pablo Torelo,Santiago del Estero,Argentina,700,-27.32781501,-62.22519292,
Higuera Chacra,Santiago del Estero,Argentina,700,-27.85824982,-64.05416123,
Los Sosa,Tucumán,Argentina,700,-27.14919648,-65.55481507,
Cobos,Salta,Argentina,699,-24.73600988,-65.08472613,
Puelén,La Pampa,Argentina,698,-37.34417369,-67.61955743,
Chancani,Córdoba,Argentina,697,-31.41596363,-65.45125324,
El Pucará,Salta,Argentina,697,-24.94271017,-65.54696527,
León,Jujuy,Argentina,696,-24.03524203,-65.43183186,
Mancopa Chico,Tucumán,Argentina,696,-27.03359803,-65.1320733,
Las Armas,Buenos Aires,Argentina,695,-37.08633329,-57.82942007,
Villa Malvinas Argentinas,San Juan,Argentina,695,-30.22207425,-68.73390921,
Capayán,Catamarca,Argentina,693,-28.77459533,-66.04648511,
Cortaderas,Tucumán,Argentina,692,-27.36469815,-65.65050948,
La Palestina,Córdoba,Argentina,691,-32.61643457,-63.40939923,
Las Chacras,Córdoba,Argentina,691,-31.30658962,-64.13104715,
El Fuerte,Jujuy,Argentina,691,-24.26051444,-64.4141251,
Los Zazos,Tucumán,Argentina,691,-26.6075411,-65.89272544,
Lomas de Vallejos,Corrientes,Argentina,691,-27.73788463,-57.9198969,
Pedernal,San Juan,Argentina,691,-31.99641029,-68.76395003,
Cuña Pirú,Misiones,Argentina,690,-27.08019755,-54.98582579,
Chuña,Córdoba,Argentina,689,-30.46707417,-64.67023117,
El Botón,Misiones,Argentina,689,-27.1535584,-54.14364607,
Copo Quile,Salta,Argentina,688,-26.01126486,-64.67115125,
Manuel Derqui,Corrientes,Argentina,688,-27.83909652,-58.76716378,
Larrechea,Santa Fe,Argentina,687,-31.93541493,-61.04575165,
Juan Llerena,San Luis,Argentina,687,-33.28076873,-65.61396096,
Loma Blanca,La Rioja,Argentina,686,-30.64100757,-66.24263172,
Napaleofú,Buenos Aires,Argentina,685,-37.62307067,-58.74636851,
San Pedro,Entre Ríos,Argentina,685,-30.75819578,-58.08159001,
El Tabacal,Salta,Argentina,684,-23.2534847,-64.24575991,
Carreta Paso,Santiago del Estero,Argentina,683,-29.02163736,-63.1722167,
Colonia Manuel Belgrano,Misiones,Argentina,683,-27.11624271,-54.46386081,
Stella Maris,Corrientes,Argentina,683,-29.53061457,-59.4420727,
Aldea Protestante,Entre Ríos,Argentina,681,-32.02930279,-60.56180813,
Capiazuti,Salta,Argentina,681,-22.20342909,-63.71965372,
Los Troncos,Buenos Aires,Argentina,680,-34.69738288,-59.41788189,
La Colina,Buenos Aires,Argentina,679,-37.35938691,-61.53574491,
Diego de Rojas,Córdoba,Argentina,679,-31.02854007,-63.33838322,
Ambul,Córdoba,Argentina,679,-31.490541,-65.05395216,
Cañada Rica,Santa Fe,Argentina,679,-33.51601776,-60.61010514,
Puerto Deseado,Misiones,Argentina,678,-25.7858362,-54.03895398,
Torta Quemada,Misiones,Argentina,678,-27.30946289,-54.6359832,
Los Talas de Anisacate,Córdoba,Argentina,677,-31.74279396,-64.38575344,
Los Fernández,Tucumán,Argentina,677,-27.09677408,-65.15285708,
Colonia Milagro,Misiones,Argentina,677,-27.11618109,-54.51056714,
La Clarita,Entre Ríos,Argentina,676,-31.97575223,-58.39243133,
Los Acosta,Santiago del Estero,Argentina,676,-27.59614746,-64.4097399,
Arroyo Barú,Entre Ríos,Argentina,675,-31.86728984,-58.44830858,
Manantiales,Catamarca,Argentina,675,-28.14320524,-65.49678686,
El Vencido,Salta,Argentina,675,-25.57344283,-63.88849411,
Villa Angélica,Salta,Argentina,675,-24.9353101,-65.61825679,
El Paraíso,Formosa,Argentina,675,-25.1951074,-57.98915173,
Logroño,Santa Fe,Argentina,671,-29.50375554,-61.69614733,
Yutu Yaco,Santiago del Estero,Argentina,671,-27.38485795,-64.94657844,
Villa San Isidro,Córdoba,Argentina,670,-31.82592543,-64.38355448,
General Hornos,Buenos Aires,Argentina,668,-34.89231557,-58.91846574,
Antillá,Salta,Argentina,668,-26.11957661,-64.59339917,
La Buitrera,Neuquén,Argentina,668,-38.55223039,-70.36943096,
Villa Quilino,Córdoba,Argentina,667,-30.20916697,-64.46843541,
Belicha Huaico,Tucumán,Argentina,666,-27.3129434,-65.48059525,
Los Rojos,Tucumán,Argentina,665,-27.21465063,-65.5436849,
Laharrague,Misiones,Argentina,665,-26.53539118,-54.64973888,
Colonia Primavera,Misiones,Argentina,665,-26.70881079,-54.06082452,
Quenumá,Buenos Aires,Argentina,664,-36.56934301,-63.08811076,
Zapiola,Buenos Aires,Argentina,664,-35.05899215,-59.04022746,
Kilómetro 101,Santa Fe,Argentina,664,-33.05878986,-60.68497232,
Santa Elena,Santiago del Estero,Argentina,664,-27.70966011,-63.97909434,
Valle Hermoso,Misiones,Argentina,664,-26.38442243,-54.46346217,
Santa María,Corrientes,Argentina,664,-29.45161269,-59.30977941,
Crucesitas Octava,Entre Ríos,Argentina,663,-32.04080039,-59.52811421,
Olegario V. Andrade,Misiones,Argentina,663,-27.56758675,-55.50227997,
Estancia Smithfield,Buenos Aires,Argentina,662,-34.12048675,-59.00952076,
Ramayón,Santa Fe,Argentina,661,-30.67195003,-60.505952,
Timbó Nuevo,Tucumán,Argentina,661,-26.69947773,-65.11069508,
Misión El Cruce,Salta,Argentina,659,-22.54507707,-63.79895904,
El Manantial de Capiz,Mendoza,Argentina,658,-33.67042345,-68.98114527,
Manzano Amargo,Neuquén,Argentina,658,-36.75309153,-70.76321386,
Manuel Belgrano,Buenos Aires,Argentina,657,-34.89899434,-58.6513763,
El Marquesado,Buenos Aires,Argentina,657,-38.22861156,-57.75440706,
Gutemberg,Córdoba,Argentina,657,-29.72089999,-63.51515261,
Plaza San Francisco,Córdoba,Argentina,657,-31.37113664,-62.09818964,
Grutly,Santa Fe,Argentina,657,-31.26869012,-61.07197217,
Colonia Hugues,Entre Ríos,Argentina,657,-32.29569869,-58.23370807,
Rincón,Catamarca,Argentina,657,-28.22134439,-66.1433422,
El Llano,San Juan,Argentina,657,-30.30836066,-69.21897502,
Puerta de Corral Quemado,Catamarca,Argentina,656,-27.22760883,-66.93282051,
Potrerillos,Mendoza,Argentina,656,-32.962321,-69.20104715,
Fortín El Patria,San Luis,Argentina,656,-34.77246906,-65.52275778,
Country Club Las Praderas,Buenos Aires,Argentina,654,-34.51822285,-59.09256886,
Ancasti,Catamarca,Argentina,654,-28.81264405,-65.50068772,
El Central,Mendoza,Argentina,654,-32.81244491,-68.36889553,
Las Palmeras,Santa Fe,Argentina,652,-30.63025652,-61.62582272,
Coronel Hilario Lagos,La Pampa,Argentina,652,-35.02412156,-63.91207132,
Valle Grande,Jujuy,Argentina,652,-23.47581857,-64.94676989,
Campo La Cruz,Salta,Argentina,652,-22.49889234,-65.09801833,
Oasis,Misiones,Argentina,652,-26.97172585,-55.24972349,
Cascuda,Misiones,Argentina,651,-27.05485597,-54.64266583,
Monte Lindo,Formosa,Argentina,651,-25.4783321,-58.75938309,
Sauce Arriba,Córdoba,Argentina,650,-31.91267323,-65.16693448,
Monte Nievas,La Pampa,Argentina,650,-35.86158451,-64.15317433,
Los Cardozos,Santiago del Estero,Argentina,648,-27.93634017,-64.18774097,
Siete Estrellas,Misiones,Argentina,648,-26.64655383,-53.98845426,
Tacanas,Tucumán,Argentina,647,-27.13892156,-64.81059426,
Gastre,Chubut,Argentina,647,-42.26319813,-69.2221438,
San Agustín,Buenos Aires,Argentina,645,-38.01411128,-58.35593425,
Villa Hipólita,Santiago del Estero,Argentina,645,-27.76266775,-63.98956216,
Tres Arroyos,Misiones,Argentina,645,-27.19985374,-54.7313654,
Paraná Mini,Buenos Aires,Argentina,643,-34.13898324,-58.58192799,
Guayamba,Catamarca,Argentina,643,-28.34324407,-65.39965479,
Tumbaya,Jujuy,Argentina,643,-23.85769904,-65.46755852,
Mavalle Pindaytí,Misiones,Argentina,643,-27.16643717,-54.73833159,
Kilómetro 142,Formosa,Argentina,643,-26.33089057,-59.07232815,
La Higuera,Córdoba,Argentina,642,-31.01329029,-65.1028962,
Profundidad,Misiones,Argentina,642,-27.56171938,-55.7045654,
Bryn Gwyn,Chubut,Argentina,642,-43.32768734,-65.48049175,
Quebrada de los Pozos,Córdoba,Argentina,641,-31.91215347,-65.0342797,
Fortín Inca,Santiago del Estero,Argentina,640,-29.12747139,-61.93447626,
Kilómetro 515,Santiago del Estero,Argentina,640,-28.4346108,-62.73283199,
Bermejo,San Juan,Argentina,640,-31.58850521,-67.6569925,
Cuesta Blanca,Córdoba,Argentina,639,-31.48033485,-64.57869218,
La Nena,Santiago del Estero,Argentina,639,-28.45229967,-61.83831591,
Campo Hardy,Santa Fe,Argentina,638,-28.14589201,-59.26195282,
Quimilioj,Santiago del Estero,Argentina,638,-27.56565819,-63.47362073,
Timote,Buenos Aires,Argentina,637,-35.34754722,-62.22294258,
Cazadores Correntinos,Corrientes,Argentina,637,-29.98238048,-58.30424028,
Salto Piedras Blancas,Misiones,Argentina,636,-27.11392866,-54.81087791,
La Eduvigis,Chaco,Argentina,636,-26.83646181,-59.06232062,
Ñorquincó,Río Negro,Argentina,636,-41.84892809,-70.89821524,
Rincón,Córdoba,Argentina,635,-31.59585965,-63.61702043,
Nueva Escocia,Entre Ríos,Argentina,635,-31.64961653,-58.01633568,
Lumbreras,Salta,Argentina,635,-25.210272,-64.9270459,
Campo Bello,Tucumán,Argentina,635,-27.60175615,-65.51507291,
Paraje Aristóbulo Chico,Misiones,Argentina,635,-27.28106533,-54.75431765,
Tosquitas,Córdoba,Argentina,634,-33.81968363,-64.45767007,
Colonia Sauce,Entre Ríos,Argentina,634,-30.82633241,-57.99829462,
San Isidro,Jujuy,Argentina,634,-24.5560812,-64.9420667,
Pago Chico,Buenos Aires,Argentina,632,-38.78376872,-62.11926611,
Colonia Mascías,Santa Fe,Argentina,632,-30.80901774,-60.00670821,
Chacras Norte,Corrientes,Argentina,632,-29.99218506,-59.47844706,
Colonia Paso Paysandú,Entre Ríos,Argentina,631,-32.26550351,-58.1519196,
Colonia Martínez,Corrientes,Argentina,631,-28.96499119,-59.12490196,
Barrio Los Charabones,Mendoza,Argentina,631,-32.99619309,-68.27822845,
Vuelta de la Barranca,Santiago del Estero,Argentina,630,-27.91348483,-64.19786165,
Virgen de la Candelaria,Misiones,Argentina,629,-27.08640726,-54.39214955,
Irineo Portela,Buenos Aires,Argentina,628,-33.97983038,-59.67012171,
Tamangueyú,Buenos Aires,Argentina,628,-38.20199054,-58.73914694,
General Gelly,Santa Fe,Argentina,628,-33.60017627,-60.59791398,
Rueda,Santa Fe,Argentina,628,-33.33593516,-60.45878072,
Bella Vista,San Juan,Argentina,628,-30.43190696,-69.24655477,
Villa La Arcadia,Buenos Aires,Argentina,627,-38.13703013,-61.78736281,
Viclos,Tucumán,Argentina,627,-27.20091583,-64.92244294,
Golf Country Club,Buenos Aires,Argentina,626,-35.53811743,-58.01237935,
El Salado,Catamarca,Argentina,626,-28.30451924,-67.24737657,
Caseros Centro,Córdoba,Argentina,625,-31.5310992,-64.16001436,
Romera Pozo,Tucumán,Argentina,625,-27.11183081,-65.18042927,
San Ramón,Tucumán,Argentina,624,-27.38419603,-65.55314942,
Huasa Pampa Norte,Tucumán,Argentina,624,-27.73123742,-65.59525829,
La Salvación,Tucumán,Argentina,624,-27.692788,-65.55710533,
Villa El Chocón,Neuquén,Argentina,624,-39.26154727,-68.77892774,
Itín,Chaco,Argentina,623,-27.48743193,-61.324482,
Colonia Norte,Santa Fe,Argentina,621,-31.0606553,-60.09391346,
Villa Sarmiento,Salta,Argentina,621,-24.94472099,-65.4168385,
Villa Clarita,Mendoza,Argentina,621,-32.58567574,-69.36213844,
Tres Sargentos,Buenos Aires,Argentina,620,-34.46656332,-59.99945035,
Laguna Gallo,Formosa,Argentina,620,-25.26908571,-58.74232009,
Estación Santa Ana,Entre Ríos,Argentina,619,-30.843059,-58.01100802,
Vaca Huañuna,Santiago del Estero,Argentina,619,-27.46369421,-63.47242057,
Colonia San Miguel Arcángel,Buenos Aires,Argentina,618,-37.44901788,-63.11715636,
Felipe Solá,Buenos Aires,Argentina,618,-38.00924066,-62.8224207,
Chucul,Córdoba,Argentina,618,-33.00933712,-64.16997479,
Comunidad Wichi Oblitaj,Formosa,Argentina,618,-23.13502708,-62.04721438,
Barrio El Cepillo,Mendoza,Argentina,618,-33.83526919,-69.12364853,
Los Romano,Tucumán,Argentina,617,-27.3738379,-65.14066842,
Las Mercedes,Misiones,Argentina,617,-27.16995901,-54.34683393,
Seguín,Misiones,Argentina,617,-27.21756388,-55.08272051,
El Corralito,Tucumán,Argentina,616,-27.61818874,-65.70929763,
Barrio Ruta 24 Kilómetro 23.5,Buenos Aires,Argentina,615,-34.71795252,-59.05550422,
Conhelo,La Pampa,Argentina,615,-36.00053187,-64.5985082,
La Brava,Santa Fe,Argentina,614,-30.44778174,-60.14093669,
Kilómetro 198,Misiones,Argentina,614,-27.14513534,-54.91061755,
Nueva,Misiones,Argentina,614,-26.85050696,-54.22253792,
Silvio Pellico,Córdoba,Argentina,613,-32.2496253,-62.93088116,
Cabalango,Córdoba,Argentina,613,-31.39055696,-64.56030555,
El Porvenir,Tucumán,Argentina,613,-27.00831462,-65.22389578,
Carboncito,Salta,Argentina,612,-23.23609622,-63.76911291,
El 48,Misiones,Argentina,612,-26.57097324,-53.99710462,
Barrio Las Golondrinas,Buenos Aires,Argentina,611,-35.00110831,-58.13054794,
Tartagal,Chaco,Argentina,611,-24.22213723,-62.14841291,
Misión Tierras Fiscales,Salta,Argentina,610,-23.22601471,-64.09196267,
Villa Giménez,Santiago del Estero,Argentina,610,-27.57099339,-64.4774093,
La Cañada,Tucumán,Argentina,610,-26.63757178,-64.92689548,
Las Plumas,Chubut,Argentina,610,-43.72162488,-67.2842378,
Paraná de las Palmas,Buenos Aires,Argentina,609,-34.24717011,-58.73436375,
Fleming,Jujuy,Argentina,609,-24.5874694,-64.92352804,
Enrique Urien,Chaco,Argentina,609,-27.55667239,-60.52696737,
Los Robles,La Rioja,Argentina,608,-28.42566465,-67.11056468,
Los Sueldos,Tucumán,Argentina,608,-27.09100757,-65.26081008,
El 49,Santiago del Estero,Argentina,607,-29.05058066,-63.95793524,
Villa Rural,Formosa,Argentina,607,-25.02923829,-58.44135592,
Villanueva,Buenos Aires,Argentina,606,-35.6753061,-58.43387905,
Laguna Sirena,Corrientes,Argentina,606,-29.00478214,-58.8878937,
Bayauca,Buenos Aires,Argentina,605,-34.86747108,-61.28729038,
Villa Espil,Buenos Aires,Argentina,605,-34.50535531,-59.33833939,
Cielos del Sur,Salta,Argentina,605,-24.89035838,-65.43068284,
Gobernador Udaondo,Buenos Aires,Argentina,603,-35.30267267,-58.59597942,
Monte Leña,Córdoba,Argentina,603,-32.61128294,-62.58974526,
Paraje San Manuel,Santa Fe,Argentina,603,-28.8736093,-59.86598126,
Paso Grande,San Luis,Argentina,603,-32.87732241,-65.63505499,
Médanos,Entre Ríos,Argentina,602,-33.43577405,-59.0688573,
Domingo Savio,Misiones,Argentina,602,-27.35543124,-55.33847035,
Kilómetro 658,Córdoba,Argentina,601,-31.36884862,-63.53062842,
Monte Ralo,Córdoba,Argentina,599,-31.91072278,-64.23994229,
Las Palmas,Salta,Argentina,599,-24.90234443,-65.42920726,
El Cruce,Tucumán,Argentina,599,-27.13783233,-65.28255521,
Falda del Carmen,Córdoba,Argentina,598,-31.58535762,-64.45464818,
Las Flores,San Juan,Argentina,598,-30.32248516,-69.20430081,
Telsen,Chubut,Argentina,598,-42.43553062,-66.94321297,
Villa Ruiz,Buenos Aires,Argentina,597,-34.43167821,-59.26155214,
Picada El Molino,Misiones,Argentina,597,-27.0820441,-54.29378164,
Mariano Boedo,Formosa,Argentina,597,-26.10932481,-58.48775438,
Parada Labougle,Corrientes,Argentina,597,-30.319013,-57.72968754,
Colonia Avigdor,Entre Ríos,Argentina,596,-31.1831955,-59.40823728,
Villa Centenario,San Juan,Argentina,596,-31.68246555,-68.51824933,
Warnes,Buenos Aires,Argentina,595,-34.91013367,-60.53895283,
Capilla de Sitón,Córdoba,Argentina,595,-30.57368678,-63.65371246,
El Hoyón,Santiago del Estero,Argentina,595,-28.62946381,-63.95942662,
Huilla Catina,Santiago del Estero,Argentina,595,-27.57959772,-63.96321501,
Capitán General Bernardo O'Higgins,Córdoba,Argentina,594,-33.24825658,-62.26883459,
La Rivera,Santiago del Estero,Argentina,594,-27.90072291,-64.09317944,
Yonopongo,Tucumán,Argentina,594,-27.21682492,-65.49410293,
Panambí,Misiones,Argentina,594,-27.7513806,-55.07024182,
Ingeniero Chanourdie,Santa Fe,Argentina,593,-28.75981253,-59.57723327,
El Ceibal,Tucumán,Argentina,593,-26.97049209,-65.3021532,
Villa Pastora,Córdoba,Argentina,592,-31.30581597,-64.17918732,
El Rincón de Pavón,Santa Fe,Argentina,591,-33.23291983,-60.42481847,
Caburei,Misiones,Argentina,591,-25.68213426,-54.14136006,
Lomas de Empedrado,Corrientes,Argentina,591,-27.88481499,-58.7115105,
Metileo,La Pampa,Argentina,590,-35.77415686,-63.94063186,
El Rodeo,Tucumán,Argentina,590,-26.6579956,-64.93322459,
Colonia Elena,Mendoza,Argentina,590,-34.56700046,-68.06848373,
Las Talas,Tucumán,Argentina,589,-26.99102605,-65.2739454,
Ovejería,Tucumán,Argentina,589,-26.86607267,-65.75165063,
Cruce Londero,Misiones,Argentina,589,-27.17754009,-54.45542027,
Punta del Agua,Mendoza,Argentina,589,-35.527636,-68.07855973,
Barrio Colinas Verdes,Buenos Aires,Argentina,588,-37.89252525,-57.82452476,
El Gateado,Córdoba,Argentina,588,-31.32240713,-64.11826706,
Estancia Grande,Entre Ríos,Argentina,588,-31.48255564,-58.17138109,
Chaupi Pozo,Santiago del Estero,Argentina,588,-27.50693275,-64.41984074,
Estación Robles,Santiago del Estero,Argentina,588,-28.04908004,-63.9912325,
Santo Domingo,Santiago del Estero,Argentina,587,-26.21636411,-63.77749628,
San Juan de la Sierra,Misiones,Argentina,587,-27.77112597,-55.50348993,
Gobernador Duval,La Pampa,Argentina,586,-38.74294208,-66.43542807,
Barrio Ruta 40,San Juan,Argentina,586,-31.8590423,-68.53694545,
Las Malvinas,Mendoza,Argentina,586,-34.83509776,-68.24863223,
Capilla del Rosario,Mendoza,Argentina,586,-32.14478006,-68.19578879,
Barrio Santa Rita,Mendoza,Argentina,586,-32.63028642,-68.63652771,
Campo del Medio,Santa Fe,Argentina,585,-31.14553988,-60.13259528,
Punta de los Llanos,La Rioja,Argentina,585,-30.15441148,-66.54673794,
Fortín Belgrano,Chaco,Argentina,585,-24.12335111,-62.33758668,
Gran China,San Juan,Argentina,585,-30.12035846,-68.72818772,
Machigasta,La Rioja,Argentina,583,-28.54353796,-66.79110931,
Colonia Malligasta,La Rioja,Argentina,582,-29.19806407,-67.3981725,
El Portón,Misiones,Argentina,582,-27.26231524,-54.5452389,
Agua Dulce,Tucumán,Argentina,581,-27.05522938,-65.03210205,
Kilómetro 218,Misiones,Argentina,581,-27.08505228,-54.77866066,
Moluches,Mendoza,Argentina,581,-32.76704479,-68.32958945,
Costa del Río Azul,Río Negro,Argentina,581,-41.87274742,-71.53746232,
Río Nío,Tucumán,Argentina,580,-26.44181994,-64.99130031,
San Justo,Corrientes,Argentina,579,-28.08031679,-55.98841871,
Las Toscas,Buenos Aires,Argentina,578,-35.36458092,-61.8055502,
La Niña,Buenos Aires,Argentina,578,-35.40870746,-61.20780547,
Escalada,Buenos Aires,Argentina,578,-34.15814743,-59.1136707,
Capilla del Carmen,Córdoba,Argentina,578,-31.50767965,-63.34314504,
El Lindero,Catamarca,Argentina,577,-27.453106,-66.00450345,
El Alamito,Catamarca,Argentina,577,-27.48988846,-66.02086597,
Tres Pozos,Chaco,Argentina,577,-24.30850396,-61.90214655,
Isla Alta,Corrientes,Argentina,577,-28.63624827,-58.89727346,
Bellocq,Buenos Aires,Argentina,575,-35.91661677,-61.5341135,
Santos Lugares,Santiago del Estero,Argentina,575,-26.69059814,-63.55921045,
El Paraíso,Buenos Aires,Argentina,574,-33.57042402,-59.97802842,
Metán Viejo,Salta,Argentina,574,-25.53779485,-64.9801621,
Sumamao,Santiago del Estero,Argentina,574,-28.16939835,-64.09889443,
Esquina,Tucumán,Argentina,574,-27.02676468,-65.19706064,
Paraje Monyolito,Misiones,Argentina,574,-27.95117133,-55.58467428,
Guadalcazar,Formosa,Argentina,574,-23.67294793,-61.1636076,
El Provincial,Buenos Aires,Argentina,573,-35.4989206,-60.8749637,
Cuatro Esquinas,San Juan,Argentina,573,-31.73107829,-68.34417955,
El Deancito,Santiago del Estero,Argentina,572,-27.70107569,-64.34308381,
Washington,Córdoba,Argentina,571,-33.87373761,-64.689594,
La Serranita,Córdoba,Argentina,570,-31.73566623,-64.45561019,
Puesto del Marquéz,Jujuy,Argentina,570,-22.53696066,-65.6974625,
Los Molles,San Luis,Argentina,570,-33.10071971,-66.29133862,
Ingeniero Otto Krause,Río Negro,Argentina,570,-39.10723529,-66.99811672,
La Chispa,Santa Fe,Argentina,569,-33.54420456,-61.97406405,
Quehué,La Pampa,Argentina,569,-37.12182235,-64.51517673,
Barrio Perdriel IV,Mendoza,Argentina,568,-33.0766829,-68.91379851,
Pueblo Muñóz,Santa Fe,Argentina,567,-33.17204632,-60.89807376,
Aldea Spatzenkutter,Entre Ríos,Argentina,567,-31.94617903,-60.58086273,
Piquete Cabado,Salta,Argentina,567,-24.82084996,-64.1776669,
San José del Boquerón,Santiago del Estero,Argentina,567,-26.11921039,-63.70403825,
El Cuy,Río Negro,Argentina,567,-39.92609426,-68.34275385,
El Breal,Formosa,Argentina,566,-22.72084405,-62.32476168,
Colonia Almada,Córdoba,Argentina,565,-32.03502468,-63.86478458,
Varvarco,Neuquén,Argentina,565,-36.85478815,-70.67815197,
Curarú,Buenos Aires,Argentina,564,-35.64091406,-62.19470373,
Diego Gaynor,Buenos Aires,Argentina,564,-34.28676026,-59.22210591,
Pedro Gómez Cello,Santa Fe,Argentina,564,-30.0384741,-60.31524339,
Villa Mirasol,La Pampa,Argentina,564,-36.07636886,-63.88632415,
El Bajo de Marapa,Tucumán,Argentina,564,-27.61487933,-65.62638809,
La Vasconia,Mendoza,Argentina,564,-34.8187316,-67.95748587,
Lago Epuyén,Chubut,Argentina,564,-42.21689043,-71.42967089,
El Zampal,Mendoza,Argentina,563,-33.39906665,-69.10573979,
Rincón del Indio,Mendoza,Argentina,563,-34.86981604,-67.77989701,
Villa Rossi,Córdoba,Argentina,562,-34.2979366,-63.26853898,
La Guardia,Catamarca,Argentina,562,-29.55652595,-65.45292513,
Las Talas,San Juan,Argentina,561,-31.59700773,-68.2739248,
El Suncho,Tucumán,Argentina,560,-27.21411431,-64.94939355,
Gobernador Ugarte,Buenos Aires,Argentina,559,-35.16389161,-60.07891924,
Lucas Norte,Entre Ríos,Argentina,559,-31.39717782,-58.96178837,
El Acheral,Jujuy,Argentina,559,-24.40315522,-64.80063419,
Portón Negro,Formosa,Argentina,559,-24.96609147,-58.74254618,
Goyena,Buenos Aires,Argentina,558,-37.72101877,-62.60645485,
Gobernador Solá,Entre Ríos,Argentina,558,-32.33652257,-59.37278534,
El Cuadrado,Santiago del Estero,Argentina,558,-28.22837687,-61.80207557,
La Travesía,Córdoba,Argentina,557,-32.11455723,-65.04368347,
Salicas,La Rioja,Argentina,557,-28.37593753,-67.07065167,
Colonia Yucumanita,Tucumán,Argentina,557,-27.38638261,-65.53204253,
Santa María,Misiones,Argentina,557,-27.93451413,-55.4073344,
Erezcano,Buenos Aires,Argentina,556,-33.52346278,-60.31662802,
Cañada Ombú,Santa Fe,Argentina,556,-28.30912985,-59.9835542,
Santa Teresa,La Pampa,Argentina,555,-37.57478718,-63.4313184,
El Rincón,Tucumán,Argentina,555,-26.56420943,-64.82679929,
Chacras,Corrientes,Argentina,555,-28.01314872,-58.19896174,
Puerto Las Cuevas,Entre Ríos,Argentina,554,-32.32870769,-60.48650118,
Santa Cruz de Aguilar,Salta,Argentina,554,-22.1547151,-65.01859613,
Los Romanos,Santiago del Estero,Argentina,554,-27.80570416,-64.18487625,
Arroyo Falso,Misiones,Argentina,554,-25.94446882,-54.31416541,
Ranchillos Viejo,Tucumán,Argentina,553,-26.95459878,-65.08745237,
Puerto Paraíso,Misiones,Argentina,552,-27.25584641,-54.05911283,
San Lorenzo,Salta,Argentina,551,-26.1094241,-64.64901752,
El Cortaderal,Tucumán,Argentina,551,-27.06811349,-65.15377479,
Loma Alta,Corrientes,Argentina,551,-28.08635944,-58.31418068,
Hipatía,Santa Fe,Argentina,550,-31.12557658,-61.03300641,
Tres Cruces,Jujuy,Argentina,550,-22.91821055,-65.58758519,
Lilo Viejo,Santiago del Estero,Argentina,550,-26.93878072,-62.95726956,
Los Mendoza,Tucumán,Argentina,550,-27.40176482,-65.16619459,
Los Zorros,Córdoba,Argentina,549,-32.0449728,-63.20224025,
San Miguelito,Tucumán,Argentina,549,-26.92447667,-65.08512141,
La Isleta,Santa Fe,Argentina,548,-28.49216956,-59.29419267,
Las Delicias,Entre Ríos,Argentina,547,-30.90103221,-58.89589719,
Chauchillas,Santiago del Estero,Argentina,546,-27.51935939,-64.55943383,
Helvecia,Misiones,Argentina,546,-27.1097343,-55.34445845,
San Martín,Corrientes,Argentina,546,-29.59419469,-59.34767425,
Mar de las Pampas,Buenos Aires,Argentina,545,-37.32832691,-57.01994502,
Campo Bello Norte,Santa Fe,Argentina,545,-28.54069146,-59.3151295,
Los Tolozos,Santiago del Estero,Argentina,545,-28.62390619,-63.63898849,
Las Mojarras,Catamarca,Argentina,544,-26.69375701,-66.06621443,
Las Tejas,Catamarca,Argentina,544,-28.65868258,-65.78380155,
Rincón del Sauce,Corrientes,Argentina,544,-30.04630006,-58.88556205,
Barrio La Defensa,Río Negro,Argentina,544,-39.03112449,-67.38729599,
Barrio El Taladro,Buenos Aires,Argentina,543,-35.07145154,-58.86530965,
Kilómetro 511,Misiones,Argentina,543,-25.71500357,-54.08559441,
Colonia Progreso Norte,Corrientes,Argentina,543,-28.60198826,-58.99610486,
Malvinas Centro,Corrientes,Argentina,543,-29.71600373,-59.01684385,
Viña,Buenos Aires,Argentina,542,-33.99237915,-60.22641836,
Concepción,Catamarca,Argentina,542,-28.68709849,-66.06588754,
El Bordo,Salta,Argentina,542,-24.46338362,-64.01916186,
Los Agudos,Tucumán,Argentina,542,-27.45669416,-65.4674019,
Causana,Córdoba,Argentina,541,-31.46109513,-64.40709205,
Sosa,Entre Ríos,Argentina,541,-31.7362333,-59.91113589,
Fuerte Quemado,Catamarca,Argentina,541,-26.62683882,-66.04848594,
San José de Buena Vista,Tucumán,Argentina,541,-27.1060702,-65.37580449,
Barrio Puente de Madera,Río Negro,Argentina,541,-38.93550551,-67.94424745,
Colonia Caraya,Corrientes,Argentina,540,-28.22259821,-57.89811691,
Colonia Prosperidad,Córdoba,Argentina,539,-31.62870431,-62.36533986,
Rincón del Doll,Entre Ríos,Argentina,539,-32.43978558,-60.39344354,
Colana,Catamarca,Argentina,538,-28.3623962,-66.15975574,
Puerto Santa Ana,Misiones,Argentina,538,-27.33564745,-55.58312715,
Copacabana,Catamarca,Argentina,537,-28.17653098,-67.48801871,
Lote 1,Chaco,Argentina,537,-27.31554021,-58.99181958,
Rosales,Córdoba,Argentina,535,-34.17177596,-63.15402645,
Loma Bola,Córdoba,Argentina,534,-32.21905136,-65.0277158,
Anjullón,La Rioja,Argentina,534,-28.72384722,-66.92338406,
La Blanca,Santiago del Estero,Argentina,534,-28.28616083,-63.79287143,
Colonia Javier Muñiz,Formosa,Argentina,534,-24.73138705,-60.54510477,
Alicia Baja,Misiones,Argentina,533,-27.43940087,-54.35370931,
Yahapé,Corrientes,Argentina,533,-27.3714461,-57.65503735,
Agua Escondida,Mendoza,Argentina,532,-36.15492537,-68.30084882,
Chañar Punco,Catamarca,Argentina,531,-26.72456014,-66.07609758,
San Jerónimo,San Luis,Argentina,531,-33.13804929,-66.52402563,
Colonia Potrero Norte,Formosa,Argentina,530,-25.75806607,-59.45456581,
El Tucumancito,Formosa,Argentina,530,-22.8531357,-62.26893608,
San Juancito,Corrientes,Argentina,529,-27.86653886,-58.6858794,
Barrio San Cayetano,Mendoza,Argentina,529,-33.63347429,-69.17970787,
Villa Cerro Azul,Córdoba,Argentina,528,-31.07066518,-64.31623539,
Quetrequén,La Pampa,Argentina,528,-35.05704686,-64.52316279,
Paso Grande,Santiago del Estero,Argentina,528,-28.32441766,-63.18424837,
San Mayol,Buenos Aires,Argentina,527,-38.31801362,-60.02762092,
Estación Camps,Entre Ríos,Argentina,526,-32.11251624,-60.22728892,
Puerta de Crespo,Entre Ríos,Argentina,526,-32.82424725,-59.74318409,
Ramón Santamarina,Buenos Aires,Argentina,525,-38.44912663,-59.33050799,
Loma Senés,Formosa,Argentina,525,-25.86712285,-59.21768525,
Barrio Isla 10,Río Negro,Argentina,525,-38.99547601,-67.91799363,
Vieytes,Buenos Aires,Argentina,524,-35.26746449,-57.57491978,
Balneario Sauce Grande,Buenos Aires,Argentina,524,-38.99376182,-61.20801135,
General Alvear,Entre Ríos,Argentina,524,-31.94551488,-60.6801219,
Paso Blanco,Entre Ríos,Argentina,524,-31.50111548,-59.12208049,
Los Valenzuelas,Tucumán,Argentina,524,-27.409222,-65.36766359,
Puerto Andresito,Misiones,Argentina,524,-25.5962144,-54.00241424,
Miguel Torres,Santa Fe,Argentina,522,-33.52646165,-61.46587269,
San Gabriel,Tucumán,Argentina,522,-27.10397919,-65.45117196,
Centro Guerrero,Buenos Aires,Argentina,521,-36.05546787,-57.82109622,
Simbolar,Córdoba,Argentina,521,-30.47441271,-63.98471401,
El Puesto,Tucumán,Argentina,521,-27.37211622,-65.42807563,
Mariano Moreno,Misiones,Argentina,521,-27.3596213,-54.23200367,
Arroyito,Neuquén,Argentina,521,-39.07443774,-68.57260718,
Los Miches,Neuquén,Argentina,521,-37.20544401,-70.8192232,
La Puerta,Córdoba,Argentina,520,-31.14316426,-64.04126574,
Barrio Lomas Altas,Buenos Aires,Argentina,519,-35.58406617,-58.06819487,
Betbeder,Entre Ríos,Argentina,519,-32.37217976,-59.92840783,
Gentile,Misiones,Argentina,519,-26.57303877,-54.01789137,
Campos del Virrey,Córdoba,Argentina,518,-31.58524611,-64.34370151,
Rincón Potrero,Santa Fe,Argentina,518,-31.5289972,-60.47999707,
Parada Pucheta,Corrientes,Argentina,518,-29.90603928,-57.57416884,
Yabotí,Misiones,Argentina,516,-26.71254266,-53.86392296,
Colonia Rusa,Mendoza,Argentina,516,-34.9803068,-67.74215824,
Palacios,Santa Fe,Argentina,515,-30.70858425,-61.62265243,
Huyamampa,Santiago del Estero,Argentina,515,-27.38566516,-64.29523222,
San José de La Cocha,Tucumán,Argentina,515,-27.73122048,-65.58368381,
La Corita,Misiones,Argentina,515,-27.89253378,-55.35555488,
Colonia Italia,Mendoza,Argentina,514,-32.66757952,-68.53357562,
Paso del Sapo,Chubut,Argentina,514,-42.73511587,-69.60815369,
La Favorita,Tucumán,Argentina,513,-26.98347252,-65.03447225,
El Jardín,Tucumán,Argentina,513,-27.24615164,-65.4012874,
Colonia Baranda,Chaco,Argentina,513,-27.55970661,-59.30792428,
Moquehue,Neuquén,Argentina,513,-38.94211923,-71.32901195,
San Lucas,Jujuy,Argentina,512,-24.26844165,-64.86475351,
Nueva Trinidad,Tucumán,Argentina,511,-27.48451134,-65.49125093,
San Cayetano,Misiones,Argentina,511,-25.83770254,-54.53546191,
Puerto Pirámides,Chubut,Argentina,511,-42.57209106,-64.28416288,
Los Alamitos,Tucumán,Argentina,510,-27.60456191,-65.55254412,
Santa Teresa,Mendoza,Argentina,509,-34.67771737,-68.31781355,
Carri Lil,Neuquén,Argentina,509,-39.19813451,-71.05960725,
Cerro Radal,Chubut,Argentina,509,-42.03837372,-71.56449934,
Bario Ita,Misiones,Argentina,508,-26.5295241,-54.70680492,
José Luis,Misiones,Argentina,508,-27.23297632,-54.88376566,
Espigas,Buenos Aires,Argentina,507,-36.41295828,-60.67314896,
Leandro N. Alem,San Luis,Argentina,507,-32.48625695,-66.05301568,
Barrio Kennedy,Buenos Aires,Argentina,506,-37.02028698,-57.10338804,
Ingeniero Miguel Sajaroff,Entre Ríos,Argentina,505,-31.95688599,-58.84948878,
El Churqui,Santiago del Estero,Argentina,505,-27.16365241,-64.66664745,
El Tala,Tucumán,Argentina,505,-26.99856552,-65.05859784,
Bello Horizonte,Misiones,Argentina,505,-26.74672233,-54.22991862,
Las Faldas,Tucumán,Argentina,504,-27.28521416,-65.61471044,
Cuadro Ortega,Mendoza,Argentina,504,-33.27166291,-68.42898439,
Chaupihuasi,La Rioja,Argentina,503,-28.35153367,-67.07223073,
Sansinena,Buenos Aires,Argentina,502,-35.27439082,-63.21432558,
Carlos María Naón,Buenos Aires,Argentina,501,-35.23715097,-60.82327875,
Piruaj Bajo,Santiago del Estero,Argentina,501,-26.14393504,-63.56621512,
28 de Diciembre,Misiones,Argentina,501,-25.7988354,-53.90191412,
Colonia El Paraisal,Chaco,Argentina,501,-27.95308939,-59.23126722,
Recalde,Buenos Aires,Argentina,499,-36.65178845,-61.08590633,
Algarrobo del Águila,La Pampa,Argentina,499,-36.39808441,-67.14449146,
El Puestito,Tucumán,Argentina,499,-26.43371361,-64.75103888,
Tranquera Cadena,Corrientes,Argentina,499,-29.93811966,-59.46746412,
Country Club Los Caldenes,San Luis,Argentina,498,-33.70733728,-65.38351045,
Don Emilio,Jujuy,Argentina,497,-24.31720772,-64.90676423,
Alhuampa,Santiago del Estero,Argentina,496,-27.12754616,-62.54759914,
Villa Antigua,Mendoza,Argentina,496,-33.46514046,-67.59387493,
El Sombrerito,Santa Fe,Argentina,495,-28.6557419,-59.42723052,
Pujato Norte,Santa Fe,Argentina,495,-31.50655294,-60.93204331,
Rincón de Nogoya Sur,Entre Ríos,Argentina,495,-32.84982002,-59.86555182,
Cuchilla,Misiones,Argentina,495,-27.00135948,-55.0430434,
Cochiyaco,Salta,Argentina,494,-25.36662024,-66.42370117,
El Naranjito,Tucumán,Argentina,494,-26.98829975,-65.08859979,
Poste de Fierro,Mendoza,Argentina,494,-35.03025072,-67.68897537,
Julia Dufour,Santa Cruz,Argentina,494,-51.54728715,-72.23904407,
Dique Chico,Córdoba,Argentina,493,-31.74584912,-64.36581086,
Colonia La Argentina,Entre Ríos,Argentina,492,-31.07407702,-58.02602165,
Puelches,La Pampa,Argentina,492,-38.14630209,-65.91404063,
Los Palacios,La Rioja,Argentina,492,-29.36930439,-68.2355418,
Playadito,Corrientes,Argentina,492,-27.88502164,-55.92051361,
Pinzón,Buenos Aires,Argentina,491,-33.99328466,-60.7306614,
Moussy,Santa Fe,Argentina,491,-29.01675224,-59.6864614,
Averías,Santiago del Estero,Argentina,491,-28.74761471,-62.45070139,
Juan G. Bazán,Formosa,Argentina,491,-24.54299923,-60.83290864,
Los Gucheas,Tucumán,Argentina,490,-27.39957427,-65.57370507,
Las Tunas,Santa Fe,Argentina,489,-31.57189025,-60.9961316,
Aldea Santa María,Entre Ríos,Argentina,489,-31.61133299,-60.00688695,
Ingenio Primer Correntino,Corrientes,Argentina,489,-27.43364493,-58.6243084,
Quila Quina,Neuquén,Argentina,488,-40.17428277,-71.43445879,
Azcuénaga,Buenos Aires,Argentina,487,-34.3665476,-59.37548068,
Yanimas,Tucumán,Argentina,487,-27.65542465,-65.66773025,
Ticucho,Tucumán,Argentina,487,-26.5223176,-65.24762268,
El Martillo,Chaco,Argentina,487,-27.06459609,-60.01883577,
Los Cajones,San Luis,Argentina,487,-32.02404393,-65.37250519,
Santa Regina,Buenos Aires,Argentina,486,-34.54956065,-63.17334046,
Divisadero,San Juan,Argentina,486,-32.00727172,-68.69387173,
Barrio Carrasco,Mendoza,Argentina,486,-33.83110674,-69.04885908,
Saladillo,San Luis,Argentina,485,-33.20247153,-65.85532376,
Villa de Praga,San Luis,Argentina,485,-32.5333367,-65.64585986,
Medanitos,Catamarca,Argentina,484,-26.75077799,-66.07872337,
La California,Mendoza,Argentina,484,-34.92376214,-67.65625987,
Quebracho Herrado,Córdoba,Argentina,483,-31.54901374,-62.22495669,
Colonia La Elisa,Corrientes,Argentina,483,-28.58330984,-58.5373556,
Punta del Monte,San Juan,Argentina,483,-31.39085355,-68.39497427,
Los Chañaritos,Córdoba,Argentina,482,-30.55767682,-64.95374658,
La Angostura,Chubut,Argentina,482,-43.32811412,-65.54123949,
Villa Saralegui,Santa Fe,Argentina,481,-30.54084094,-60.74677898,
Shaqui,La Rioja,Argentina,481,-28.48062772,-67.12844015,
Las Juntas,Catamarca,Argentina,481,-28.09831129,-65.8992368,
Los Claveles,Mendoza,Argentina,481,-34.91821962,-67.71767777,
Batavia,San Luis,Argentina,481,-34.77834625,-65.69004896,
Barrio La Herminia,Río Negro,Argentina,481,-38.88647805,-68.06482033,
Micaela Cascallares,Buenos Aires,Argentina,480,-38.49411434,-60.46835121,
Colonia Bismarck,Córdoba,Argentina,480,-33.30123705,-62.71264678,
Campamento Vespucio,Salta,Argentina,480,-22.58482535,-63.85461338,
Integración,Misiones,Argentina,480,-25.77096135,-53.85518091,
Lonco Luan,Neuquén,Argentina,480,-38.97010589,-71.0446472,
Villa Candelaria,Córdoba,Argentina,478,-29.81291024,-63.35512612,
Lucio Vicente López,Santa Fe,Argentina,478,-32.71539624,-61.01745883,
La Cruz,Tucumán,Argentina,478,-26.63230965,-64.8809961,
Arroyo Seco,Corrientes,Argentina,478,-29.54943385,-58.63462775,
Colonia Pan de Azúcar,San Juan,Argentina,478,-31.73708314,-68.4711727,
Gorchs,Buenos Aires,Argentina,477,-35.67206965,-58.95841042,
Suco,Córdoba,Argentina,477,-33.43999215,-64.83088226,
El Cimarrón,Entre Ríos,Argentina,477,-30.97410231,-58.99641354,
Collagasta,Catamarca,Argentina,477,-28.3477535,-65.71867623,
Antajé,Santiago del Estero,Argentina,477,-27.62291947,-64.25460115,
Costa Esmeralda,Buenos Aires,Argentina,476,-37.00928199,-56.80049362,
El Barrial,Salta,Argentina,476,-25.91478738,-65.94547851,
Pozo de los Indios,Santa Fe,Argentina,475,-28.94513262,-60.25200407,
Villa del Parque,Río Negro,Argentina,475,-39.12613822,-66.99745835,
Pacará,Salta,Argentina,474,-22.45007823,-63.44200542,
San Antonio,Corrientes,Argentina,474,-27.90126212,-57.42948688,
La Riojita,Mendoza,Argentina,474,-33.62661122,-69.14644619,
Barrio La Lor,Río Negro,Argentina,474,-38.93513959,-68.02825254,
El Malacate,Buenos Aires,Argentina,473,-34.3594832,-59.18678364,
Las Calles,Córdoba,Argentina,473,-31.82404385,-64.97142508,
Picada Mojón Grande,Misiones,Argentina,473,-27.10553638,-54.42669123,
Barrio 20 de Junio,Misiones,Argentina,473,-27.14867066,-55.46589101,
Campo del Cielo,Formosa,Argentina,472,-24.44799783,-60.42308039,
Villa Sauze,Buenos Aires,Argentina,471,-35.28585742,-63.36865216,
Rocamora,Entre Ríos,Argentina,471,-32.34466363,-58.97300967,
Barrio Coelho,Entre Ríos,Argentina,471,-31.39735499,-58.16207442,
Colonia Gisela,Misiones,Argentina,470,-27.0179925,-55.36203744,
Ciénaga del Coro,Córdoba,Argentina,469,-31.04242189,-65.2835251,
Toba,Santa Fe,Argentina,469,-29.26816353,-60.17154145,
Los Varela,Catamarca,Argentina,469,-27.9314683,-65.87202064,
Villa Esperanza,Buenos Aires,Argentina,468,-33.42138341,-60.2603633,
Centro Forestal,Jujuy,Argentina,467,-24.22902719,-65.17841528,
Puesto de Juanes,Santiago del Estero,Argentina,467,-28.39233623,-64.14729766,
Picada Belgrano,Misiones,Argentina,467,-27.64321466,-55.39485733,
Cuarta Legua,Chaco,Argentina,467,-26.05733107,-59.88869164,
Estancia Grande,San Luis,Argentina,467,-33.18959786,-66.15259947,
Polvaredas,Buenos Aires,Argentina,466,-35.59455424,-59.50696457,
Cuipán,La Rioja,Argentina,466,-28.4573411,-67.12158548,
Vinal Suni,Santiago del Estero,Argentina,466,-26.06856768,-63.67908994,
Valdés,Buenos Aires,Argentina,465,-35.64804143,-60.46567614,
Barrio El Mangrullo,Buenos Aires,Argentina,465,-34.11330908,-59.1241504,
Durazno,Entre Ríos,Argentina,465,-31.98588078,-59.27929403,
Santo Tomás,Neuquén,Argentina,465,-39.82074385,-70.10051731,
Theobald,Santa Fe,Argentina,464,-33.31097736,-60.31237321,
Carcaraes,Santa Fe,Argentina,464,-32.48541778,-60.85558475,
San Pedro,La Rioja,Argentina,464,-28.66172333,-66.92301547,
Capitán Pedro Giachino,Misiones,Argentina,464,-25.97415046,-53.89500783,
Colonia San Juan,Formosa,Argentina,464,-25.17500213,-57.94433423,
Frente Mar,Buenos Aires,Argentina,463,-37.85884726,-57.51347742,
Reta,Buenos Aires,Argentina,463,-38.89489398,-60.34485806,
Colonia Sudamérica,Formosa,Argentina,463,-25.20860129,-58.31072014,
Paso de la Laguna,Entre Ríos,Argentina,462,-31.80352045,-59.15980793,
La Punilla,San Luis,Argentina,462,-33.14388406,-65.09005701,
Barrio Villa Sindicatos Unidos Petroleros del Estado,Chubut,Argentina,462,-45.83648611,-67.50245403,
Los Pinos,Buenos Aires,Argentina,461,-37.94270975,-58.32427674,
Colonia Bossi,Santa Fe,Argentina,461,-30.66784593,-61.78774365,
Costa Alegre,Formosa,Argentina,461,-25.15150243,-58.21549557,
Perchil Bajo,Santiago del Estero,Argentina,460,-28.31145948,-63.99497083,
Capillita,Corrientes,Argentina,460,-27.76219158,-57.64831229,
Monte Grande,Corrientes,Argentina,460,-27.45397447,-56.91530681,
Pago Alegre,Corrientes,Argentina,460,-28.12719839,-58.38771925,
Fontezuela,Buenos Aires,Argentina,459,-33.91206397,-60.46003334,
San Martín,Córdoba,Argentina,459,-31.88553603,-65.47746662,
El Quebrachal,Córdoba,Argentina,459,-31.32426531,-64.06502673,
La Angostura,Tucumán,Argentina,459,-26.71729468,-64.99505802,
La Arboleda,Mendoza,Argentina,459,-33.36146097,-69.11960311,
Talapampa,Salta,Argentina,458,-25.54556057,-65.55613313,
Los Gómez,Santiago del Estero,Argentina,458,-27.5535478,-64.45052313,
Taco Atún,Santiago del Estero,Argentina,458,-28.35744458,-63.1157052,
Juan Jorba,San Luis,Argentina,458,-33.61317049,-65.27218493,
Colonia Raquel,Santa Fe,Argentina,457,-30.83683443,-61.488043,
Villa Guasayán,Santiago del Estero,Argentina,457,-27.88671705,-64.84899908,
Villa del Mar,Buenos Aires,Argentina,456,-38.85438911,-62.11652063,
Costa Chica,Buenos Aires,Argentina,456,-36.50843231,-56.69481021,
La Armonía,Entre Ríos,Argentina,456,-30.79292814,-59.64143978,
Tramo 26,Santiago del Estero,Argentina,456,-27.74851111,-64.06719107,
Paso Tala,Corrientes,Argentina,455,-29.1803007,-58.70344297,
Alberdi Viejo,Buenos Aires,Argentina,454,-34.43971275,-61.84657416,
Monte Flores,Santa Fe,Argentina,453,-33.07633776,-60.63343502,
La Rubia,Santa Fe,Argentina,453,-30.11028729,-61.79350412,
Don Cristóbal II,Entre Ríos,Argentina,453,-32.07135419,-59.99473098,
Santa Clara,La Rioja,Argentina,453,-29.56128092,-68.53305426,
Villa Vil,Catamarca,Argentina,453,-27.09351671,-66.8220598,
Cienaguita,San Juan,Argentina,453,-32.07716108,-68.69353101,
Los Nogales,San Juan,Argentina,453,-31.97248261,-68.31219868,
El Escorial,Mendoza,Argentina,453,-34.77595749,-68.31534719,
Silva,Santa Fe,Argentina,452,-30.44730089,-60.43056256,
San Patricio,Tucumán,Argentina,452,-26.6705089,-64.92717834,
Vallecito,San Juan,Argentina,452,-31.73464052,-67.98287067,
Gómez,Buenos Aires,Argentina,451,-35.06754254,-58.16603951,
Golondrina,Santa Fe,Argentina,451,-28.55637547,-60.02478742,
Puerto Ruiz,Entre Ríos,Argentina,451,-33.22182417,-59.36546489,
Tres Estacas,Chaco,Argentina,451,-26.92175133,-61.62511587,
Colonia Domingo Matheu,Chaco,Argentina,451,-27.42664184,-60.84415976,
Moctezuma,Buenos Aires,Argentina,450,-35.47794651,-61.49576492,
Cayastacito,Santa Fe,Argentina,450,-31.1128097,-60.5798784,
Sauce,Entre Ríos,Argentina,450,-32.70535975,-59.75925924,
San Fernando,Catamarca,Argentina,450,-27.33425975,-66.89800936,
Hipólito Yrigoyen,Jujuy,Argentina,450,-22.97873254,-65.35266019,
Bahoma,Santiago del Estero,Argentina,450,-27.59626481,-64.85815494,
La Esperanza,Formosa,Argentina,450,-26.17862133,-58.9801634,
Casa de Piedra,Catamarca,Argentina,449,-26.8166192,-66.07949624,
Salinas Grandes,Corrientes,Argentina,449,-28.84544489,-58.97176883,
Choya,Catamarca,Argentina,448,-27.52104928,-66.38384256,
Rosario de Río Grande (ex Barro Negro),Jujuy,Argentina,448,-24.30852456,-64.93164173,
Sauzal,Jujuy,Argentina,448,-24.3005198,-64.95666602,
Chucalezna,Jujuy,Argentina,448,-23.3495714,-65.34798782,
Kilómetro 32,Misiones,Argentina,448,-27.68176627,-55.28463021,
Charbonier,Córdoba,Argentina,447,-30.77497906,-64.54416933,
San Víctor,Entre Ríos,Argentina,447,-30.48518996,-59.02834138,
Las Juntas,Catamarca,Argentina,447,-27.53595863,-67.11731331,
Villa Akerman,Misiones,Argentina,447,-26.94332844,-55.09551901,
Las Piedritas,Chaco,Argentina,446,-26.82338449,-61.5653872,
Estación Yeruá,Entre Ríos,Argentina,445,-31.47110673,-58.26332981,
Laurencena,Entre Ríos,Argentina,445,-32.28517369,-59.65498814,
La Puntilla,Catamarca,Argentina,445,-26.82488911,-66.08508142,
La Bajada,Jujuy,Argentina,445,-23.95059091,-64.83897382,
La Holanda,Mendoza,Argentina,445,-32.83162927,-68.48418026,
Las Gaviotas,Buenos Aires,Argentina,444,-37.33891838,-57.02748355,
Casas Viejas,Tucumán,Argentina,444,-27.61438756,-65.48947109,
Chico Alférez,Misiones,Argentina,444,-27.75230322,-55.00855003,
Colonia Juan B. Cabral,Corrientes,Argentina,444,-28.2210938,-58.57708222,
Palermo Oeste,Salta,Argentina,443,-24.93628376,-66.16665773,
La Florida,Tucumán,Argentina,443,-27.6741085,-65.55642372,
Puerto Mado,Misiones,Argentina,443,-26.22974417,-54.62354791,
Chorriaca,Neuquén,Argentina,443,-37.93684096,-70.10036712,
Pla,Buenos Aires,Argentina,442,-35.12289599,-60.22191614,
Sir Leonard,Entre Ríos,Argentina,442,-31.38892115,-59.50106194,
Vaca Human,Santiago del Estero,Argentina,442,-28.91943261,-63.6292743,
La Brea,Formosa,Argentina,442,-23.24978612,-62.0008632,
Boquerón,Corrientes,Argentina,442,-28.82727695,-58.14737314,
Playas Doradas,Río Negro,Argentina,442,-41.6311379,-65.02659657,
Potrero Grande,Tucumán,Argentina,441,-26.45197423,-65.56804269,
Colonia Florida,Misiones,Argentina,441,-27.05562787,-54.38837749,
Coronel Olleros,Salta,Argentina,440,-25.10054449,-64.22157061,
Piñalito Sur,Misiones,Argentina,440,-26.42610225,-53.84143004,
Las Piedritas,San Juan,Argentina,440,-31.62758183,-68.60908439,
La Trinidad,Buenos Aires,Argentina,439,-34.10700082,-61.1327498,
El Portezuelo,Catamarca,Argentina,438,-28.47010336,-65.63560196,
Nicanor Molinas,Santa Fe,Argentina,437,-29.1299035,-59.83259526,
Colonia Nueva,Entre Ríos,Argentina,437,-31.69483556,-60.25979623,
Rinconada,Jujuy,Argentina,437,-22.4407002,-66.16715051,
Sotelo,Santiago del Estero,Argentina,437,-27.4622344,-64.72682363,
Las Yerbas,Misiones,Argentina,437,-27.14310123,-54.675561,
Mesón de Fierro,Chaco,Argentina,437,-27.42981258,-61.01709936,
Luján,Corrientes,Argentina,437,-29.15780109,-59.15504946,
Treorcki Este,Chubut,Argentina,437,-43.27129602,-65.38146614,
Guanaco,Buenos Aires,Argentina,436,-35.71491842,-61.64996896,
Tomás M. Anchorena,La Pampa,Argentina,436,-36.84034086,-63.52482202,
Toro Pozo,Santiago del Estero,Argentina,436,-27.12956456,-64.70430385,
Río Muerto,Formosa,Argentina,436,-23.6097768,-61.31704096,
Colonia Progreso,Corrientes,Argentina,436,-28.63533375,-59.01693141,
Santa Rita,Corrientes,Argentina,436,-27.35712606,-58.26070029,
Buen Orden,Mendoza,Argentina,436,-33.06155067,-68.42199582,
Fitz Roy,Santa Cruz,Argentina,436,-47.02634779,-67.24739684,
Lazzarino,Santa Fe,Argentina,435,-34.16546377,-62.42812091,
Las Moscas,Entre Ríos,Argentina,435,-32.09210327,-58.95751465,
Pumahuasi,Jujuy,Argentina,435,-22.28997282,-65.68007386,
Villa Sarmiento,Córdoba,Argentina,434,-34.12285384,-64.72517936,
Colonia Barge,Córdoba,Argentina,434,-33.25823939,-62.6075244,
Poscaya,Salta,Argentina,434,-22.45440576,-65.08322177,
Ramírez de Velazco,Santiago del Estero,Argentina,434,-29.23095233,-63.47425428,
Puma Pozo,Tucumán,Argentina,434,-27.15620911,-65.14918831,
General Capdevila,Chaco,Argentina,434,-27.42257135,-61.47614151,
Carolina,San Luis,Argentina,434,-32.81080223,-66.09195195,
Villa Manuel Pomar,Buenos Aires,Argentina,433,-33.91336607,-60.94232751,
Acceso a Lima,Buenos Aires,Argentina,433,-34.08190377,-59.2075228,
Santa Rita,Buenos Aires,Argentina,433,-34.96527083,-58.47515937,
Villa del Tránsito,Córdoba,Argentina,433,-31.44817873,-63.19430378,
El Puestito de Arriba,Tucumán,Argentina,433,-26.4248061,-64.77569878,
Paraje Sargento Cabral,Misiones,Argentina,433,-27.65852154,-54.94166174,
Cruz Caña,Córdoba,Argentina,432,-32.27827351,-65.0302356,
Los Olivos,Mendoza,Argentina,432,-33.0155891,-68.69785,
Kilómetro 691,Córdoba,Argentina,431,-31.32235778,-63.85205786,
Villa Gobernador Luis F. Etchevehere,Entre Ríos,Argentina,431,-31.93506991,-60.42716766,
Villa Sarubb,Misiones,Argentina,431,-27.42697202,-55.0837582,
Barrio Costa Este,Río Negro,Argentina,431,-39.0291854,-67.81084224,
Blondeau,Buenos Aires,Argentina,430,-34.05912481,-58.83626493,
Antonio Carboni,Buenos Aires,Argentina,429,-35.20104596,-59.34539611,
Paso Telégrafo,Entre Ríos,Argentina,429,-30.35209234,-59.51444927,
Doce Cuarenta,Tucumán,Argentina,429,-27.05091833,-65.32133201,
Loma Grande,Chubut,Argentina,429,-43.29225375,-65.3524149,
El Potrerillo,Córdoba,Argentina,427,-31.64492582,-64.48060947,
San Pedro,Catamarca,Argentina,427,-28.7460026,-66.12465933,
Villa San José,Santa Fe,Argentina,426,-31.33666581,-61.62157919,
Colonia Criolla,Santa Fe,Argentina,426,-30.56130407,-59.91828321,
El Barco,Tucumán,Argentina,426,-26.64869817,-64.89363194,
Ceibo Trece,Formosa,Argentina,426,-25.23445094,-58.1995163,
Usno,San Juan,Argentina,426,-30.56707351,-67.54205573,
Comodoro Py,Buenos Aires,Argentina,425,-35.32255698,-60.52137984,
Cartavio,Santiago del Estero,Argentina,425,-27.53350203,-63.31205662,
General Fotheringham,Córdoba,Argentina,424,-32.32241421,-63.86847166,
9 de Julio Kilómetro 28,Misiones,Argentina,424,-26.43028053,-54.46647243,
Barbacuá,Misiones,Argentina,424,-26.07950591,-53.81374226,
Fortín Soledad,Formosa,Argentina,424,-24.14875351,-60.68996141,
Sueldos,Tucumán,Argentina,423,-27.43491876,-65.45054744,
Colonia Florida,Misiones,Argentina,423,-27.2703195,-54.9072429,
28 de Julio,Chubut,Argentina,423,-43.38922216,-65.84042648,
Puente Lavayén,Jujuy,Argentina,422,-24.27313835,-64.70578883,
Peña Colorada,Salta,Argentina,422,-22.81002178,-64.35458088,
Amicha,Santiago del Estero,Argentina,422,-27.63994456,-64.86398604,
La Bolsa,Tucumán,Argentina,422,-26.93340512,-65.29939575,
El Polvorín,Misiones,Argentina,422,-26.42245925,-53.90301232,
Banco Payaguá,Formosa,Argentina,422,-26.7074222,-58.33833982,
El Vencedor,Mendoza,Argentina,422,-34.68103512,-68.42652908,
Agustina,Buenos Aires,Argentina,421,-34.45784092,-61.0664981,
Puerto San Antonio Este,Río Negro,Argentina,421,-40.80434576,-64.88041059,
Ranchillos,Santiago del Estero,Argentina,420,-25.77510821,-63.83661933,
Las Piedritas,Tucumán,Argentina,420,-26.93361072,-65.09603292,
Ingeniero Barbet,Chaco,Argentina,420,-27.00242471,-59.48262309,
San Francisco,Corrientes,Argentina,420,-28.23969406,-58.64567131,
Carlos Beguerie,Buenos Aires,Argentina,419,-35.48563921,-59.09976957,
Tierra Alta,Córdoba,Argentina,419,-31.4241336,-64.46550619,
Ascochinga,Córdoba,Argentina,419,-30.95903589,-64.2733494,
La Florida,Tucumán,Argentina,419,-27.35096558,-64.96205899,
Colonia Echevarría,Corrientes,Argentina,419,-28.94408264,-59.14813072,
Santa Ana,Jujuy,Argentina,418,-23.355999,-64.98915526,
Lote 8,Chaco,Argentina,418,-27.37901191,-60.42768973,
Punta Batel,Corrientes,Argentina,418,-29.33106484,-59.03519545,
Pinchas,La Rioja,Argentina,417,-28.93478671,-66.96116811,
Juanillo,Santiago del Estero,Argentina,417,-28.59580355,-63.6921786,
Avellaneda,Córdoba,Argentina,416,-30.59429044,-64.20568695,
Paso de Alonso,Entre Ríos,Argentina,416,-33.10525182,-59.29108877,
Pozo El Tigre,Salta,Argentina,416,-22.31694435,-62.64737578,
Villa Figueroa,Santiago del Estero,Argentina,416,-27.72122793,-63.50656306,
Santa Ana,Santiago del Estero,Argentina,416,-28.37288567,-61.87569315,
El Salto,Misiones,Argentina,416,-27.49519491,-55.19872795,
Las Costas,Salta,Argentina,415,-24.77244801,-65.49245613,
Rubia Paso,Santiago del Estero,Argentina,415,-28.87687659,-63.14420086,
Tres Lagos,Santa Cruz,Argentina,415,-49.5979102,-71.44674679,
Villa Saboya,Buenos Aires,Argentina,414,-34.45997221,-62.64927442,
Arroyo Pay Carabí,Buenos Aires,Argentina,414,-34.22578197,-58.59289774,
Villa Turística del Embalse de Rio Hondo,Santiago del Estero,Argentina,414,-27.51429706,-64.90694965,
Colonia Tarancó,Misiones,Argentina,414,-27.70848303,-55.49585632,
Parque Sierra Crovetto,Misiones,Argentina,414,-27.74307382,-55.56565307,
El Puestito,Santiago del Estero,Argentina,413,-27.76437539,-64.36689598,
El Mollar,Tucumán,Argentina,413,-27.34366213,-65.39895544,
Colonia Fiorito,San Juan,Argentina,413,-31.55511158,-68.43112631,
Kilómetro 11 - Cuarteles,Chubut,Argentina,413,-45.76942647,-67.43585683,
Colonia San Joaquín,Santa Fe,Argentina,412,-30.75622899,-59.99790566,
Nueva Vizcaya,Entre Ríos,Argentina,412,-30.96851403,-58.61274934,
Huáncar,Jujuy,Argentina,412,-23.56409873,-66.40995018,
Rincón Yurubí,Corrientes,Argentina,412,-28.40477109,-58.3096464,
Villa San Isidro,Río Negro,Argentina,412,-38.70669538,-68.17309382,
Sevigne,Buenos Aires,Argentina,411,-36.20692525,-57.74269977,
La Calderilla,Salta,Argentina,411,-24.64044208,-65.38695009,
Flor de Mayo,Misiones,Argentina,411,-27.42587655,-54.51455237,
Jocolí Viejo,Mendoza,Argentina,411,-32.70815942,-68.67342506,
Jaramillo,Santa Cruz,Argentina,411,-47.18402841,-67.14472401,
Alto de La Cocha,Tucumán,Argentina,410,-27.75132699,-65.58807506,
Malena,Córdoba,Argentina,409,-33.49040558,-64.43087865,
El Aibé,Santiago del Estero,Argentina,409,-27.58702219,-64.26053147,
Angualasto,San Juan,Argentina,409,-30.05724749,-69.17412464,
San Martín,Catamarca,Argentina,408,-29.2206232,-65.77450445,
Nicolás Bruzzone,Córdoba,Argentina,407,-34.44042024,-64.34164131,
Villa Ciudad de América,Córdoba,Argentina,407,-31.78075136,-64.53244568,
Misión San Luis,Salta,Argentina,407,-22.26114193,-62.65817661,
Estación La Punta,Santiago del Estero,Argentina,407,-28.41029946,-64.75536596,
San Bernardo,Santa Fe,Argentina,406,-28.66741184,-61.52801664,
Morales,Santiago del Estero,Argentina,406,-27.67614916,-64.3653851,
Santa Rosa,Misiones,Argentina,406,-27.27536227,-55.37374945,
Magdala,Buenos Aires,Argentina,405,-36.08447669,-61.72232939,
Monigotes,Santa Fe,Argentina,405,-30.48836762,-61.63423112,
Obraje Mailín,Santiago del Estero,Argentina,405,-28.35677811,-62.009485,
Covunco Centro,Neuquén,Argentina,404,-38.75112557,-70.02604848,
Los Tábanos,Santa Fe,Argentina,403,-28.45821433,-59.9827599,
Laguna Larga,Entre Ríos,Argentina,403,-31.4947596,-58.90650658,
Tramo 20,Santiago del Estero,Argentina,403,-27.72118156,-64.1184987,
Los Puestos,Tucumán,Argentina,403,-27.28183665,-65.01943833,
Loteo Costa de Río,Río Negro,Argentina,403,-40.87525511,-62.91576806,
Barrio Luján,Tucumán,Argentina,402,-27.01973876,-65.41640502,
Zavalía,Tucumán,Argentina,402,-27.10292076,-65.51620403,
La Línea,Misiones,Argentina,402,-27.64229762,-55.01690719,
Colonia Presidente Yrigoyen,Formosa,Argentina,402,-26.17513459,-58.85254894,
Koluel Kaike,Santa Cruz,Argentina,402,-46.71681539,-68.22358091,
Las Chacras,Buenos Aires,Argentina,401,-35.09211113,-59.17331557,
Villa Los Pocitos,Santiago del Estero,Argentina,401,-28.55078822,-62.52466319,
La Reserva,Santiago del Estero,Argentina,401,-27.47287028,-64.93120969,
Paso de la Patria,Tucumán,Argentina,401,-26.62406127,-64.56866336,
Colonia Amadeo,Chaco,Argentina,401,-27.27899501,-59.02175163,
La Falda,San Juan,Argentina,401,-30.19843324,-68.67410377,
Colonia San Miguel,Buenos Aires,Argentina,400,-36.94875478,-60.11144432,
Roosevelt,Buenos Aires,Argentina,400,-35.84689998,-63.29095635,
Los Hoyos,Córdoba,Argentina,400,-29.80246261,-63.6282467,
Rincón de Nogoyá,Entre Ríos,Argentina,400,-32.78096386,-59.90719145,
Caraparí,Salta,Argentina,400,-22.11571743,-63.70673837,
Palo Negro,Santiago del Estero,Argentina,400,-29.67507218,-62.13562305,
Lomitas,Santiago del Estero,Argentina,400,-27.87698934,-63.88744763,
Península Ruca Co,Río Negro,Argentina,400,-38.70170157,-68.02823303,
El Prado,Salta,Argentina,399,-24.62916471,-65.09270386,
La Merced,Salta,Argentina,399,-22.23396119,-62.68017854,
Árboles Grandes,Tucumán,Argentina,399,-27.68678764,-65.00671508,
Las Pintadas,Mendoza,Argentina,399,-33.56447876,-69.11136581,
Barrio Puente 83,Río Negro,Argentina,399,-38.95868144,-67.94882803,
Playa Mansa,Santa Fe,Argentina,398,-33.16664983,-60.4579644,
El Ojito,Santiago del Estero,Argentina,398,-26.14293948,-64.30613418,
Mistol Pozo,Santiago del Estero,Argentina,398,-28.67830969,-63.43508348,
Los Porceles,Tucumán,Argentina,398,-26.93153717,-65.20142672,
Campo Andino,Santa Fe,Argentina,397,-31.23905492,-60.52980703,
Mauricio Mayer,La Pampa,Argentina,397,-36.21153501,-64.03313581,
Carahunco,Jujuy,Argentina,397,-24.3077484,-65.08213802,
Luracatao,Salta,Argentina,397,-25.24598911,-66.43533259,
Río Grande,Salta,Argentina,397,-26.07973115,-66.30236721,
Casares,Santiago del Estero,Argentina,397,-28.94813884,-62.80010281,
Abra Grande,Santiago del Estero,Argentina,397,-27.29016477,-64.37817559,
Alto Pencoso,San Luis,Argentina,397,-33.43293248,-66.92594294,
Ñirihuau,Río Negro,Argentina,397,-41.08738746,-71.14178499,
Cusi Cusi,Jujuy,Argentina,396,-22.34033827,-66.49348709,
San Lorenzo,Santiago del Estero,Argentina,395,-27.57577418,-64.22837444,
Canal Melero,Santiago del Estero,Argentina,395,-28.31693803,-62.96580991,
La Higuera,Santiago del Estero,Argentina,395,-28.02292364,-64.08512704,
Carancho Pozo,Tucumán,Argentina,395,-27.30403118,-64.98848916,
San Ramón,Tucumán,Argentina,395,-27.0984366,-65.32812738,
Tres Pozos,Tucumán,Argentina,395,-27.09659996,-64.90049072,
Juan A. de la Peña,Buenos Aires,Argentina,394,-33.83138154,-60.487969,
Costa Las Masitas,Entre Ríos,Argentina,394,-32.56944717,-59.02727836,
La Loma,Catamarca,Argentina,394,-26.76796413,-66.05991737,
Obligado,Buenos Aires,Argentina,393,-33.596812,-59.81769364,
Colonia Vicente Agüero,Córdoba,Argentina,393,-31.02852169,-64.01868279,
Coronel Fraga,Santa Fe,Argentina,393,-31.17446918,-61.91748303,
Ceballos,La Pampa,Argentina,393,-35.29078506,-63.77698721,
Damián Maisonave,La Pampa,Argentina,393,-35.04142762,-64.38591234,
Villa  Padre Monti,Tucumán,Argentina,393,-26.51053493,-64.99461901,
Tres Esquinas,Mendoza,Argentina,393,-33.14913277,-68.55734713,
Barrio Gasoducto,Chubut,Argentina,393,-45.79423416,-67.504945,
Colonia Alemana,Entre Ríos,Argentina,392,-30.90359507,-57.99989434,
XX de Setiembre,Entre Ríos,Argentina,392,-32.38591883,-59.66222063,
El Peñón,Catamarca,Argentina,392,-26.4754473,-67.26520833,
Barrio del Lago,Misiones,Argentina,392,-27.46652182,-55.79899297,
Alegría,Misiones,Argentina,392,-26.11300625,-53.78490336,
Arroyo del Medio,Entre Ríos,Argentina,391,-31.29386391,-58.90432914,
Banda Florida,La Rioja,Argentina,391,-29.30584049,-68.24513998,
Loma Hermosa,Formosa,Argentina,391,-25.31829921,-58.31717999,
Miel de Palo,Santiago del Estero,Argentina,390,-28.43559537,-62.62539925,
Kilómetro 90,Santiago del Estero,Argentina,390,-28.348178,-64.32007435,
La Montilla,Mendoza,Argentina,390,-34.98783218,-67.48333365,
Villa de Balcozna,Catamarca,Argentina,389,-27.88261176,-65.72781895,
La Posta,Tucumán,Argentina,389,-27.82616903,-65.58194043,
Barrio Cuatro Bocas,Misiones,Argentina,389,-26.55029695,-54.68054517,
El Dorado,Buenos Aires,Argentina,388,-34.65286158,-61.58290849,
Tío Pozo,Santiago del Estero,Argentina,388,-28.40768399,-63.98116991,
Los Campero,Tucumán,Argentina,387,-27.11302437,-65.2703801,
Balderrama,Tucumán,Argentina,387,-27.20106842,-65.38033882,
El Chatón,Misiones,Argentina,387,-27.61658031,-55.22580304,
La Asunción,Mendoza,Argentina,386,-32.57521786,-68.26926254,
La Posta,Córdoba,Argentina,385,-30.56557478,-63.51696407,
Laguna Blanca,Catamarca,Argentina,385,-26.5855564,-66.94477566,
Santa Catalina,Jujuy,Argentina,384,-21.94710868,-66.05176843,
Bella Vista,Salta,Argentina,384,-25.05707044,-65.5725805,
Río Pinto,Santiago del Estero,Argentina,384,-28.33136718,-64.1424328,
La Arrocera,Misiones,Argentina,384,-27.83543573,-55.32734966,
Ombucito,Corrientes,Argentina,384,-29.67834107,-57.10944838,
Riachuelo Bardeci,Corrientes,Argentina,384,-27.48931344,-58.58543644,
La Vanguardia,Santa Fe,Argentina,383,-33.35799766,-60.65737455,
Carro Quemado,La Pampa,Argentina,383,-36.47492573,-65.34465649,
San José Banda,Catamarca,Argentina,383,-26.79743526,-66.08518455,
Arroyo Colorado,Jujuy,Argentina,383,-24.33701139,-64.66305605,
Villa Nueva,Santiago del Estero,Argentina,383,-28.30189022,-64.02849609,
Macaco,Misiones,Argentina,383,-27.44754382,-54.52873961,
Albarellos,Santa Fe,Argentina,382,-33.23953868,-60.63676064,
El Chamical,Jujuy,Argentina,382,-24.39462943,-65.19885643,
Sol de Mayo,Santiago del Estero,Argentina,382,-28.27648527,-64.77292656,
Barrialito,Santiago del Estero,Argentina,382,-27.62558213,-64.78766154,
Alegría,Misiones,Argentina,382,-26.50888275,-53.92213538,
Rincón de Empedrado,Corrientes,Argentina,382,-27.88928419,-58.77268163,
Barrio Rodríguez Peña,Chubut,Argentina,382,-45.81076754,-67.474631,
Yariguarenda,Salta,Argentina,381,-22.43374532,-63.78616411,
El Simbolar,Córdoba,Argentina,380,-30.63854155,-64.89424534,
Aarón Castellanos,Santa Fe,Argentina,380,-34.33278555,-62.37408212,
La Lola,Santa Fe,Argentina,380,-29.24719142,-59.69304745,
Manantiales,Corrientes,Argentina,380,-29.35569967,-59.29536022,
Las Chispas,Corrientes,Argentina,380,-28.19790802,-55.83080414,
Barrio Costa Linda,Río Negro,Argentina,380,-38.94305932,-67.90987924,
Isla Talavera,Buenos Aires,Argentina,379,-33.96893443,-58.96668411,
Macio Sud,Tucumán,Argentina,379,-27.26358964,-65.4275563,
Colonia Cantoni,San Juan,Argentina,379,-31.83676493,-68.53147596,
Santa Eleodora,Buenos Aires,Argentina,378,-34.69450827,-62.69558054,
Singuil,Catamarca,Argentina,378,-27.80430799,-65.87119825,
El Moreno,Jujuy,Argentina,378,-23.85370612,-65.83179663,
Campichuelo,Salta,Argentina,378,-23.11085432,-63.99965105,
Kilómetro 30,Santiago del Estero,Argentina,378,-27.3829659,-63.52829,
Amamá,Santiago del Estero,Argentina,378,-27.21011261,-63.03990875,
Jumial Grande,Santiago del Estero,Argentina,377,-27.43416155,-63.35680063,
Parejá,Misiones,Argentina,377,-26.27988887,-54.61311721,
Jorge Born,Buenos Aires,Argentina,376,-34.69767698,-59.31852578,
El Carmen,Santa Fe,Argentina,376,-29.0448354,-59.65762647,
Buena Vista,Catamarca,Argentina,376,-27.50572046,-66.02288051,
Santuario de Tres Pozos,Jujuy,Argentina,376,-23.53266681,-65.9626013,
Taco Palta,Tucumán,Argentina,376,-26.77466236,-65.02568302,
Colonia Popular,Chaco,Argentina,376,-27.27519187,-59.15147569,
Mercedes Cué,Formosa,Argentina,376,-26.26597917,-59.07039022,
Paso Aguerre,Neuquén,Argentina,376,-39.3387837,-69.8435967,
Colonia Bicha,Santa Fe,Argentina,375,-30.85412955,-61.84953546,
Cerro Colorado,Córdoba,Argentina,374,-30.09558385,-63.93216188,
Kilómetro 407,Santa Fe,Argentina,374,-28.52059456,-59.34550121,
Sauce Bajada,Santiago del Estero,Argentina,374,-27.79923581,-64.20317455,
Puesto Nuevo,Santiago del Estero,Argentina,374,-26.13320481,-64.17897182,
Ahí Veremos,Santiago del Estero,Argentina,374,-25.85320749,-63.91454682,
Chañar Pozo de Arriba,Santiago del Estero,Argentina,374,-27.56765874,-64.81925871,
La Ramada de Abajo,Tucumán,Argentina,374,-26.72268121,-64.90885146,
Puerto Mata Ojos,Misiones,Argentina,374,-27.42664464,-54.29519865,
Colonia Bajo Hondo,Chaco,Argentina,374,-26.88004578,-60.55642687,
17 de Agosto,Buenos Aires,Argentina,373,-37.90975069,-62.93563898,
Cacique Ariacaiquín,Santa Fe,Argentina,373,-30.65634244,-60.22980816,
San Miguel,Catamarca,Argentina,373,-28.14009486,-66.20255363,
Pozo La China,Salta,Argentina,373,-22.42419775,-62.78863185,
San Antonio de Padua,Tucumán,Argentina,373,-27.33259217,-65.31701688,
Colonia Fortaleza,Misiones,Argentina,373,-26.72828041,-54.1887278,
Venados Grandes,Chaco,Argentina,373,-27.81634795,-61.3828841,
Punta Porá,Formosa,Argentina,373,-25.18992239,-58.5242829,
La Llave Sur,Mendoza,Argentina,373,-34.6906301,-68.00738293,
Barrio Arroyo del Medio,Santa Fe,Argentina,372,-33.28361442,-60.2714238,
Bañado de los Pantanos,La Rioja,Argentina,372,-28.37855581,-66.83057806,
Niogasta,Tucumán,Argentina,372,-27.52411482,-65.22370075,
Villa Parodi,Misiones,Argentina,372,-26.49890459,-54.67830127,
Ensanche Norte,Chaco,Argentina,372,-26.73317823,-60.439346,
Bárcena,Jujuy,Argentina,371,-23.98223471,-65.45244609,
Santa Rosa,Tucumán,Argentina,371,-27.46565774,-65.61914001,
La Floresta,Formosa,Argentina,371,-26.11395842,-59.46480882,
Colonia Bremen,Córdoba,Argentina,370,-33.4642549,-62.73117716,
La Candelaria,Santiago del Estero,Argentina,370,-25.88676864,-63.78075836,
Los Ángeles,Santiago del Estero,Argentina,369,-27.63735344,-64.0715801,
El Mollar (comuna Los Puestos),Tucumán,Argentina,369,-27.3079464,-64.88280961,
Pastoreo,Misiones,Argentina,369,-27.3204755,-55.39861941,
San Martín,Formosa,Argentina,369,-23.09950567,-62.10548391,
Astra,Chubut,Argentina,369,-45.73203977,-67.49199595,
La Luisa,Buenos Aires,Argentina,368,-34.12956528,-59.92641821,
La Nora,Mendoza,Argentina,368,-34.53449557,-68.21915221,
Los Catutos,Neuquén,Argentina,368,-38.83735609,-70.19841763,
La Toma,Salta,Argentina,367,-24.77215164,-65.52777514,
El Central,Misiones,Argentina,367,-26.04982847,-53.87414942,
Toro Pujio,Córdoba,Argentina,366,-31.10890493,-62.9870277,
Los Espinillos,Córdoba,Argentina,366,-31.82527079,-64.5702914,
Irazusta,Entre Ríos,Argentina,366,-32.92586532,-58.94964851,
Río Blanquito,Salta,Argentina,366,-23.18461041,-64.68632832,
La Costosa,Santiago del Estero,Argentina,366,-26.58378037,-64.40505866,
El Soler,Santiago del Estero,Argentina,366,-27.76330506,-64.12493031,
Las Limas,Misiones,Argentina,366,-27.2928771,-54.37376029,
Las Malvinas Norte,Mendoza,Argentina,366,-34.78651354,-68.2536402,
Barrio Cooperativa Reducción,Mendoza,Argentina,366,-33.22768708,-68.54560315,
Morea,Buenos Aires,Argentina,365,-35.5545417,-60.56202544,
Amboy,Córdoba,Argentina,365,-32.17457928,-64.57324365,
Olivares de San Nicolás,Córdoba,Argentina,365,-30.60122642,-64.85560552,
La Sarita,Santa Fe,Argentina,365,-28.97282903,-59.84883717,
Aldea Díaz,Entre Ríos,Argentina,365,-31.78075181,-59.57269,
Los Miranda,Santiago del Estero,Argentina,365,-27.46836548,-64.61519101,
La Angelita,Buenos Aires,Argentina,364,-34.26179394,-60.96610801,
Picada Flor,Misiones,Argentina,364,-27.12403164,-54.27777283,
Colonia Laurel,Corrientes,Argentina,364,-28.48436845,-58.44687729,
Lago Parque La Salada,Buenos Aires,Argentina,363,-39.45865954,-62.68527485,
Santo Domingo,Santiago del Estero,Argentina,363,-26.20499279,-63.7517206,
Sauce Solo,Santiago del Estero,Argentina,363,-28.5718474,-64.25401702,
Juan Eulogio Barra,Buenos Aires,Argentina,362,-37.82003861,-60.48205545,
Capilla Vieja,Córdoba,Argentina,362,-31.92956883,-64.598988,
Las Garzas,Entre Ríos,Argentina,362,-31.42742687,-59.74449326,
Agustoni,La Pampa,Argentina,362,-35.78207098,-63.39161443,
Pampa Mayo,Santiago del Estero,Argentina,362,-27.6239482,-63.974835,
Cañada de Alzogaray,Tucumán,Argentina,362,-26.7265503,-65.07882707,
Carreta Quemada,Tucumán,Argentina,362,-27.37083454,-65.63663172,
Plaza Saguier,Santa Fe,Argentina,361,-31.32428437,-61.66805393,
El Bagual,Santiago del Estero,Argentina,361,-27.15590732,-64.78144809,
Puente San Hilario,Formosa,Argentina,361,-26.22010105,-58.28475081,
Pueblo General San Martín,Entre Ríos,Argentina,360,-31.45836087,-60.16905246,
Adolfo Van Praet,La Pampa,Argentina,360,-35.01667265,-64.03532007,
Capitán Juan Pagé,Salta,Argentina,360,-23.68830899,-62.37624713,
Caschico,Santiago del Estero,Argentina,360,-27.17779868,-64.60473592,
Piedra Grande,Tucumán,Argentina,360,-27.32321187,-65.78187617,
Picada María Auxiiadora,Misiones,Argentina,360,-26.66958477,-53.99917121,
Arroyo González,Corrientes,Argentina,360,-28.74793748,-58.88838762,
Famatanca,Catamarca,Argentina,359,-26.76836337,-66.08260315,
Los Pérez,Tucumán,Argentina,359,-26.79136927,-64.91002527,
El Rincón,Tucumán,Argentina,359,-26.96193978,-65.7698946,
Colonia El Desaguadero,Formosa,Argentina,359,-26.32366546,-59.30143458,
Juan Jufré,San Juan,Argentina,359,-31.45299038,-68.33385966,
Líbano,Buenos Aires,Argentina,358,-37.53215473,-61.28526662,
El Puesto,Catamarca,Argentina,358,-27.95503335,-67.63367979,
Pueblo Nuevo,Santiago del Estero,Argentina,358,-27.57095478,-63.28866356,
Egusquiza,Santa Fe,Argentina,357,-31.09545441,-61.62792481,
Villa Laura,Santa Fe,Argentina,357,-31.3720649,-60.66229261,
Aldea Asunción,Entre Ríos,Argentina,357,-32.82470911,-59.23911815,
Aster,Misiones,Argentina,357,-26.68143615,-54.13276656,
La Majadita,San Juan,Argentina,357,-31.70227101,-68.36786481,
El Blanco,Chubut,Argentina,357,-42.45930635,-71.44711296,
Gorostiaga,Buenos Aires,Argentina,356,-34.83880022,-59.86601159,
Villa de Pocho,Córdoba,Argentina,356,-31.49015758,-65.28095055,
Janta,Santiago del Estero,Argentina,356,-27.78790663,-64.0061933,
Tamanduá,Misiones,Argentina,356,-27.12619487,-54.77111631,
Colonia Pegouriel,Chaco,Argentina,356,-27.61727175,-60.81148744,
Lamadrid,Formosa,Argentina,356,-23.89694697,-60.75454687,
Colonia Los Santafesinos,Formosa,Argentina,356,-25.27675491,-58.05788827,
Abramo,La Pampa,Argentina,355,-37.89656379,-63.8504345,
La Salamanca,Santiago del Estero,Argentina,355,-28.47326287,-62.58308344,
Cóndor Huasi,Tucumán,Argentina,355,-27.03260303,-65.05639015,
La Clelia,Buenos Aires,Argentina,354,-35.14728798,-57.81754129,
Punta Pozo,Santiago del Estero,Argentina,354,-28.49772109,-63.62217702,
Itá Paso,Corrientes,Argentina,354,-27.74410859,-57.25151051,
Santa Elena,Córdoba,Argentina,353,-30.11570686,-63.84290271,
Tolloche,Salta,Argentina,353,-25.52570083,-63.52431972,
Fagalde,Tucumán,Argentina,353,-26.75551443,-65.09777176,
Ampimpa,Tucumán,Argentina,353,-26.59722006,-65.85648266,
Santa María Magdalena,Misiones,Argentina,353,-27.55196751,-55.40663652,
Las Lagunas,San Juan,Argentina,353,-32.04414935,-68.36796046,
Colonia Argentina,Santiago del Estero,Argentina,352,-27.71799425,-64.15167064,
Las Tapias,Tucumán,Argentina,352,-26.65701476,-65.38970979,
Buena Vista,Corrientes,Argentina,352,-29.42416845,-59.29157536,
Rincón de Gómez,Corrientes,Argentina,352,-29.10955118,-59.20633364,
Pomancillo Oeste,Catamarca,Argentina,351,-28.30445503,-65.73179938,
San Félix,Santiago del Estero,Argentina,351,-26.84076589,-64.29699883,
Taco Bajada,Santiago del Estero,Argentina,351,-26.12674761,-64.28356385,
La Manga,Santiago del Estero,Argentina,350,-26.37977065,-63.7158636,
María Soledad,Misiones,Argentina,350,-25.84295927,-53.99390535,
Los Lotes,Mendoza,Argentina,350,-33.31667262,-68.00784073,
Canteras El Sauce,Córdoba,Argentina,349,-31.09522656,-64.31138643,
Perdices,Entre Ríos,Argentina,349,-33.30009606,-58.71054182,
El Pirucho,Santiago del Estero,Argentina,349,-27.24819373,-63.58370831,
El Tacuruzal,Chaco,Argentina,349,-26.37775034,-60.15649416,
Naupa Huen,Río Negro,Argentina,349,-39.83022474,-69.50912407,
Conlara,Córdoba,Argentina,348,-32.07735347,-65.22946045,
Mojones Norte,Entre Ríos,Argentina,348,-31.50646298,-59.21206655,
Paraná,Santiago del Estero,Argentina,348,-28.09724495,-64.73805319,
Palominos,Tucumán,Argentina,348,-27.46265588,-65.23222786,
Estación Torrent,Corrientes,Argentina,348,-28.82436133,-56.46921705,
Costa Santa Lucía,Corrientes,Argentina,348,-28.81413908,-58.93151002,
Carrenleufú,Chubut,Argentina,348,-43.58789793,-71.70213469,
Tinoco,Córdoba,Argentina,347,-31.1245075,-63.89179527,
Puesto de San Antonio,Santiago del Estero,Argentina,347,-27.66308442,-64.37859388,
Alto Los Graneros,Tucumán,Argentina,347,-27.53864598,-65.59727971,
Kilómetro 884,Chaco,Argentina,347,-26.18577541,-60.49704241,
Barrio Río Salado,Buenos Aires,Argentina,346,-35.69403893,-58.44864182,
Empalme San Carlos,Santa Fe,Argentina,346,-31.54770482,-60.81371267,
El Solar,Entre Ríos,Argentina,346,-31.17954408,-59.73313406,
Mecoyita,Salta,Argentina,346,-22.12605539,-64.89913466,
Los Peraltas,Santiago del Estero,Argentina,346,-28.64517095,-63.61203858,
Sol de Mayo,Santiago del Estero,Argentina,346,-27.70294352,-64.58789497,
La Refalada,Tucumán,Argentina,346,-27.37460194,-65.62447594,
Río Chico,Río Negro,Argentina,346,-41.71029251,-70.47672414,
Francisco Antonio Berra,Buenos Aires,Argentina,345,-35.37584278,-58.84982159,
Arroyo Grande,Entre Ríos,Argentina,345,-33.64545475,-58.8302264,
Colonia San José,Jujuy,Argentina,345,-23.39268845,-65.34561082,
Tirica,Misiones,Argentina,345,-25.96526016,-54.39068609,
La Curva,Chaco,Argentina,345,-26.34103001,-60.33411519,
Renca,San Luis,Argentina,345,-32.77159133,-65.36446883,
Loma Verde,Tucumán,Argentina,344,-27.1456099,-65.20432659,
Paraje Manuel Belgrano,Misiones,Argentina,344,-27.26753521,-54.2705962,
Altamirano,Buenos Aires,Argentina,343,-35.36100184,-58.15115806,
Colonia 10 de Julio,Córdoba,Argentina,343,-30.52523749,-62.11243442,
Luján,Santiago del Estero,Argentina,343,-27.99423266,-64.57058411,
Tacuabé,Corrientes,Argentina,343,-30.2877275,-57.73419234,
Lomas de González,Corrientes,Argentina,343,-27.64377243,-58.32275779,
Santa Coloma,Buenos Aires,Argentina,342,-34.06087124,-59.56021596,
Barrio Martín Fierro,Río Negro,Argentina,342,-38.97215771,-67.95444087,
San Ignacio,Tucumán,Argentina,341,-27.75242228,-65.62704231,
San Alonso,Corrientes,Argentina,341,-27.9411084,-55.98367624,
Las Martinetas,Buenos Aires,Argentina,340,-37.19919859,-61.12254974,
Cruce Río Colorado,Tucumán,Argentina,340,-27.11641076,-65.33996159,
Lote 17,Chaco,Argentina,340,-26.73856912,-60.40694969,
Las Garzas,Corrientes,Argentina,340,-28.45508736,-58.94547762,
Barrio Santa María,Mendoza,Argentina,340,-32.75251018,-68.4663702,
La Junta,Tucumán,Argentina,339,-26.86190148,-65.66916943,
Laguna Toro,Formosa,Argentina,339,-25.17286649,-58.52971199,
Colonia Bombal y Tabanera,Mendoza,Argentina,339,-34.53423723,-68.193009,
Los Manantiales,San Luis,Argentina,339,-32.66594139,-66.4507847,
Montefiore,Santa Fe,Argentina,338,-29.66869521,-61.866895,
Cerro de la Gloria,Buenos Aires,Argentina,337,-35.97486045,-57.44953544,
Yuchán,Salta,Argentina,337,-23.43669824,-64.14394457,
Orán,Tucumán,Argentina,337,-27.19434151,-65.54650022,
Fray Luis Beltrán,Misiones,Argentina,337,-27.37428334,-54.27570949,
Colonia Laka Wichi,Formosa,Argentina,337,-24.91137572,-60.35486817,
San Pedro,Corrientes,Argentina,337,-29.21545843,-59.22982713,
La Palmira,Corrientes,Argentina,337,-27.32411101,-58.04426515,
Jacipunco,Catamarca,Argentina,336,-27.24243507,-67.00835087,
Casa de Piedra,Catamarca,Argentina,336,-29.60454814,-65.51973638,
Chacharramendi,La Pampa,Argentina,335,-37.33204254,-65.65162366,
El Empachado,Santiago del Estero,Argentina,335,-28.00011457,-63.7059676,
El 15,Mendoza,Argentina,335,-32.65260085,-68.33751023,
Colonia Montecaseros,Mendoza,Argentina,335,-32.99083398,-68.30260025,
El Mirador,Buenos Aires,Argentina,334,-35.31453565,-58.04844448,
Oliden,Buenos Aires,Argentina,334,-35.18448083,-57.94907535,
Panaholma,Córdoba,Argentina,334,-31.6329536,-65.05495329,
La Ciénega,Jujuy,Argentina,334,-21.96230001,-66.26274163,
4 Sauces,Tucumán,Argentina,334,-26.97815511,-65.27928016,
Los Güemes,Tucumán,Argentina,334,-27.2938124,-65.33051166,
Bocayuva,Buenos Aires,Argentina,333,-36.20609954,-63.07753322,
Santa Ana,Santa Fe,Argentina,333,-28.9829487,-59.64539634,
La Ciénaga de Arriba,Catamarca,Argentina,333,-27.48848462,-66.97734024,
Lesser,Salta,Argentina,333,-24.67869723,-65.47765318,
Anga,Santiago del Estero,Argentina,333,-29.03414099,-63.33847867,
Balderrama Sur,Tucumán,Argentina,333,-27.21498991,-65.39888369,
Tacuaral,Corrientes,Argentina,333,-28.77757754,-58.08351511,
Isoqui,Corrientes,Argentina,333,-29.15248221,-56.63388923,
Potrerillos,Salta,Argentina,332,-26.0864865,-65.48389819,
Aloj Pozo,Santiago del Estero,Argentina,332,-28.29671889,-63.86614138,
Los Luna,Tucumán,Argentina,332,-27.49786612,-65.64234012,
Colonia La Primavera,Formosa,Argentina,332,-25.18786074,-58.13292651,
La Armonía,Buenos Aires,Argentina,331,-37.77398634,-57.63418953,
San Cipriano,Entre Ríos,Argentina,331,-32.34081684,-58.35043632,
Cañada de Viclos,Tucumán,Argentina,331,-27.15817354,-64.91693592,
José Juan Almeyra,Buenos Aires,Argentina,330,-34.92158517,-59.54222964,
Los Molinos,Córdoba,Argentina,330,-31.85486243,-64.3789312,
Pincén,Córdoba,Argentina,330,-34.83818361,-63.91656305,
Pueblo Comechingones,Córdoba,Argentina,330,-31.17148873,-63.60532599,
Tolombón,Salta,Argentina,330,-26.1827139,-65.93981434,
San Marcos,Salta,Argentina,330,-22.51544181,-65.1123239,
Villa Quillinzo,Córdoba,Argentina,329,-32.23654743,-64.51360411,
Cóndor Huasi,Catamarca,Argentina,329,-27.49325081,-67.10208856,
Lote La Cañada,Santiago del Estero,Argentina,329,-27.16049307,-63.53860409,
Santa Lucía,Santiago del Estero,Argentina,329,-27.28967436,-63.21187941,
Loma de Ciudacita,Tucumán,Argentina,329,-27.43345917,-65.40572991,
La Matanza,Chaco,Argentina,329,-26.49566122,-60.26447547,
Sumayén,Formosa,Argentina,329,-24.46666564,-61.57243867,
Navia,San Luis,Argentina,329,-34.77486298,-66.58644183,
Costa Azul,Córdoba,Argentina,328,-31.72765579,-64.39212546,
Falucho,La Pampa,Argentina,328,-35.1907265,-64.10706522,
Nifwotaj,Salta,Argentina,328,-22.47123421,-63.65218857,
Cortaderas,Salta,Argentina,328,-22.99735247,-64.71593058,
Colonia 17,Tucumán,Argentina,328,-27.46829637,-65.72024139,
Juan Manuel de Rosas,Misiones,Argentina,328,-26.19842848,-53.67389305,
El Tacuaral,Corrientes,Argentina,328,-27.88192558,-57.81516499,
Zavalía,Buenos Aires,Argentina,327,-34.89508556,-61.00561592,
Tilimuqui,La Rioja,Argentina,327,-29.1433689,-67.42538811,
Mencué,Río Negro,Argentina,327,-40.42364132,-69.61452741,
Campo Engler,Santa Fe,Argentina,326,-32.04655191,-60.93676523,
Abdón Castro Tolay,Jujuy,Argentina,326,-23.34264137,-66.089745,
Maruchitas,Corrientes,Argentina,326,-29.21400679,-58.95752499,
Villa Llanquín,Río Negro,Argentina,326,-40.89456032,-71.03666745,
Damas de la Misericordia,Buenos Aires,Argentina,325,-35.57932209,-59.77487696,
Ombú,Entre Ríos,Argentina,325,-30.46630944,-59.24249522,
Bordo Pampa,Santiago del Estero,Argentina,325,-29.11229452,-63.14895634,
El Remate,Tucumán,Argentina,325,-27.34100404,-65.76973697,
El Descanso,Formosa,Argentina,325,-24.21319908,-60.47495003,
El Ceibo,Mendoza,Argentina,325,-34.92300856,-67.57822465,
Pearson,Buenos Aires,Argentina,324,-33.65328832,-60.89305839,
Cazón,Buenos Aires,Argentina,324,-35.57709885,-59.66194771,
Isca Yacu,Santiago del Estero,Argentina,324,-27.02889077,-64.61152696,
Tres Varones,Santiago del Estero,Argentina,324,-26.14006352,-63.72150465,
La Tigra,Buenos Aires,Argentina,323,-37.32610146,-60.90835136,
Guanaco Muerto,Córdoba,Argentina,323,-30.47864372,-65.06159995,
San Antonio,Santa Fe,Argentina,323,-31.21231968,-61.72474512,
Aldea San Juan,Entre Ríos,Argentina,323,-32.69595831,-58.77175197,
Aldea San Antonio,Entre Ríos,Argentina,323,-31.85817017,-60.17405476,
Lagunita,Salta,Argentina,323,-25.50974055,-64.02067141,
Santa María,Santiago del Estero,Argentina,323,-27.9490888,-64.219,
La Represa,Santiago del Estero,Argentina,323,-28.29626493,-64.86441126,
San Miguel,Tucumán,Argentina,323,-26.90886396,-65.11565285,
El Corralito,Formosa,Argentina,323,-25.69238085,-59.05336752,
Bañado de San Antonio,Corrientes,Argentina,323,-29.66902473,-59.4185043,
Las Chacritas,Mendoza,Argentina,323,-33.4538813,-67.64867922,
El Totoral,Mendoza,Argentina,323,-33.55531768,-69.04541609,
La Florida,San Luis,Argentina,323,-33.11673164,-66.0034528,
Barrio Ceferino,Río Negro,Argentina,323,-39.04222668,-67.2408094,
Doctor Ricardo Rojas,Chubut,Argentina,323,-45.57566406,-71.03505301,
Cuartel I,Buenos Aires,Argentina,322,-34.69486541,-60.47201234,
Gobernador Echagüe,Entre Ríos,Argentina,322,-32.3933722,-59.27588964,
La Tapa,Santiago del Estero,Argentina,322,-27.52668,-63.56152744,
Barrio Los Bosquecitos,Buenos Aires,Argentina,321,-35.10377538,-58.18486867,
Nácate,La Rioja,Argentina,321,-30.85290735,-66.4249513,
Chalala,Jujuy,Argentina,321,-23.73421928,-65.51689248,
Tolar Grande,Salta,Argentina,321,-24.58940077,-67.39520474,
Colonia Pinto,Santiago del Estero,Argentina,321,-27.97924034,-64.10562011,
San Andrés,Santiago del Estero,Argentina,321,-28.1703416,-64.15734977,
El Triunfo,Tucumán,Argentina,321,-26.55626853,-64.61091499,
El Sunchal,Tucumán,Argentina,321,-26.61466758,-65.04967953,
Chico Dowagan,Formosa,Argentina,321,-24.18965093,-59.9659402,
Pago Arias,Corrientes,Argentina,321,-28.11299257,-58.34896975,
Bagual,San Luis,Argentina,321,-35.14304462,-65.56988317,
El Sauce,Neuquén,Argentina,321,-39.47981475,-69.53114865,
Pozo Salado,Río Negro,Argentina,321,-41.01275154,-64.16249803,
Barrio Porvenir,Río Negro,Argentina,321,-39.04455591,-67.45694731,
Colonia Valtelina,Córdoba,Argentina,320,-31.05366273,-62.23446402,
La Providencia,Entre Ríos,Argentina,320,-31.23963546,-59.76026662,
El Barrial,Santiago del Estero,Argentina,320,-27.7395528,-64.03827937,
El Simbolar,Santiago del Estero,Argentina,320,-28.98724373,-63.34126514,
Molle Pozo,Tucumán,Argentina,320,-27.30013172,-64.99568787,
San Martín,Misiones,Argentina,320,-25.89717885,-53.96960235,
Las Malvinas Sur,Mendoza,Argentina,320,-34.91794539,-68.24840227,
Estación Mazán,La Rioja,Argentina,319,-28.67770242,-66.49092606,
Santa Florentina,La Rioja,Argentina,319,-29.12932167,-67.5561366,
Santa Cruz,Santiago del Estero,Argentina,319,-26.35928896,-63.32287716,
Los Pocitos,Santiago del Estero,Argentina,319,-27.6881811,-64.65175197,
Majadas,Santiago del Estero,Argentina,319,-28.34929067,-63.87523556,
La Angostura,Tucumán,Argentina,319,-26.94429755,-65.67286887,
La Bonita,Misiones,Argentina,319,-27.04787717,-54.11313942,
El Bosque,San Juan,Argentina,319,-31.42202923,-68.29940637,
Los Callejones,Córdoba,Argentina,318,-31.92686139,-65.23851534,
Chañarmuyo,La Rioja,Argentina,318,-28.60319369,-67.58317954,
El Durazno,Catamarca,Argentina,318,-27.24723327,-67.03221889,
Blanco Cué,Corrientes,Argentina,318,-27.95881418,-57.93592413,
Los Campamentos,Mendoza,Argentina,318,-34.96924182,-67.55684368,
Rucachoroi,Neuquén,Argentina,318,-39.222774,-71.15185269,
El Durazno,Córdoba,Argentina,317,-32.16980103,-64.77388515,
Guanchín,La Rioja,Argentina,317,-29.19024117,-67.63775823,
El Cajón,Tucumán,Argentina,317,-26.50321611,-64.87563113,
El Talar,Tucumán,Argentina,317,-26.8023251,-65.10810814,
Colonia 4 Sur,Tucumán,Argentina,317,-26.89366049,-65.04449083,
Colonia Laguna Gobernador,Formosa,Argentina,317,-26.20900315,-58.6614319,
Loro Cué,Formosa,Argentina,317,-24.98930164,-58.6137503,
Rincón de Navarro,Corrientes,Argentina,317,-27.57791903,-58.37025085,
Barrio La Estación,Mendoza,Argentina,317,-33.15488598,-68.35553916,
Aldea Santa María,Córdoba,Argentina,316,-33.69921943,-62.91465782,
Saujil,Catamarca,Argentina,316,-27.57087321,-67.62199421,
Lapacho,Chaco,Argentina,316,-26.98258835,-58.8655269,
Daniel Donovan,San Luis,Argentina,316,-33.33787607,-66.24118026,
Ernestina,Buenos Aires,Argentina,315,-35.26892091,-59.55713232,
Iglesia Vieja,Córdoba,Argentina,315,-30.65858519,-65.26092358,
El Potrero,Catamarca,Argentina,315,-27.51015858,-66.32862996,
Puerta de San José,Catamarca,Argentina,315,-27.54803043,-67.00524054,
Collera Huarcana,Santiago del Estero,Argentina,315,-28.49398385,-64.00442354,
San Agustín,Tucumán,Argentina,315,-26.83876562,-64.85122143,
El Pesado,Misiones,Argentina,315,-26.03618721,-53.81528788,
El Paraisal,Chaco,Argentina,315,-26.49996176,-60.06845266,
Frontera,Formosa,Argentina,315,-25.38663856,-58.17620517,
La Puntilla,Catamarca,Argentina,314,-28.12933088,-67.49975638,
Amadores,Catamarca,Argentina,314,-28.26257213,-65.63734719,
San Juan Tadeo,Corrientes,Argentina,314,-27.62845471,-58.75593712,
Colonia López,Mendoza,Argentina,314,-34.85702228,-67.86719981,
Pozo Nuevo,Córdoba,Argentina,313,-29.57873631,-64.10149445,
San Francisco de Santa Fe,Santa Fe,Argentina,313,-33.58849531,-62.12390224,
Colonia Helvecia Sur,Santa Fe,Argentina,313,-31.11540172,-60.13306121,
Barranca Larga,Catamarca,Argentina,313,-26.9828636,-66.73906362,
Los Soria,Santiago del Estero,Argentina,313,-27.62236782,-64.37058745,
Potrerillo,Tucumán,Argentina,313,-26.95779362,-65.74422388,
Colonia Colomer,Mendoza,Argentina,313,-34.66514191,-68.06695777,
Huncal,Neuquén,Argentina,313,-37.96227349,-70.34305872,
Álvarez de Toledo,Buenos Aires,Argentina,312,-35.63937305,-59.63114121,
Berdier,Buenos Aires,Argentina,312,-34.3979342,-60.25957055,
Los Chañaritos,Córdoba,Argentina,312,-31.40252991,-63.33050132,
El Huayco,Córdoba,Argentina,312,-31.84410631,-64.95906102,
Los Sauces,Córdoba,Argentina,312,-30.73381739,-64.68944509,
Paraje Chaco Chico,Santa Fe,Argentina,312,-31.56650715,-60.66151954,
Barrio SUPCE,Santa Fe,Argentina,312,-31.03615384,-60.09529876,
Las Vertientes,Salta,Argentina,312,-22.47939308,-62.38911556,
Villa Unión,Misiones,Argentina,312,-26.09105243,-53.74743368,
Picada Yacutingá,Misiones,Argentina,312,-27.52078125,-55.34397837,
Achupallas,Buenos Aires,Argentina,311,-35.10999998,-60.07021818,
Polco,La Rioja,Argentina,311,-30.41853871,-66.34673945,
Cabaña Los Laureles,Santiago del Estero,Argentina,311,-27.49123596,-64.79746758,
Misión Pozo Yacaré,Formosa,Argentina,311,-23.97663052,-62.20207476,
Sauzal Bonito,Neuquén,Argentina,311,-38.60166233,-69.10567437,
El Juncal,Río Negro,Argentina,311,-40.80740606,-63.12328095,
Cañada de Machado,Córdoba,Argentina,310,-31.42972039,-63.58772592,
El Faro,Santa Fe,Argentina,310,-28.22724827,-61.6200295,
Las Chacras,Santiago del Estero,Argentina,310,-27.58682339,-64.17610941,
Villa Brana,Santiago del Estero,Argentina,310,-27.34764769,-62.91611246,
La Aguadita,Tucumán,Argentina,310,-26.748744,-65.15854926,
Desaguadero,Corrientes,Argentina,310,-27.50139063,-58.60172786,
Barrio El Casal,Buenos Aires,Argentina,309,-37.83159573,-57.62211112,
Las Albahacas,Córdoba,Argentina,309,-32.88840918,-64.84484247,
Fronterita,Tucumán,Argentina,309,-27.08218099,-65.1159761,
Pampa Esperanza,Chaco,Argentina,309,-26.41271064,-60.10405001,
El Silencio,Formosa,Argentina,309,-23.18985021,-61.99958257,
La Frontera,San Juan,Argentina,309,-30.10133887,-68.71779067,
Cadret,Buenos Aires,Argentina,308,-35.7715501,-61.33577724,
San Emilio,Buenos Aires,Argentina,308,-35.03040753,-60.86607305,
Antelo,Entre Ríos,Argentina,308,-32.53354175,-60.03545278,
Anquincila,Catamarca,Argentina,308,-28.74668827,-65.54632441,
Recaredo,Salta,Argentina,308,-22.5770577,-63.8063168,
Tonono,Salta,Argentina,308,-22.4049138,-63.50353933,
Pueblo Viejo,Tucumán,Argentina,308,-27.89857394,-65.56376448,
El Pollo,Corrientes,Argentina,308,-27.83211053,-58.4677565,
San Isidro,Corrientes,Argentina,308,-27.81251927,-58.72033403,
Barrio Alta Barda,Río Negro,Argentina,308,-38.96206467,-67.82332922,
Santa Irene,Buenos Aires,Argentina,307,-38.22056499,-57.89327439,
Cuartel XII,Buenos Aires,Argentina,307,-34.69656412,-59.38018068,
Quimilí,Santiago del Estero,Argentina,307,-27.95004441,-63.72746719,
Orán,Tucumán,Argentina,307,-27.08883054,-65.03924741,
El Bonito,Misiones,Argentina,307,-27.26579218,-55.21405639,
El Zanjón,Chaco,Argentina,307,-26.53841645,-60.08746499,
El Sosneado,Mendoza,Argentina,307,-35.07882616,-69.56769962,
Santa Luisa,Buenos Aires,Argentina,306,-37.1256598,-60.41645101,
La Curva,Córdoba,Argentina,306,-31.43865848,-63.11675911,
Colonia Margarita,Santa Fe,Argentina,306,-31.68599247,-61.64772261,
Guardamonte,Entre Ríos,Argentina,306,-32.08114533,-59.30595364,
Los Molinos,La Rioja,Argentina,306,-28.74622608,-66.9326433,
La Almona,Jujuy,Argentina,306,-24.25934288,-65.39395708,
San José de Orquera,Salta,Argentina,306,-25.26615673,-64.0758858,
Raíces Norte,Corrientes,Argentina,306,-28.34574555,-58.83720474,
La Florida,Entre Ríos,Argentina,305,-30.70503554,-58.05820314,
Paño,Jujuy,Argentina,305,-24.28017697,-65.40458618,
Bella Vista,Misiones,Argentina,304,-27.51961117,-55.55201735,
San Carlos,Misiones,Argentina,304,-27.23162806,-54.45775567,
Buenos Aires Chico,Chubut,Argentina,304,-42.06696804,-71.21481398,
La Buena Moza,Buenos Aires,Argentina,303,-33.73869702,-59.76335564,
Caminiaga,Córdoba,Argentina,303,-30.06748016,-64.05070181,
Mujer Muerta,Tucumán,Argentina,303,-27.22581997,-64.84411679,
Colonia Progreso,Corrientes,Argentina,303,-29.07344631,-59.13929104,
Pilo Lil,Neuquén,Argentina,303,-39.60439332,-70.93533501,
Agustín Mosconi,Buenos Aires,Argentina,302,-35.74031705,-60.5570712,
Arroyo Felicaria,Buenos Aires,Argentina,302,-34.22398837,-58.53138716,
Naré,Santa Fe,Argentina,302,-30.94877617,-60.46703613,
La Rosario,Santa Fe,Argentina,302,-29.69069201,-60.05545613,
Las Cañas,Catamarca,Argentina,302,-28.20472236,-65.21438624,
Rancho El Ñato,Salta,Argentina,302,-22.32627212,-62.84781516,
Colonia San Juan,Santiago del Estero,Argentina,302,-27.61790761,-63.30057678,
La Falda,Santiago del Estero,Argentina,302,-27.66511676,-64.29104959,
El Favorito,Santiago del Estero,Argentina,302,-27.62963227,-64.12954243,
Tres Cruces,Santiago del Estero,Argentina,302,-27.20008753,-64.68068465,
Isla San José,Tucumán,Argentina,302,-27.18138473,-65.44920585,
El Cruce Pindaytí,Misiones,Argentina,302,-27.12891946,-54.72274104,
Los Matacos,Formosa,Argentina,302,-25.49736043,-59.44018118,
El Zapallo,Corrientes,Argentina,302,-27.82270257,-57.87475187,
Baldes de la Chilca,San Juan,Argentina,302,-30.64102767,-67.41569707,
El Milagro,Jujuy,Argentina,301,-24.44814699,-65.02579607,
Villa Rosa,Santiago del Estero,Argentina,301,-27.98703651,-64.61071934,
Las Tolderias,Chaco,Argentina,301,-27.31872987,-60.978772,
Coronel Desiderio Sosa,Corrientes,Argentina,301,-28.21788459,-56.1163477,
Monte Redondo,Catamarca,Argentina,300,-28.0014335,-65.44544724,
Colonia Real del Padre,Mendoza,Argentina,300,-34.81044054,-67.71651705,
Arminda,Santa Fe,Argentina,299,-33.26357592,-60.96788195,
Campo Micheloud,Entre Ríos,Argentina,299,-31.96665463,-59.93117641,
Machaguay Huanchina,Santiago del Estero,Argentina,299,-27.47483422,-63.38709798,
Sabagasta,Santiago del Estero,Argentina,299,-28.62769186,-63.49406692,
Puesto de Uncos,Tucumán,Argentina,299,-26.45965818,-64.71097632,
Villa Sommer,Misiones,Argentina,299,-27.53795996,-55.19893206,
San Mariano,Santa Fe,Argentina,298,-31.66841307,-61.34744264,
Colonia Dos Rosas y La Legua,Santa Fe,Argentina,298,-30.58866,-61.97030917,
Tezanos Pinto,Entre Ríos,Argentina,298,-31.8716986,-60.49441474,
Yavi,Jujuy,Argentina,298,-22.13072448,-65.46253081,
Lote 39,Chaco,Argentina,298,-26.98848939,-60.10549382,
Santa Catalina,Santiago del Estero,Argentina,297,-28.12767256,-64.7829853,
Mista,Tucumán,Argentina,297,-27.22450543,-65.1337267,
San José,Tucumán,Argentina,297,-26.2690225,-65.2761754,
Estación Yuquerí,Entre Ríos,Argentina,296,-31.38300224,-58.12000526,
Líbaros,Entre Ríos,Argentina,296,-32.26189544,-58.90695289,
Los Bazán,Catamarca,Argentina,296,-28.5152311,-65.95564693,
Algarrobal Viejo,Santiago del Estero,Argentina,296,-25.72283342,-63.9983273,
Los Laureles Norte,Tucumán,Argentina,296,-27.05327203,-65.45515978,
Buena Vista Oeste,Tucumán,Argentina,296,-27.28848834,-65.45776691,
Taquello,Santiago del Estero,Argentina,295,-27.42874249,-64.78467638,
Los Banegas,Tucumán,Argentina,295,-26.73273402,-64.85284243,
Pampa Landriel,Chaco,Argentina,295,-27.39468397,-61.10256271,
Bartolomé de las Casas,Formosa,Argentina,295,-25.40804792,-59.57075959,
Chañar,Entre Ríos,Argentina,294,-30.27290698,-59.03039418,
Molle Punco,Jujuy,Argentina,294,-22.19966768,-65.54834334,
El Ceibal,Santiago del Estero,Argentina,294,-26.10676214,-63.70398025,
Toma del Río Vipos,Tucumán,Argentina,294,-26.5005133,-65.40633677,
Arroyo Pontón,Corrientes,Argentina,294,-27.58394597,-58.59627431,
San Roque,San Juan,Argentina,294,-30.27892261,-68.70348608,
El Timbó,Santa Fe,Argentina,293,-29.01626878,-59.59902669,
Aldea Santa Rosa,Entre Ríos,Argentina,293,-32.01316012,-60.23920995,
Los Tunales,Santiago del Estero,Argentina,293,-27.34727426,-64.56139411,
San Antonio,Tucumán,Argentina,293,-27.23001352,-65.29137238,
La Rinconada,Tucumán,Argentina,293,-27.23049688,-65.32699867,
Puerto Bossetti,Misiones,Argentina,293,-25.86485643,-54.57012716,
Los Bretes,Corrientes,Argentina,293,-28.56163207,-56.11016044,
Colonia Santa Eloísa,Entre Ríos,Argentina,292,-30.7757669,-57.84262226,
San Francisco,Jujuy,Argentina,292,-23.62208273,-64.95061868,
Mercedes,Santiago del Estero,Argentina,292,-27.25610915,-62.97177174,
La Loma,Tucumán,Argentina,292,-27.35035771,-65.41782643,
Los Árboles,Mendoza,Argentina,292,-33.51272028,-69.27377458,
Pozo de Piedra,Catamarca,Argentina,291,-27.56342799,-67.14796648,
Macapillo,Salta,Argentina,291,-25.40282631,-63.9809716,
Apayerey,Formosa,Argentina,291,-24.98473213,-58.6943448,
Plomer,Buenos Aires,Argentina,290,-34.7945715,-59.03116095,
Cavour,Santa Fe,Argentina,290,-31.36480446,-61.0165432,
Olaroz Chico,Jujuy,Argentina,290,-23.39367014,-66.80309221,
Sinchi Caña,Santiago del Estero,Argentina,290,-28.18392426,-64.77947681,
Pampa Cejas,Chaco,Argentina,290,-26.96760557,-61.45261733,
12 de Octubre,Buenos Aires,Argentina,289,-35.60516645,-60.91914732,
Villa Serrana La Gruta,Buenos Aires,Argentina,289,-38.05972766,-62.07762503,
La Rinconada,Córdoba,Argentina,289,-30.18400405,-62.94566898,
Colonia Bertozzi,Entre Ríos,Argentina,289,-31.13779581,-59.71881675,
La Parada,Catamarca,Argentina,289,-28.92345926,-65.29814689,
Santa Isabel,Santiago del Estero,Argentina,289,-28.46831407,-63.92981952,
La Revancha,Santiago del Estero,Argentina,289,-28.42558199,-64.02127022,
Colonia Vásquez,Entre Ríos,Argentina,288,-32.1068834,-58.42566581,
El Timbó,Tucumán,Argentina,288,-26.68345988,-65.13676948,
Las Chacras,Buenos Aires,Argentina,287,-36.39135779,-56.75471773,
Las Gramillas,Córdoba,Argentina,287,-31.13179382,-63.22788473,
Pomancillo Este,Catamarca,Argentina,287,-28.30256265,-65.71957256,
El Puesto,Jujuy,Argentina,287,-24.19811009,-64.78962648,
San Gregorio,Santiago del Estero,Argentina,287,-26.60872225,-63.67043703,
Taquello,Tucumán,Argentina,287,-26.77643269,-65.06735327,
Kilómetro 100,Formosa,Argentina,287,-26.51700228,-58.8014414,
Agua Amarga,Mendoza,Argentina,287,-33.47789501,-69.18028496,
Tedín Uriburu,Buenos Aires,Argentina,286,-37.36427186,-59.76020293,
Colonia Las Pichanas,Córdoba,Argentina,286,-31.24562202,-62.92531908,
Chilca,Santiago del Estero,Argentina,286,-27.82261392,-64.02359756,
Colonia Sanz,Corrientes,Argentina,286,-28.07540404,-58.74197204,
Remanso,Corrientes,Argentina,286,-29.10237552,-59.24786794,
Colonia Lambaré,Mendoza,Argentina,286,-33.04036222,-68.26445882,
Las Moras,Salta,Argentina,285,-25.11692978,-65.48746091,
Tío Pozo,Santiago del Estero,Argentina,285,-28.1849581,-63.89823476,
Cuatro Bocas,Chaco,Argentina,285,-26.6589519,-60.13649269,
San Carlos,San Juan,Argentina,285,-32.10114856,-68.45982947,
San Joaquín,Córdoba,Argentina,284,-34.51172972,-63.70884182,
Crispi,Santa Fe,Argentina,284,-31.73984703,-62.03759266,
Los Pumas,Santiago del Estero,Argentina,284,-26.16391648,-64.29820163,
Barrio San Martín,Tucumán,Argentina,284,-26.71736056,-64.94015668,
San Miguel,Tucumán,Argentina,284,-27.4328961,-65.57098117,
Villa Tacú,San Juan,Argentina,284,-31.52617023,-68.70524839,
Juventud Unida,Río Negro,Argentina,284,-39.01772058,-64.06580183,
Coronel Seguí,Buenos Aires,Argentina,283,-34.86744005,-60.39297144,
López,Buenos Aires,Argentina,283,-37.55228034,-59.62776662,
Tala Cañada,Córdoba,Argentina,283,-31.35448848,-64.97590613,
Curupaytí,Santa Fe,Argentina,283,-30.39610402,-61.65313051,
Aldea Salto,Entre Ríos,Argentina,283,-31.92483322,-60.54735189,
Puerto Víboras,Entre Ríos,Argentina,283,-31.27070839,-60.01044597,
Erín,Tucumán,Argentina,283,-27.02696343,-65.22929874,
Puerto Valle,Corrientes,Argentina,283,-27.61334247,-56.40045346,
Paso Ledesma,Corrientes,Argentina,283,-29.85291356,-57.60196809,
Talita,Entre Ríos,Argentina,282,-32.52950296,-58.30332701,
Colonia Santa María,La Pampa,Argentina,282,-37.49479066,-64.22411676,
Ojo de Agua,Salta,Argentina,282,-24.6202483,-64.97987578,
Rodeo de Valdez,Santiago del Estero,Argentina,282,-27.55019341,-64.51249491,
La Marta,Tucumán,Argentina,282,-26.78359921,-64.9801406,
Las Isletillas,Córdoba,Argentina,281,-32.50921909,-63.92895604,
Yacutinga,Misiones,Argentina,281,-25.74946827,-54.05908118,
Las Hacheras,Chaco,Argentina,281,-25.38691331,-60.99086786,
Villa Fontana,Entre Ríos,Argentina,280,-31.90534332,-60.47369415,
Alumbre,Salta,Argentina,280,-25.19275762,-66.44095601,
San Gotardo,Misiones,Argentina,280,-26.92373175,-55.12375429,
Mbororé,Misiones,Argentina,280,-27.68744469,-54.92445705,
Las Minas,Misiones,Argentina,280,-26.70728028,-53.98042754,
San Jacinto,Buenos Aires,Argentina,279,-34.64478966,-59.52471745,
Estación Luxardo,Córdoba,Argentina,279,-31.30518476,-62.13375398,
Isletas,Entre Ríos,Argentina,279,-32.22147507,-60.36323225,
Aldea Andreoli,Entre Ríos,Argentina,279,-32.17350714,-59.56442818,
Abra de Santa Cruz,Salta,Argentina,279,-22.10374418,-65.02174122,
Cabeza del Toro,Santiago del Estero,Argentina,279,-26.16654643,-63.63229058,
Barrancas,Santiago del Estero,Argentina,279,-28.67561123,-63.5529938,
Saracura,Misiones,Argentina,279,-25.93285761,-53.89242655,
General Donovan,Chaco,Argentina,279,-27.38569031,-59.10810956,
Colonia San Martín,Corrientes,Argentina,279,-27.73307411,-57.60383269,
Cacheuta,Mendoza,Argentina,279,-33.01314552,-69.11897286,
Gobernador Civit,Mendoza,Argentina,279,-33.33239764,-67.96963429,
Balneario Laguna de Gómez,Buenos Aires,Argentina,278,-34.66089643,-61.01868332,
Los Molles,Córdoba,Argentina,278,-31.01775118,-64.2381391,
El Pueblito,Entre Ríos,Argentina,278,-32.16347509,-59.8136605,
Santa Vera Cruz,La Rioja,Argentina,278,-28.67574875,-66.96055836,
Colonia Libanesa,Santiago del Estero,Argentina,278,-28.64597242,-63.00728263,
Los Juárez,Tucumán,Argentina,278,-27.28189692,-65.25378731,
Santa Irene,Misiones,Argentina,278,-27.793763,-55.09482828,
San Pablo,San Luis,Argentina,278,-32.66119594,-65.30558369,
Barrio El Coyunco,Buenos Aires,Argentina,277,-37.91050133,-57.74881015,
Colmena,Santa Fe,Argentina,277,-28.76250029,-60.09109077,
Pozo Verde,Santiago del Estero,Argentina,277,-28.79893136,-64.50125212,
Cañada del Monte,Santiago del Estero,Argentina,277,-27.43483828,-64.80871982,
Donato Álvarez,Tucumán,Argentina,277,-27.55645649,-65.62154112,
La Colorada,Buenos Aires,Argentina,276,-36.81598355,-59.91813554,
Manzano de la Barca,Buenos Aires,Argentina,276,-34.03803284,-58.53747632,
Las Palmas,Santa Fe,Argentina,276,-29.43181623,-59.74855484,
Los Cerros,Entre Ríos,Argentina,276,-32.52885771,-60.28356587,
La Paliza,Santiago del Estero,Argentina,276,-28.75903596,-63.18178412,
Tres Lunas,Misiones,Argentina,276,-27.95672393,-55.66214806,
Mariano Moreno,Misiones,Argentina,276,-27.74809325,-54.95951706,
Pampa Chica,Chaco,Argentina,276,-26.10781833,-59.83129031,
Facundo,Chubut,Argentina,276,-45.30864288,-69.97486249,
Hale,Buenos Aires,Argentina,275,-36.00206434,-60.85548981,
Cruz del Sur,Buenos Aires,Argentina,275,-34.95571139,-58.4651316,
Costa Uruguay Sur,Entre Ríos,Argentina,275,-33.2309852,-58.4991619,
Pampa Vieja,Jujuy,Argentina,275,-24.50587456,-65.04485161,
Las Trancas,Salta,Argentina,275,-25.09111888,-66.23435111,
Taco Pozo,Santiago del Estero,Argentina,275,-26.66153752,-63.40514828,
Árbol Solo,Tucumán,Argentina,275,-27.00584749,-64.98238762,
Quilmes Centro,Tucumán,Argentina,275,-26.49526309,-66.03347285,
Pampa Hermosa,Chaco,Argentina,275,-26.73231688,-61.36566963,
Villa Gutiérrez,Córdoba,Argentina,274,-30.67920554,-64.16015406,
Colonia Los Sauces,Entre Ríos,Argentina,274,-31.34013788,-58.39454309,
Cuesta del Sur,La Pampa,Argentina,274,-36.72058109,-64.27501886,
San Isidro,Salta,Argentina,274,-22.75711387,-65.24160372,
El Alamito,San Juan,Argentina,274,-31.45921287,-68.34305282,
Río Grande,San Luis,Argentina,274,-33.05481336,-66.06895147,
Quebracho Ladeado,Córdoba,Argentina,273,-32.2571423,-65.0304652,
Cepeda,Santa Fe,Argentina,273,-33.39817884,-60.62391491,
Las Talas,La Rioja,Argentina,273,-28.44179893,-67.11923071,
Acambuco,Salta,Argentina,273,-22.16590158,-63.91053955,
Río Muerto,Santiago del Estero,Argentina,273,-26.38436943,-63.11315676,
San Cristóbal,Misiones,Argentina,273,-27.63122451,-55.72709402,
Picada Vasca,Misiones,Argentina,273,-27.44918694,-55.14472908,
Colonia Isabel Victoria,Corrientes,Argentina,273,-29.12061824,-59.0956875,
La Marsolina,Mendoza,Argentina,273,-35.03257018,-67.62356412,
Los Yoles,Mendoza,Argentina,273,-33.33316386,-68.2802805,
El Alamito,Neuquén,Argentina,273,-37.25821053,-70.40841117,
Atreucó,Neuquén,Argentina,273,-39.73260954,-71.0786639,
Colonia San José,Santa Fe,Argentina,272,-31.65494124,-60.85694765,
La Granja,Santiago del Estero,Argentina,272,-27.6697994,-64.20784319,
La Chiquita,Chaco,Argentina,272,-26.83724975,-60.31776452,
Crotto,Buenos Aires,Argentina,271,-36.57636308,-60.17220076,
Rucanelo,La Pampa,Argentina,271,-36.04179707,-64.83572109,
Sunchal,Jujuy,Argentina,271,-24.410414,-65.2165145,
El Dorado,Santiago del Estero,Argentina,271,-28.63624657,-63.75270502,
El Fisco de Fátima,Santiago del Estero,Argentina,271,-26.87335348,-64.45935668,
Picada Sulma,Misiones,Argentina,271,-26.93990304,-54.53612772,
Puente Blanco,Neuquén,Argentina,271,-40.16863267,-71.3251788,
El Manso,Río Negro,Argentina,271,-41.59879516,-71.51797951,
Curamalal,Buenos Aires,Argentina,270,-37.48424694,-62.10455772,
El Rodeo,Córdoba,Argentina,270,-30.17523812,-63.86413119,
El Quebracho,Entre Ríos,Argentina,270,-30.98661314,-59.66146951,
Nuevo Simbolar,Santiago del Estero,Argentina,270,-26.14454459,-63.7646963,
Colonia 8,Tucumán,Argentina,270,-27.05638959,-65.33977328,
Escaba de Abajo,Tucumán,Argentina,270,-27.68670413,-65.80014311,
Pozo del Oso,Formosa,Argentina,270,-23.16270671,-62.29983561,
Arroyo Ceibal,Corrientes,Argentina,270,-28.11569548,-58.7392844,
San José,Mendoza,Argentina,270,-32.37129347,-68.21800429,
La Caleta,Buenos Aires,Argentina,269,-37.78264482,-57.45985493,
Aconquija,Catamarca,Argentina,269,-27.46809814,-66.01031654,
Cangrejillos,Jujuy,Argentina,269,-22.42423232,-65.58099462,
Monte Carmelo,Salta,Argentina,269,-22.08839089,-62.82723073,
Puerto Bermejo Viejo,Chaco,Argentina,269,-26.9269363,-58.50911571,
Bañadero,Formosa,Argentina,269,-25.93770994,-59.6506808,
Cerrito,Corrientes,Argentina,269,-27.84214779,-57.91359607,
Sanabria,Córdoba,Argentina,268,-32.52829303,-63.24801631,
Nueva Lehmann,Santa Fe,Argentina,268,-31.11890499,-61.51519897,
Picada San Javier,Misiones,Argentina,268,-27.7674494,-55.25078525,
San Antonio,Corrientes,Argentina,268,-29.60868514,-59.45857731,
Bauer y Sigel,Santa Fe,Argentina,267,-31.2715587,-61.9430176,
El Pacará,Tucumán,Argentina,267,-27.44696628,-65.50355905,
Nueva Plata,Buenos Aires,Argentina,266,-35.91864964,-61.81354751,
Las Caleras,Córdoba,Argentina,266,-32.38880324,-64.5214358,
Rosario del Saladillo,Córdoba,Argentina,266,-30.43142827,-63.47394137,
El Rincón,Entre Ríos,Argentina,266,-30.85018379,-58.83861625,
La Verbena,Entre Ríos,Argentina,266,-30.50623856,-58.57739134,
Santa Rosa,Santiago del Estero,Argentina,266,-28.69097933,-63.17791172,
Roldán,Santiago del Estero,Argentina,266,-27.80446252,-63.11619432,
Paraje Itá Chica,Misiones,Argentina,266,-27.55590785,-54.93344638,
Colonia San Antonio,Formosa,Argentina,266,-26.20446421,-58.63284181,
Punta Guía,Formosa,Argentina,266,-25.21713226,-58.2077849,
Santa Teresita,Corrientes,Argentina,266,-28.26558172,-58.27247908,
Malvinas Norte,Corrientes,Argentina,266,-29.61433297,-58.96916395,
Cañada de Río Pinto,Córdoba,Argentina,265,-30.77579119,-64.21865097,
Piquillín,Córdoba,Argentina,265,-31.30059974,-63.75767306,
Los Molles,Córdoba,Argentina,265,-31.96444809,-65.02087758,
El Durazno,Catamarca,Argentina,265,-27.52034514,-66.01804775,
El Duraznillo,Corrientes,Argentina,265,-29.75624755,-59.41094066,
Jarilla,San Luis,Argentina,265,-33.39644754,-67.02657861,
Colan Conhué,Chubut,Argentina,265,-43.24137027,-69.93033488,
Colonia Balcarce,Buenos Aires,Argentina,264,-37.7554441,-58.32682639,
Campo Los Prados,Córdoba,Argentina,264,-32.34929137,-63.10847328,
Aldea San Rafael,Entre Ríos,Argentina,264,-31.95741123,-60.25463064,
Sarah,La Pampa,Argentina,264,-35.02807893,-63.68593302,
Cuchillo Co,La Pampa,Argentina,264,-38.33367847,-64.6422527,
La Ciénaga,Jujuy,Argentina,264,-22.12731416,-65.70676531,
El Naranjo,Salta,Argentina,264,-25.72220271,-65.0138321,
Los Baldes,Salta,Argentina,264,-23.67750961,-62.77724731,
Pozo Ciego,Santiago del Estero,Argentina,264,-28.4270409,-64.38951952,
Balde,Santiago del Estero,Argentina,264,-26.2307412,-64.12341296,
Cuatro Bocas,Misiones,Argentina,264,-26.11200537,-54.53374636,
Yaza,Misiones,Argentina,264,-27.36306136,-55.06720705,
Paraje La Reserva,Misiones,Argentina,264,-27.44963379,-54.95951971,
Costa Iné,Chaco,Argentina,264,-27.18731271,-58.93497172,
José María Paz,Formosa,Argentina,264,-25.11096521,-58.36502944,
Yacarei,Corrientes,Argentina,264,-27.33744617,-58.17922272,
Barrio Esperanza,Río Negro,Argentina,264,-39.04538346,-63.99719529,
Colonia San Adolfo,Buenos Aires,Argentina,263,-39.39653224,-62.56629788,
Ambil,La Rioja,Argentina,263,-31.12957911,-66.34392084,
Invernada,Corrientes,Argentina,263,-29.75245462,-59.29778597,
San José del Morro,San Luis,Argentina,263,-33.21234414,-65.49118413,
Las Bajadas,Córdoba,Argentina,262,-32.09615914,-64.33007429,
La Higuera,Santiago del Estero,Argentina,262,-29.32976856,-63.45281661,
Los Quebrachos,Santiago del Estero,Argentina,262,-27.63465496,-64.71478604,
Colonia El Comienzo,Formosa,Argentina,262,-25.58834274,-59.35165696,
Ramón Biaus,Buenos Aires,Argentina,261,-35.08720562,-59.9243732,
Elvira,Buenos Aires,Argentina,261,-35.24275186,-59.48565209,
Colonia La Llave,Entre Ríos,Argentina,261,-32.53137059,-59.58303568,
San Carlos,Tucumán,Argentina,261,-26.76256519,-64.69881604,
La Llave Vieja,Mendoza,Argentina,261,-34.59569079,-68.02280963,
De Bary,Buenos Aires,Argentina,260,-36.34050189,-63.25967408,
Chasicó,Buenos Aires,Argentina,260,-38.33733203,-62.64458521,
Teniente Origone,Buenos Aires,Argentina,260,-39.05780942,-62.57041456,
La Rancherita y Las Cascadas,Córdoba,Argentina,260,-31.75482925,-64.45903908,
El Gusano,Santa Fe,Argentina,260,-29.59587445,-59.77475739,
Arroyo Clé,Entre Ríos,Argentina,260,-32.63503104,-59.40150342,
Yeso Oeste,Entre Ríos,Argentina,260,-30.9369952,-59.46711712,
Las Granadillas,Catamarca,Argentina,260,-27.56526943,-67.12459187,
Tacuil,Salta,Argentina,260,-25.58183379,-66.45801279,
Nueva Esperanza,Santiago del Estero,Argentina,260,-26.61520347,-63.59151924,
San Lorenzo,Santiago del Estero,Argentina,260,-27.92678231,-64.4722321,
Belgrano,Santiago del Estero,Argentina,260,-29.32726229,-63.60658254,
Colonia 3 Sur,Tucumán,Argentina,260,-26.89062963,-65.0616169,
Picada Internacional,Misiones,Argentina,260,-27.52411689,-54.95749895,
Kilómetro 161,Corrientes,Argentina,260,-30.19789288,-57.704904,
Manso Inferior,Río Negro,Argentina,260,-41.59621183,-71.74623047,
Cruz de Caña,Córdoba,Argentina,259,-31.06783622,-64.93478702,
La Esquina,Córdoba,Argentina,259,-33.03115522,-64.42786589,
Colonia 2 Sur,Tucumán,Argentina,259,-26.92102204,-65.12398103,
Barra Bonita,Misiones,Argentina,259,-27.61472293,-54.87328814,
El Naranjito,Chaco,Argentina,259,-27.70220582,-59.01522741,
Colonia El Alba,Formosa,Argentina,259,-26.30160749,-59.19809958,
El Cruce,Neuquén,Argentina,259,-38.57379935,-68.37009233,
Pardo,Buenos Aires,Argentina,258,-36.24504111,-59.36503505,
Ricardo Gaviña,Buenos Aires,Argentina,258,-37.44408938,-60.03917251,
Villa Santa Eugenia,Córdoba,Argentina,258,-32.66344006,-64.74111687,
Virginia,Santa Fe,Argentina,258,-30.73950056,-61.34012629,
La Penca y Caraguatá,Santa Fe,Argentina,258,-30.34672338,-60.52124935,
Estancia de Guadalupe,Córdoba,Argentina,257,-31.13007574,-65.21597547,
Lobatón,Jujuy,Argentina,257,-24.40097409,-64.82469607,
Lote 15,Santiago del Estero,Argentina,257,-28.62853052,-62.0939794,
La Brea,Tucumán,Argentina,257,-27.293334,-65.20295129,
Don Manuel,Tucumán,Argentina,257,-27.18607261,-65.5832035,
Yerbal Viejo,Misiones,Argentina,257,-27.27346315,-54.95404467,
Cerro 60,Misiones,Argentina,257,-26.34925557,-54.20485822,
Picada Guaraypo,Misiones,Argentina,257,-27.49007722,-55.05029907,
Lavaisse,San Luis,Argentina,257,-33.82284093,-65.42649191,
Larguía,Santa Fe,Argentina,256,-32.55198324,-61.21858065,
Colonia California,Santa Fe,Argentina,256,-30.51520433,-59.92487706,
Uguay,Corrientes,Argentina,256,-28.64862136,-57.4814803,
La Esquina,San Luis,Argentina,256,-33.14260747,-65.37462495,
Cumelén,Neuquén,Argentina,256,-40.78377033,-71.62463898,
Los Repollos,Río Negro,Argentina,256,-41.87928088,-71.45971362,
Dique Florentino Ameghino,Chubut,Argentina,256,-43.69906841,-66.47132556,
Porvenir,Buenos Aires,Argentina,255,-34.95041336,-62.22373764,
Espín,Santa Fe,Argentina,255,-29.54042621,-60.22224004,
Puerto Las Masitas,Entre Ríos,Argentina,255,-32.29397867,-60.51790496,
El Desmonte,Catamarca,Argentina,255,-26.88323273,-66.10166346,
Caspalá,Jujuy,Argentina,255,-23.36337184,-65.09243812,
Potrero Díaz,Salta,Argentina,255,-25.2324358,-65.65991587,
Huasa Pampa Sur,Tucumán,Argentina,255,-27.88131251,-65.58281209,
Los Puquios,San Luis,Argentina,255,-33.2762455,-66.16098435,
Aguada de Guerra,Río Negro,Argentina,255,-41.06788664,-68.38172643,
Rospentek,Santa Cruz,Argentina,255,-51.66536592,-72.14547248,
Fulton,Buenos Aires,Argentina,254,-37.41664104,-58.8102536,
La Playa,Córdoba,Argentina,254,-31.00966898,-65.3612672,
Capilla de Romero,Córdoba,Argentina,254,-32.13521238,-65.22354649,
La Lucila,Santa Fe,Argentina,254,-30.41966568,-61.00330834,
La Muela,Entre Ríos,Argentina,254,-30.90014587,-57.89203485,
Huaycama,Catamarca,Argentina,254,-28.11935137,-65.79846243,
Huachana,Santiago del Estero,Argentina,254,-26.40736499,-63.49876695,
Arroyo Atahona,Tucumán,Argentina,254,-27.44397165,-65.2902898,
El Palmar Central,Chaco,Argentina,254,-27.07489275,-61.56969798,
Colonia Rivadavia,Chaco,Argentina,254,-26.82712747,-60.34598141,
San Lucas,Buenos Aires,Argentina,253,-34.96922867,-58.47740919,
Villa Berna,Córdoba,Argentina,253,-31.91100004,-64.72634368,
Impira,Córdoba,Argentina,253,-31.79847381,-63.65008347,
Punta del Agua,Córdoba,Argentina,253,-32.57580571,-63.8102095,
Galisteo,Santa Fe,Argentina,253,-31.05023909,-61.37158744,
Balneario Esperanza,Santa Fe,Argentina,253,-31.38195854,-60.90054041,
El Bolsón,Catamarca,Argentina,253,-27.90390422,-65.88105266,
Colonia Alpina,Santiago del Estero,Argentina,253,-30.0600972,-62.10339168,
El Puesto,Santiago del Estero,Argentina,253,-26.03912382,-63.61581329,
Santa Rita,Tucumán,Argentina,253,-27.50688973,-65.59376718,
Rincón de Azara,Misiones,Argentina,253,-28.11361889,-55.62953241,
Cerro Policía,Río Negro,Argentina,253,-39.7262745,-68.49150466,
Barrio Santa Lucia,Río Negro,Argentina,253,-39.03351834,-67.29869565,
Herrera Vegas,Buenos Aires,Argentina,252,-36.08755754,-61.41089839,
La Viña,Catamarca,Argentina,252,-28.03928378,-65.59683608,
Tatón,Catamarca,Argentina,252,-27.33789144,-67.52910645,
Los Gómez Chico,Tucumán,Argentina,252,-27.34193987,-65.20218718,
Isla Sola,Corrientes,Argentina,252,-29.22228354,-59.31207198,
Albardones,Corrientes,Argentina,252,-27.60448877,-58.51331214,
Colipilli Arriba,Neuquén,Argentina,252,-37.76758141,-70.36275059,
El Quebrachal,Córdoba,Argentina,251,-30.79131109,-65.0333133,
Estación Presidente Roca,Santa Fe,Argentina,251,-31.2321285,-61.61027747,
La Reforma,La Pampa,Argentina,251,-37.55118455,-66.22710886,
Santa María de las Chacras,Santiago del Estero,Argentina,251,-26.55671769,-63.92891933,
Amaicha del Llano,Tucumán,Argentina,251,-27.07388215,-65.29744241,
La Sarita,Santa Fe,Argentina,250,-30.40235063,-62.00003359,
Pueblo Cazes,Entre Ríos,Argentina,250,-32.00314959,-58.49079427,
Jumialito,Santiago del Estero,Argentina,250,-27.61418439,-63.34246627,
Monte Grande,Tucumán,Argentina,250,-27.00936508,-65.409482,
El Pacífico,Misiones,Argentina,250,-27.22361773,-54.40793476,
Arroyo Durazno,Buenos Aires,Argentina,249,-34.25695377,-58.64534838,
El Crispín,Córdoba,Argentina,249,-31.01760673,-63.60535117,
El Bordo,Córdoba,Argentina,249,-31.90830745,-65.20936309,
Barrio El Pacaá - Barrio Comipini,Santa Fe,Argentina,249,-32.12857618,-60.93055683,
Las Bandurrias,Santa Fe,Argentina,249,-32.19747535,-61.49227902,
Miranda,La Rioja,Argentina,249,-29.33919043,-67.66247823,
El Toro,Jujuy,Argentina,249,-23.08341967,-66.70221693,
Colonia 1,Tucumán,Argentina,249,-27.46627164,-65.63730323,
La Florida,Tucumán,Argentina,249,-27.43491597,-65.1275634,
Arroyo Verde,Misiones,Argentina,249,-25.64260906,-53.92968975,
El Retamo,Mendoza,Argentina,249,-32.46961823,-67.3791969,
Los Tableros,Mendoza,Argentina,249,-34.86341946,-67.82109087,
Pasman,Buenos Aires,Argentina,248,-37.22363985,-62.16475463,
Chas,Buenos Aires,Argentina,248,-35.87350719,-58.5781267,
Puerto Aragón,Santa Fe,Argentina,248,-32.2429522,-60.92331258,
Febré,Entre Ríos,Argentina,248,-32.47526767,-59.91890108,
Espinillo Norte,Entre Ríos,Argentina,248,-31.79754511,-60.2966199,
Lolita Sur,Tucumán,Argentina,248,-26.89581832,-64.95256812,
Agua Salada,Tucumán,Argentina,248,-27.29652306,-64.94900774,
El Nogalito,Tucumán,Argentina,248,-26.78577473,-65.47286665,
Las Talitas,Tucumán,Argentina,248,-27.44272599,-65.18355673,
Parada Acuña,Corrientes,Argentina,248,-29.90884157,-57.95886555,
El Manzano,Mendoza,Argentina,248,-33.6033797,-69.3809467,
San Alberto,Mendoza,Argentina,248,-32.49153032,-69.36815883,
Barrio Ruca Luhé,Neuquén,Argentina,248,-38.75916125,-68.16070222,
La Carolina El Potosí,Córdoba,Argentina,247,-33.18684432,-64.72511288,
Real de los Toros,Jujuy,Argentina,247,-24.00494591,-64.33117381,
Pucará,Salta,Argentina,247,-22.17905147,-64.96383154,
Humaitá,Tucumán,Argentina,247,-27.39706351,-65.55832082,
Picada Yapeyú,Misiones,Argentina,247,-27.61662246,-55.17661538,
Los Flotadores,Corrientes,Argentina,247,-30.09994208,-59.53977641,
Rincón Ombú Chico,Corrientes,Argentina,247,-27.41070346,-56.26035353,
Parrales Mendocinos,Mendoza,Argentina,247,-33.39092494,-67.8426774,
La Vertiente,San Luis,Argentina,247,-32.79710936,-65.7562953,
La Cabral,Santa Fe,Argentina,246,-30.0868012,-61.17833396,
Colonia Pujol,Santa Fe,Argentina,246,-31.48573535,-60.80145313,
Costa Nogoyá,Entre Ríos,Argentina,246,-32.81862201,-59.78403217,
Paso de la Arena,Entre Ríos,Argentina,246,-31.76194718,-60.16738757,
El Arremo,Salta,Argentina,246,-26.02766312,-66.37682667,
Suri Pozo,Santiago del Estero,Argentina,246,-27.74924738,-64.1267935,
Luján,Santiago del Estero,Argentina,246,-27.28863106,-63.23884474,
Villa María,Tucumán,Argentina,246,-26.73171744,-64.61599857,
El Trescientos,Misiones,Argentina,246,-26.11582868,-54.60711001,
Yerbal Viejo,Misiones,Argentina,246,-27.49352487,-55.00574344,
La Guevarina,Mendoza,Argentina,246,-34.78816043,-68.01587696,
Ramón M. Castro,Neuquén,Argentina,246,-38.86432971,-69.74469609,
Bajo Tala,Buenos Aires,Argentina,245,-33.74239616,-59.61454145,
Los Sembrados,Santa Fe,Argentina,245,-31.66412029,-61.54374671,
Hocker,Entre Ríos,Argentina,245,-32.08831312,-58.33948851,
Curupí,Entre Ríos,Argentina,245,-31.29311466,-58.80089018,
Ciénega de Paicone,Jujuy,Argentina,245,-22.17856188,-66.41256913,
San Ramón,Santiago del Estero,Argentina,245,-27.96334657,-63.88060301,
La Virginia,Tucumán,Argentina,245,-26.74539077,-64.78683952,
La Junta,Mendoza,Argentina,245,-35.27403583,-69.51572769,
Lago Blanco,Chubut,Argentina,245,-45.93698354,-71.26824295,
Marisol,Buenos Aires,Argentina,244,-38.92051197,-60.53499332,
Saladillo,Córdoba,Argentina,244,-32.93387126,-62.34371188,
Las Peñas,Córdoba,Argentina,244,-32.53470571,-64.1045726,
Esteban Rams,Santa Fe,Argentina,244,-29.77242175,-61.48998197,
Caraballo,Entre Ríos,Argentina,244,-32.1353419,-58.31122225,
Colonia Ensanche Sauce,Entre Ríos,Argentina,244,-30.85843281,-57.83142546,
Pichi Huinca,La Pampa,Argentina,244,-35.64860669,-64.76978195,
Pueblo Viejo,Salta,Argentina,244,-22.83620801,-65.21553813,
Los Quemados,Tucumán,Argentina,244,-27.21487478,-65.24335728,
Colonia Porvenir,Corrientes,Argentina,244,-29.18917386,-59.19372099,
Las Lagunas,San Luis,Argentina,244,-32.62805808,-65.54859813,
Santa Cruz,Catamarca,Argentina,243,-28.50092251,-65.66411848,
La Florida,Tucumán,Argentina,243,-26.82071273,-65.09538649,
Horquilla,Chaco,Argentina,243,-27.54238647,-59.95578301,
Rincón del Sarandí,Corrientes,Argentina,243,-30.19116504,-59.30406949,
Los Naranjos,Buenos Aires,Argentina,242,-34.99509905,-57.70284464,
Chalacea,Córdoba,Argentina,242,-30.76039667,-63.56124234,
Las Cuevas,Entre Ríos,Argentina,242,-32.31768257,-60.4720875,
La Selva,Corrientes,Argentina,242,-28.21197583,-58.11353509,
Tres Bocas,Corrientes,Argentina,242,-29.68179131,-59.37000116,
Lafinur,San Luis,Argentina,242,-32.06258197,-65.35014154,
Barrio Goretti,Río Negro,Argentina,242,-38.96521374,-67.95518786,
Flor de Oro,Santa Fe,Argentina,241,-28.92475899,-59.65453855,
La Higuera,Catamarca,Argentina,241,-27.93966014,-65.6976636,
Suncho Pozo del Triunfo,Santiago del Estero,Argentina,241,-28.53030855,-62.79045018,
Taco Punco,Santiago del Estero,Argentina,241,-26.45113963,-64.03131929,
Las Tusquitas,Tucumán,Argentina,241,-27.11659131,-64.92746376,
Los Escobar,Tucumán,Argentina,241,-27.21270946,-65.44643491,
Esterito,Formosa,Argentina,241,-26.29940712,-58.53944778,
La Baliza,Buenos Aires,Argentina,240,-37.77161008,-57.44731183,
Puesto de Castro,Córdoba,Argentina,240,-30.2705287,-63.42635957,
Monte Oscuridad,Santa Fe,Argentina,240,-30.44159725,-62.10321338,
Colonia San Ignacio,Santa Fe,Argentina,240,-30.34187155,-59.97373834,
Palo Labrado,Catamarca,Argentina,240,-28.32103858,-65.61934791,
El Angosto de Parani,Salta,Argentina,240,-23.25109866,-64.72258457,
Barrio Retoños de Colón,Salta,Argentina,240,-24.89855059,-65.57560908,
Las Corzuelas,Tucumán,Argentina,240,-26.70614108,-65.04671271,
Casualidad,Corrientes,Argentina,240,-29.23792725,-59.16349767,
Canal Chachingo,Mendoza,Argentina,240,-32.90112616,-68.6696154,
Copacabana,Córdoba,Argentina,239,-30.64290203,-64.4995043,
Barrio Santa Isabel,Córdoba,Argentina,239,-30.79140288,-64.54405052,
Pueblo Moreno,Entre Ríos,Argentina,239,-31.58700371,-60.06016109,
San Antonio,Catamarca,Argentina,239,-28.00846143,-65.71045785,
Cuatro Bocas,Santiago del Estero,Argentina,239,-28.86427466,-61.85759265,
La Soledad,Tucumán,Argentina,239,-26.69784785,-64.66774205,
Melón,Tucumán,Argentina,239,-27.11306061,-64.83473225,
El Pedacito,Córdoba,Argentina,238,-30.71588738,-64.02748286,
Colonia Tacurales,Santa Fe,Argentina,238,-30.82199357,-61.7449205,
Colonia Santafesina,Entre Ríos,Argentina,238,-32.03695589,-60.4978014,
Huaycama,Catamarca,Argentina,238,-28.51729309,-65.67650417,
Los Blancos,Jujuy,Argentina,238,-24.16690154,-65.20917803,
Santo Domingo,Salta,Argentina,238,-24.71104853,-63.4506415,
San José,Santiago del Estero,Argentina,238,-27.73918162,-64.18094459,
Pampa Muyoj,Santiago del Estero,Argentina,238,-27.8715737,-64.39448024,
Acos,Santiago del Estero,Argentina,238,-27.65939699,-64.96423244,
Agua Blanca,Tucumán,Argentina,238,-27.11165183,-65.43205068,
Campo El Quimil,Tucumán,Argentina,238,-27.26022462,-64.8441742,
El Bosquecillo,Formosa,Argentina,238,-25.78625449,-59.43442094,
Las Mojarras,Córdoba,Argentina,237,-32.3043333,-63.23343646,
Castellanos,Santa Fe,Argentina,237,-31.20885937,-61.72423117,
Estación Kilómetro 403,Santa Fe,Argentina,237,-28.57303891,-59.37613183,
Aicuñá,La Rioja,Argentina,237,-29.4727869,-67.7746061,
Alto Verde,Tucumán,Argentina,237,-27.11419426,-65.49164295,
La Sabana,Chaco,Argentina,237,-27.87145079,-59.93685922,
Campo Tres Pozos,Formosa,Argentina,237,-24.52807913,-60.87345021,
Robles,Buenos Aires,Argentina,236,-35.01491248,-58.91576133,
Paraje El Pino,Buenos Aires,Argentina,236,-35.01116086,-57.69161127,
Aguará Grande,Santa Fe,Argentina,236,-30.11610237,-60.89426045,
Colonia Merou,Entre Ríos,Argentina,236,-31.8995523,-60.30139627,
Chuquis,La Rioja,Argentina,236,-28.89095599,-66.97162796,
Las Pircas,Salta,Argentina,236,-25.00593517,-65.50397755,
Lote 33,Santiago del Estero,Argentina,236,-28.38691828,-62.04479626,
Loma de la Lata,Neuquén,Argentina,236,-38.50102696,-68.60623746,
Crucesitas Séptima,Entre Ríos,Argentina,235,-32.08115327,-59.77887712,
La Toma,Tucumán,Argentina,235,-26.5489151,-64.85258177,
El Palmar Chico,Chaco,Argentina,235,-26.16797456,-60.30389665,
Puerto Antequera,Chaco,Argentina,235,-27.4417955,-58.85084379,
Villa Lago Meliquina,Neuquén,Argentina,235,-40.38325093,-71.25339782,
Colonia Cadel,Entre Ríos,Argentina,234,-30.72533343,-58.11975354,
El Cucho,Jujuy,Argentina,234,-24.08969419,-65.20186719,
Los Tigres,Santiago del Estero,Argentina,234,-25.9092117,-62.59120246,
Punitayoj,Santiago del Estero,Argentina,234,-27.0425361,-63.53314211,
Diente del Arado,Santiago del Estero,Argentina,234,-28.40255903,-64.07544154,
Amoladeras,Santiago del Estero,Argentina,234,-29.6133557,-63.57159586,
Tusca Pozo,Tucumán,Argentina,234,-27.15917502,-65.08864884,
Buena Esperanza,Corrientes,Argentina,234,-29.70420333,-59.38524538,
Pozo del Salado,San Juan,Argentina,234,-31.71274859,-68.24525701,
Colonia Santa Rita,Córdoba,Argentina,233,-32.18354778,-63.32440053,
Garibaldi,Santa Fe,Argentina,233,-31.64945258,-61.80586784,
Colonia Peña,Entre Ríos,Argentina,233,-30.7991599,-58.18116498,
Alpasinche,La Rioja,Argentina,233,-28.32159656,-67.05390868,
Villa San José,Catamarca,Argentina,233,-27.69802762,-67.17031795,
Los Morteros,Catamarca,Argentina,233,-28.43456119,-65.16655159,
Patay,Santiago del Estero,Argentina,233,-26.84000367,-62.93051964,
La Ramada,Santiago del Estero,Argentina,233,-27.52714675,-63.69406446,
Kilómetro 546,Santiago del Estero,Argentina,233,-28.00898526,-63.3720242,
María Elena,Tucumán,Argentina,233,-27.00519796,-65.3488245,
La Libertad,Formosa,Argentina,233,-23.98275181,-60.61167506,
Batará,Corrientes,Argentina,233,-28.2208441,-57.99487346,
La Angostura,Neuquén,Argentina,233,-38.86582062,-71.20766264,
Villa Lolog,Neuquén,Argentina,233,-40.06656839,-71.30489963,
San Enrique,Buenos Aires,Argentina,232,-35.76984218,-60.35045015,
Colonia Barragán,Buenos Aires,Argentina,232,-37.76866679,-57.69624435,
Esquina,Córdoba,Argentina,232,-31.07791215,-63.79364055,
Corralito,Córdoba,Argentina,232,-32.18756079,-65.05317875,
Campo Stangaferro,Santa Fe,Argentina,232,-28.16773634,-59.23137929,
El Condado,Salta,Argentina,232,-22.19125031,-64.67817442,
Los Sandovales,Tucumán,Argentina,232,-27.40294615,-65.31850841,
Siete Árboles,Chaco,Argentina,232,-26.42041515,-59.4233209,
Marcam,Formosa,Argentina,232,-25.2322693,-58.25338544,
Estación Libertad,Corrientes,Argentina,232,-30.01329546,-57.8593345,
El Pindó,Corrientes,Argentina,232,-28.31890085,-58.33677051,
Villa San Ramón,Corrientes,Argentina,232,-27.7096936,-57.55984644,
Villa Reynolds,San Luis,Argentina,232,-33.72096244,-65.38362625,
Dunamar,Buenos Aires,Argentina,231,-38.85855716,-60.08618741,
Dufaur,Buenos Aires,Argentina,231,-37.94281148,-62.28308864,
Marre,Buenos Aires,Argentina,231,-34.9682608,-58.8809442,
El Bañado,Catamarca,Argentina,231,-28.62148776,-65.85647828,
La Dormida,Santiago del Estero,Argentina,231,-28.36819004,-64.01608303,
El Churqui,Tucumán,Argentina,231,-27.19959415,-65.57410003,
Guiray,Misiones,Argentina,231,-27.08112138,-54.52677847,
Napalpí,Chaco,Argentina,231,-26.90250085,-60.1298062,
La Costa,Corrientes,Argentina,231,-28.19846496,-55.76886247,
Tres Picos,Buenos Aires,Argentina,230,-38.28960556,-62.20805558,
Girodias,Buenos Aires,Argentina,230,-36.36574839,-62.35808,
La Dorita,Buenos Aires,Argentina,230,-35.59099361,-61.24122571,
San José,Santiago del Estero,Argentina,230,-27.26874461,-63.29423189,
Babilonia,Santiago del Estero,Argentina,230,-26.07352279,-63.7873671,
Laguna de Robles,Tucumán,Argentina,230,-26.26967353,-64.6562556,
Yacuchiri,Tucumán,Argentina,230,-27.37018309,-65.21579046,
Paraje Teyú Cuaré,Misiones,Argentina,230,-27.29292436,-55.56434646,
Picada Malvinas,Misiones,Argentina,230,-27.29542472,-54.71906892,
Costa Paraná,Corrientes,Argentina,230,-27.36012575,-58.65723426,
Mboy Cuá,Corrientes,Argentina,230,-27.9864519,-57.54248853,
Villa Arroyo Grande,Mendoza,Argentina,230,-33.58626982,-69.32816326,
Ariel,Buenos Aires,Argentina,229,-36.5314223,-59.9217519,
Colonia Durán,Santa Fe,Argentina,229,-29.55811928,-59.92659235,
Faustino M. Parera,Entre Ríos,Argentina,229,-32.80443024,-58.88263368,
Isla San José Sur,Tucumán,Argentina,229,-27.20372269,-65.43016308,
Ana Zumarán,Córdoba,Argentina,228,-32.39095285,-63.05723244,
Arroyo Brazo Largo Norte,Entre Ríos,Argentina,228,-33.77509263,-58.60955317,
Antonio Tomás Sur,Entre Ríos,Argentina,228,-31.46722325,-59.99046097,
San Pablo,Santiago del Estero,Argentina,228,-27.45555785,-63.68687456,
Pozo Mosoj,Santiago del Estero,Argentina,228,-28.12447743,-63.84305908,
Barrancas,Tucumán,Argentina,228,-27.62550829,-65.14040548,
Laguna Lobo,Chaco,Argentina,228,-26.47871995,-59.30748311,
Los Pocitos,Formosa,Argentina,228,-23.45746869,-61.73848112,
Pozo El Yacaré,Formosa,Argentina,228,-24.07863008,-62.33515725,
Anguá,Corrientes,Argentina,228,-28.33543113,-58.61616407,
Villa Sena,Buenos Aires,Argentina,227,-35.63016891,-62.89332792,
Colonia Beiró Este,Córdoba,Argentina,227,-30.70548596,-61.90435069,
Monte Quemado,Formosa,Argentina,227,-25.86886044,-59.27262291,
Naranjito,Corrientes,Argentina,227,-28.97522552,-59.04570767,
Pago Lindo,Corrientes,Argentina,227,-28.17095856,-58.41451898,
La Estancia,Córdoba,Argentina,226,-31.82832684,-64.5209167,
El Castigado,Salta,Argentina,226,-22.83970821,-63.67611674,
San Pedro,Santiago del Estero,Argentina,226,-26.74361974,-64.39122693,
El Polear,Tucumán,Argentina,226,-27.27894735,-65.2965114,
Isla Soto,Chaco,Argentina,226,-27.83551861,-58.83405495,
Las Palmitas,Corrientes,Argentina,226,-29.022174,-56.51708,
Bardas Blancas,Mendoza,Argentina,226,-35.86745022,-69.80459267,
Barrio Guerrico,Río Negro,Argentina,226,-39.04962252,-67.73671221,
Costa Blanco,Río Negro,Argentina,226,-39.01777553,-67.71839466,
La Quinta,Córdoba,Argentina,225,-31.06190191,-63.15132661,
Colonia San Pedro,Córdoba,Argentina,225,-30.78309082,-61.91792924,
Raíces Este,Entre Ríos,Argentina,225,-31.83695889,-59.37016738,
El Sauce,Salta,Argentina,225,-24.59500348,-65.14770553,
San Carlos,Santiago del Estero,Argentina,225,-29.35561746,-63.31673899,
El Aguacerito,Chaco,Argentina,225,-26.15390993,-60.20051245,
El Paraíso,Mendoza,Argentina,225,-33.05143301,-68.68086708,
Colonia San Jorge,Mendoza,Argentina,225,-33.36323521,-67.97174643,
El Milagro,San Luis,Argentina,225,-33.10090128,-66.36235949,
Colonia Alvear,Entre Ríos,Argentina,224,-32.01143242,-60.61731267,
Colonia Los Ceibos,Entre Ríos,Argentina,224,-32.61900501,-58.42156847,
Paraje Los Algarrobos,Entre Ríos,Argentina,224,-31.53240355,-59.454079,
Divisadero,Salta,Argentina,224,-26.09333446,-66.01233266,
Galeano,Santiago del Estero,Argentina,224,-27.45001707,-64.85649596,
Vipos de Arriba,Tucumán,Argentina,224,-26.47121256,-65.31614998,
Facundo Quiroga,Misiones,Argentina,224,-26.17756627,-53.68398454,
Isla Puén,Formosa,Argentina,224,-25.19405634,-58.06198853,
Las Chacras,San Luis,Argentina,224,-32.56253817,-65.7769023,
Cruz del Sur,Tierra del Fuego,Argentina,224,-53.32721452,-68.26483256,
Coropampa,Salta,Argentina,223,-25.50239471,-65.49073441,
La Estrella,Salta,Argentina,223,-22.37758692,-62.55883093,
Vinal Isla,Santiago del Estero,Argentina,223,-27.47548668,-63.55099757,
Los Guayacanes,Tucumán,Argentina,223,-27.559598,-65.55912353,
Colonia Gobernador Lanusse,Misiones,Argentina,223,-25.97988475,-54.2578436,
San Rafael,Corrientes,Argentina,223,-29.35097005,-59.27738777,
Mogna,San Juan,Argentina,223,-30.69538464,-68.36030762,
Barrio El Nevado,Mendoza,Argentina,223,-34.78813685,-67.97999762,
Alto Pelado,San Luis,Argentina,223,-33.83702882,-66.13907334,
Isla Santiago,Buenos Aires,Argentina,222,-34.84551977,-57.89478261,
Mariano Benítez,Buenos Aires,Argentina,222,-33.7078471,-60.58342201,
El Palenque,Entre Ríos,Argentina,222,-31.65375674,-60.16661646,
Ipizca,Catamarca,Argentina,222,-28.83751028,-65.55879844,
Ranchitos,Santiago del Estero,Argentina,222,-26.44392939,-63.67575059,
San Isidro,Misiones,Argentina,222,-28.00745154,-55.44083343,
Pampa Verde,Chaco,Argentina,222,-26.45693379,-60.05107148,
Las Cañitas,Formosa,Argentina,222,-23.10747913,-62.07044952,
Las Mercedes,Corrientes,Argentina,222,-29.35479942,-59.32984131,
Raiera Sur,Corrientes,Argentina,222,-27.65459471,-58.46969724,
Sagrada Familia,Córdoba,Argentina,221,-31.28932729,-63.44543335,
La Toma,Córdoba,Argentina,221,-30.21351795,-64.00976117,
Balneario Monje,Santa Fe,Argentina,221,-32.33404025,-60.87654837,
Estación Raíces,Entre Ríos,Argentina,221,-31.90855173,-59.26123272,
Juella,Jujuy,Argentina,221,-23.52266199,-65.40001375,
Comunidad Coquena,Jujuy,Argentina,221,-23.74480471,-65.46635597,
La Ciénaga,Tucumán,Argentina,221,-27.10874077,-65.50466193,
San Miguel,San Luis,Argentina,221,-32.54267183,-64.98037931,
Villa La Serranía,Buenos Aires,Argentina,220,-36.98928125,-60.31129146,
Parque Lago,Buenos Aires,Argentina,220,-37.76879493,-57.44484914,
Las Esquinas,Catamarca,Argentina,220,-28.71191644,-65.76666666,
San Patricio,Salta,Argentina,220,-23.91246767,-62.57097317,
Tacanas,Santiago del Estero,Argentina,220,-28.39654989,-63.93340777,
Toro Human,Santiago del Estero,Argentina,220,-25.75070796,-63.89956925,
Santa Lucía,Santiago del Estero,Argentina,220,-28.72673576,-63.50819818,
Tres Bocas,Misiones,Argentina,220,-27.495714,-54.68127594,
Zanjitas,San Luis,Argentina,220,-33.80498073,-66.41504904,
San Huberto,Córdoba,Argentina,219,-31.83465653,-64.99076624,
Isletas Norte,Entre Ríos,Argentina,219,-32.19724877,-60.29116097,
Barrios,Jujuy,Argentina,219,-22.24707217,-65.52926838,
Siete Árboles,Santiago del Estero,Argentina,219,-27.52531215,-64.09493345,
Doña Luisa,Santiago del Estero,Argentina,219,-27.74631978,-64.7252137,
Belén,Tucumán,Argentina,219,-27.64178555,-65.03435066,
Villa Dolores,Tucumán,Argentina,219,-26.6809087,-64.73193544,
El Médano,San Juan,Argentina,219,-30.12701445,-68.68144033,
El Carrizal,San Juan,Argentina,219,-31.56934918,-69.44385584,
Boca de la Quebrada,San Juan,Argentina,219,-30.15058527,-68.66181168,
Ancón,Mendoza,Argentina,219,-33.29404075,-69.17620737,
Los Altares,Chubut,Argentina,219,-43.88611468,-68.411644,
San Germán,Buenos Aires,Argentina,218,-38.30175906,-62.98128493,
De la Canal,Buenos Aires,Argentina,218,-37.12728658,-59.1053808,
Hernán Mejía Miraval,Santiago del Estero,Argentina,218,-27.17718376,-62.46965019,
La Huanaca,Santiago del Estero,Argentina,218,-29.98114749,-62.16943722,
El Duraznillo,Tucumán,Argentina,218,-26.80652049,-65.46621934,
El Rodeito,Tucumán,Argentina,218,-27.37459522,-65.7207137,
Colonia Cabral Cué,Chaco,Argentina,218,-26.91865821,-58.78319614,
Kilómetro 855,Chaco,Argentina,218,-26.43537581,-60.41080066,
Colonia Rusa,Mendoza,Argentina,218,-35.17081041,-67.5386776,
Los Sifones,Mendoza,Argentina,218,-34.96099174,-67.79396833,
Villa San José,Buenos Aires,Argentina,217,-34.09166793,-60.4135038,
Garré Norte,Buenos Aires,Argentina,217,-36.55900537,-62.60505449,
Alcaraz Segundo,Entre Ríos,Argentina,217,-31.23488603,-59.87653363,
Plaza Vieja,La Rioja,Argentina,217,-28.96545953,-67.51623655,
El Quebrachito,Catamarca,Argentina,217,-28.1559795,-65.22657612,
Navicha,Santiago del Estero,Argentina,217,-28.74046252,-62.74015466,
La Guanaca,Santiago del Estero,Argentina,217,-26.75494805,-64.4230215,
Barrio Malvinas,Tucumán,Argentina,217,-26.87475929,-65.6793145,
Villa Venecia,Misiones,Argentina,217,-27.56895918,-55.58396695,
Cataratas del Iguazú,Misiones,Argentina,217,-25.68105424,-54.45335093,
Chucuma,San Juan,Argentina,217,-31.06941614,-67.28211124,
Las Cuatro Esquinas,Buenos Aires,Argentina,216,-34.09238612,-59.10127025,
Santa Catalina,Buenos Aires,Argentina,216,-34.47012679,-59.06025718,
Termas de Santa Teresita,La Rioja,Argentina,216,-28.59053844,-66.55539049,
Central Norte,Chaco,Argentina,216,-25.60954546,-60.93384261,
El Quemado,Formosa,Argentina,216,-23.99971928,-60.9850794,
El Estanque,Formosa,Argentina,216,-23.00798907,-62.29469677,
Goldney,Buenos Aires,Argentina,215,-34.60199027,-59.28744872,
Campo Marengo,Santa Fe,Argentina,215,-30.52475367,-62.04735411,
La Toma,Jujuy,Argentina,215,-24.33705314,-65.36531844,
Buena Vista,Salta,Argentina,215,-25.0219877,-66.09725656,
San Andrés,Salta,Argentina,215,-23.08611652,-64.86798904,
Tala Pozo,Tucumán,Argentina,215,-26.68499125,-64.79471771,
El Lucero,Misiones,Argentina,215,-27.19701256,-54.437846,
Lote 15,Chaco,Argentina,215,-27.19530966,-60.41551195,
El Rincón,Córdoba,Argentina,214,-30.7433263,-64.64739989,
Cuatro Esquinas,Santa Fe,Argentina,214,-33.24426143,-60.7643249,
San Bonifacio,Entre Ríos,Argentina,214,-31.28086207,-58.16823125,
Alto La Torre,Jujuy,Argentina,214,-24.26701542,-65.16932736,
25 de Mayo de Banegas,Santiago del Estero,Argentina,214,-28.59682442,-64.66752749,
Santo Domingo,Santiago del Estero,Argentina,214,-27.33154998,-63.11649838,
Totorillas,Santiago del Estero,Argentina,214,-29.58367283,-63.65067919,
Chira,Santiago del Estero,Argentina,214,-29.09597049,-63.32172173,
Los Mendoza,Tucumán,Argentina,214,-26.71095072,-64.76558182,
Tupí Cuá,Misiones,Argentina,214,-25.97674953,-54.51444254,
Nueva Esperanza,Misiones,Argentina,214,-26.39684497,-53.81200915,
Inga,Corrientes,Argentina,214,-30.11319104,-59.5307243,
Paraje La Lola,Buenos Aires,Argentina,213,-35.54244958,-59.85650744,
Santa María Norte,Santa Fe,Argentina,213,-31.50176645,-61.13678664,
Estación Lazo,Entre Ríos,Argentina,213,-32.87081324,-59.42233037,
Molino Doll,Entre Ríos,Argentina,213,-32.30682497,-60.42308944,
Pueblo General Paz,Entre Ríos,Argentina,213,-31.53205227,-60.0503113,
Terrazas del Río,Salta,Argentina,213,-24.92209097,-65.38629318,
Boca del Tigre,Santiago del Estero,Argentina,213,-27.25070623,-64.72123639,
Pampa Castro,Chaco,Argentina,213,-27.1297977,-61.02162962,
Cacique Coquero,Formosa,Argentina,213,-24.61217039,-60.30030231,
Riocito,San Luis,Argentina,213,-33.09470389,-65.9928176,
Barrio Tres Luces,Río Negro,Argentina,213,-38.95650963,-67.94778536,
Barrio Pinar,Río Negro,Argentina,213,-37.67953386,-67.87369685,
Ñanducita,Santa Fe,Argentina,212,-30.36981887,-61.13337609,
Paraje 29,Santa Fe,Argentina,212,-29.10822453,-60.23928626,
Santa Cruz,La Rioja,Argentina,212,-28.48387901,-67.69372905,
Ceibalito,Salta,Argentina,212,-25.1102343,-64.27519975,
Madrejones,Salta,Argentina,212,-22.33271092,-64.09415224,
Pozo del Toba,Santiago del Estero,Argentina,212,-27.95112176,-61.99653905,
Los Lapachitos,Tucumán,Argentina,212,-26.85584468,-64.87789266,
Los Galpones,Misiones,Argentina,212,-27.79366947,-55.19382586,
Aldea Beleiro,Chubut,Argentina,212,-45.55326821,-71.52263667,
Sauce Pinto,Entre Ríos,Argentina,211,-31.84308234,-60.37160072,
Los Castillos,Catamarca,Argentina,211,-27.9598298,-65.81280441,
El Eje,Catamarca,Argentina,211,-27.27694542,-66.87461587,
Ampolla,Catamarca,Argentina,211,-28.16752318,-65.3148477,
Cobres,Salta,Argentina,211,-23.65050408,-66.2885715,
Quebrachitos,Santiago del Estero,Argentina,211,-29.08620078,-62.84843505,
Tala Pozo,Santiago del Estero,Argentina,211,-28.50169985,-63.47650948,
Iskoy Pozo,Santiago del Estero,Argentina,211,-26.1081254,-63.64125775,
Mala Cara,Santiago del Estero,Argentina,211,-28.41607419,-62.51521334,
Los Menucos,Neuquén,Argentina,211,-37.13114338,-70.39773382,
Sucre,Buenos Aires,Argentina,210,-34.50786185,-59.11426392,
Parque El Timbó,Santa Fe,Argentina,210,-31.46446309,-60.39770989,
Colonia San José,Santa Fe,Argentina,210,-30.41213908,-59.94697149,
Crucesitas Urquiza,Entre Ríos,Argentina,210,-32.02765448,-59.70174217,
Los Tases,Entre Ríos,Argentina,210,-31.58888008,-59.31194411,
Pastos Chicos,Jujuy,Argentina,210,-23.76599118,-66.43737912,
La Esperanza Sur,Salta,Argentina,210,-24.13206726,-62.60453694,
Los Cercos Arriba,Santiago del Estero,Argentina,210,-26.04661949,-64.33326799,
11 de Septiembre,Misiones,Argentina,210,-25.79217791,-53.87812895,
Chiquilihuin,Neuquén,Argentina,210,-39.63022234,-71.1870965,
Barrio La Herradura,Río Negro,Argentina,210,-39.04180579,-67.78148242,
Las Mulitas,Entre Ríos,Argentina,209,-30.37932531,-58.99680207,
El Cedral,Salta,Argentina,209,-23.13335538,-64.28929222,
Guanaco Sombriana,Santiago del Estero,Argentina,209,-28.75835439,-64.07223912,
Isla de los Sotelo,Santiago del Estero,Argentina,209,-27.47179466,-64.69432487,
San Miguel,San Luis,Argentina,209,-32.14091542,-65.81459315,
Barrio El Petróleo,Río Negro,Argentina,209,-39.06237902,-67.511576,
Ingeniero Thompson,Buenos Aires,Argentina,208,-36.61092318,-62.91293478,
Constanza,Santa Fe,Argentina,208,-30.6635181,-61.31973382,
Altamirano Sur,Entre Ríos,Argentina,208,-32.0877801,-59.1747316,
Las Barrancas,Catamarca,Argentina,208,-27.52282232,-67.11171621,
Vizcarra,Salta,Argentina,208,-22.61105037,-65.21958124,
Arazay,Salta,Argentina,208,-22.30396912,-64.71478065,
El Fisco,Santiago del Estero,Argentina,208,-26.56697407,-62.64393569,
Campo Araoz,Chaco,Argentina,208,-26.38286735,-59.21576326,
Salto de la Vieja,Chaco,Argentina,208,-26.92722076,-59.59408914,
Santa Catalina,Corrientes,Argentina,208,-29.89613048,-59.46523391,
Arroyo Mota,Corrientes,Argentina,208,-30.47336471,-57.98444323,
Costa Grande,Corrientes,Argentina,208,-27.43902587,-58.05671953,
Marayes,San Juan,Argentina,208,-31.46344025,-67.35150683,
Cuartel V,Buenos Aires,Argentina,207,-34.97909015,-60.28882194,
Colonia Corral del Bajo,Córdoba,Argentina,207,-32.07511911,-62.80047863,
Colonia Celina,Entre Ríos,Argentina,207,-31.61489448,-60.26624111,
Palca de Varas,Jujuy,Argentina,207,-23.10032518,-65.11030784,
Seclantás Adentro,Salta,Argentina,207,-25.29854543,-66.25237814,
El Tableado,Santiago del Estero,Argentina,207,-27.01837875,-63.61993889,
Ciudacita,Tucumán,Argentina,207,-27.45631051,-65.41908582,
Colonia Tacuruzal,Chaco,Argentina,207,-26.26616349,-60.16561219,
Potrerillo,San Luis,Argentina,207,-32.67555894,-65.64974836,
Suyuque,San Luis,Argentina,207,-33.12809089,-66.28721893,
Solanet,Buenos Aires,Argentina,206,-36.84287486,-58.50816757,
Licenciado Matienzo,Buenos Aires,Argentina,206,-37.90851062,-58.91255421,
La Polola,Buenos Aires,Argentina,206,-38.05245896,-57.82709923,
Los Talas,Catamarca,Argentina,206,-27.95710201,-65.8640856,
Banda de Lucero,Catamarca,Argentina,206,-28.17692827,-67.46961382,
Gramilla,Santiago del Estero,Argentina,206,-28.39976974,-63.09775153,
Las Juntas,Santiago del Estero,Argentina,206,-27.91419133,-64.78229463,
El Remate,Santiago del Estero,Argentina,206,-26.23737545,-64.47114914,
Las Arcas,Tucumán,Argentina,206,-26.16203476,-65.31779724,
Villa Don Bosco,Misiones,Argentina,206,-26.61894824,-54.15393493,
Los Jacintos,Santa Fe,Argentina,205,-30.14282458,-59.89122786,
Vinal Esquina,Santiago del Estero,Argentina,205,-28.42313362,-62.90664485,
Santa Bárbara,Tucumán,Argentina,205,-26.93295978,-65.25581476,
Península,Misiones,Argentina,205,-25.63528986,-54.13099306,
Colonia Sarmiento,Formosa,Argentina,205,-25.21146779,-58.07455041,
Sol de Mayo,Formosa,Argentina,205,-25.164706,-58.35197102,
Colonia Caimán,Corrientes,Argentina,205,-28.05179524,-57.71491777,
Mari Menuco,Neuquén,Argentina,205,-38.54135831,-68.54516972,
El Pantanillo,Catamarca,Argentina,204,-28.53386034,-65.79850154,
San Antonio,Jujuy,Argentina,204,-24.21868284,-64.80678748,
La Huerta,Salta,Argentina,204,-22.23865166,-65.01550119,
San Antonio,Santiago del Estero,Argentina,204,-26.5836836,-63.27282613,
San Francisco,Santiago del Estero,Argentina,204,-26.52267842,-62.57535794,
Maderas,Santiago del Estero,Argentina,204,-27.58952535,-63.62403486,
El Hoyo,Santiago del Estero,Argentina,204,-27.015074,-63.23357238,
Santa Rita,Tucumán,Argentina,204,-27.16894037,-65.36415056,
Pampa Ávila,Chaco,Argentina,204,-26.98874581,-61.52552748,
Entre Ríos,San Juan,Argentina,204,-30.0883609,-68.67874582,
La Constancia,Buenos Aires,Argentina,203,-37.2263466,-58.76010441,
Puente Urquiza,Buenos Aires,Argentina,203,-33.91280625,-58.89232007,
Aldea San Miguel,Entre Ríos,Argentina,203,-32.08189669,-60.17037851,
La Posta,Entre Ríos,Argentina,203,-31.6312601,-59.18609408,
Cortaderas,Catamarca,Argentina,203,-28.27383575,-65.17193859,
Blanca Pozo,Santiago del Estero,Argentina,203,-28.71101662,-63.10780092,
Pacará,Santiago del Estero,Argentina,203,-27.11902796,-64.76947366,
Villa Cooperativa,Misiones,Argentina,203,-25.94419577,-54.54494107,
El Recreo,Formosa,Argentina,203,-25.04078048,-59.29424164,
Riacho Lindo,Formosa,Argentina,203,-26.42462567,-58.55391308,
Sarandí,Corrientes,Argentina,203,-30.12968233,-59.45163971,
Dique El Carrizal,Mendoza,Argentina,203,-33.31187157,-68.71309227,
Doctor Oscar Atilio Viglione (Frontera de Río Pico),Chubut,Argentina,203,-44.19136733,-71.66422068,
Ramos Otero,Buenos Aires,Argentina,202,-37.54089492,-58.34060512,
Pontaut,Buenos Aires,Argentina,202,-37.73174985,-61.32360715,
Esquina del Alambre,Córdoba,Argentina,202,-30.60082941,-64.90920761,
Loma Alta,Santa Fe,Argentina,202,-31.96195712,-61.17671132,
Colonia Crespo,Entre Ríos,Argentina,202,-31.68288122,-60.23108189,
San Ramírez,Entre Ríos,Argentina,202,-30.46310643,-59.34010023,
Punta Bonita,Entre Ríos,Argentina,202,-31.21513888,-57.98222665,
Las Cejas,Tucumán,Argentina,202,-27.299288,-65.29442977,
El Asustado,Chaco,Argentina,202,-25.97580145,-60.27711299,
Cañaditas,Corrientes,Argentina,202,-30.1900431,-59.06057774,
Prahuaniyeu,Río Negro,Argentina,202,-41.33808274,-67.90508596,
Villa Lago Azul,Córdoba,Argentina,201,-31.37340982,-64.48319768,
El Pantanillo,Córdoba,Argentina,201,-31.88327111,-64.99016319,
La Barranquita,Córdoba,Argentina,201,-33.11387681,-64.84064762,
Villa El Perchel,Jujuy,Argentina,201,-23.46187875,-65.35504492,
San Jorge,Santiago del Estero,Argentina,201,-27.21201394,-63.5287977,
Pozo Sumi,Santiago del Estero,Argentina,201,-27.94426771,-63.90951567,
Campo La Flor,Tucumán,Argentina,201,-26.95291637,-65.00659951,
Pichao,Tucumán,Argentina,201,-26.35676664,-66.02867605,
San José,Misiones,Argentina,201,-27.24764981,-54.46981838,
Casco Cué,Formosa,Argentina,201,-25.76749579,-59.13544728,
Ocanto Cué,Corrientes,Argentina,201,-27.9300788,-58.77173901,
Punta del Agua,San Juan,Argentina,201,-32.04083148,-68.16837193,
Velloso,Buenos Aires,Argentina,200,-36.12056972,-59.65186883,
Pacheco de Melo,Córdoba,Argentina,200,-33.75844602,-63.49030233,
Monte Potrero,Catamarca,Argentina,200,-28.1790227,-65.6627542,
Rinconadillas,Jujuy,Argentina,200,-23.38550126,-65.95705234,
Santa Rosa de los Pastos Grandes,Salta,Argentina,200,-24.46761527,-66.67356646,
El Negrito,Santiago del Estero,Argentina,200,-27.34457556,-63.25200862,
Campos de Cejas,Santiago del Estero,Argentina,200,-29.06051712,-63.42301421,
El Mojón,Tucumán,Argentina,200,-27.22707412,-64.92003247,
Picada Propaganda,Misiones,Argentina,200,-27.2048703,-54.84854997,
Paso Sosa,Chaco,Argentina,200,-25.56186541,-60.4170159,
Lote 219,Formosa,Argentina,200,-26.2302777,-59.30465861,
Paso Vallejos,Corrientes,Argentina,200,-30.25132955,-57.7786529,
Algarrobo Verde,San Juan,Argentina,200,-31.7726766,-68.30444502,
Hortensia,Buenos Aires,Argentina,199,-35.92423318,-61.26285078,
El Sauce,Entre Ríos,Argentina,199,-33.10197804,-58.57888769,
Brazo Largo,Entre Ríos,Argentina,199,-33.85936594,-58.8753171,
Yacaré,Entre Ríos,Argentina,199,-30.48297037,-59.50842104,
La Quena,Salta,Argentina,199,-23.24706349,-64.13692108,
El Bañado,Tucumán,Argentina,199,-26.45183902,-65.98429986,
Saltos del Moconá,Misiones,Argentina,199,-27.15338811,-53.90156058,
La Ballenera,Buenos Aires,Argentina,198,-38.15978126,-57.97629751,
Tala Huasi,Córdoba,Argentina,198,-31.4733149,-64.56694306,
La Rosada,Entre Ríos,Argentina,198,-31.55420436,-58.03682623,
La Majada,Catamarca,Argentina,198,-29.02916608,-65.54672461,
Isla Verde,Santiago del Estero,Argentina,198,-28.6630261,-64.13580927,
Lago Muyoj,Santiago del Estero,Argentina,198,-28.70765908,-62.80846911,
La Estancita,Santiago del Estero,Argentina,198,-27.91809419,-64.52397326,
El Chilcal,Tucumán,Argentina,198,-27.03281286,-65.08878197,
Almafuerte,Misiones,Argentina,198,-26.98518209,-54.70110578,
Kilómetro 841,Chaco,Argentina,198,-26.56238072,-60.39204544,
Puente Pexoa,Corrientes,Argentina,198,-27.5602135,-58.72523719,
Cocalito,Corrientes,Argentina,198,-29.32545989,-59.31642155,
Maruchas,Corrientes,Argentina,198,-29.21308977,-59.03006665,
Barrio Lagunas de Bartoluzzi,Mendoza,Argentina,198,-32.61244797,-68.56223377,
Colonia Jáuregui,Mendoza,Argentina,198,-34.88045229,-67.84828115,
Talita,San Luis,Argentina,198,-32.24895236,-65.58323823,
Blancagrande,Buenos Aires,Argentina,197,-36.53453245,-60.88539274,
Country Campos de Roca I,Buenos Aires,Argentina,197,-35.10869664,-58.09976444,
Las Saladas,Córdoba,Argentina,197,-30.75960088,-63.20427581,
Campo Esnaola,Córdoba,Argentina,197,-34.0612072,-64.44283538,
Chilcas,Entre Ríos,Argentina,197,-32.28460296,-60.22727205,
Los Arenales,Chaco,Argentina,197,-26.70166359,-61.45579393,
Colonia Sarmiento,Formosa,Argentina,197,-24.6439212,-59.43405861,
Loma Tuyutu,Formosa,Argentina,197,-25.08647841,-58.33754297,
El Bonete,Corrientes,Argentina,197,-28.89231189,-58.99690245,
Las Aguaditas,Mendoza,Argentina,197,-34.70850773,-68.06397388,
Base Aeronaval Punta Indio,Buenos Aires,Argentina,196,-35.3564379,-57.3050128,
Pueblo Santa Lucía,Santa Fe,Argentina,196,-29.28191708,-60.40267559,
Kilómetro 115,Santa Fe,Argentina,196,-28.82476014,-60.22340517,
Alarcón,Entre Ríos,Argentina,196,-33.15464016,-58.9882838,
Coctaca,Jujuy,Argentina,196,-23.15420773,-65.29350396,
Breayoj,Santiago del Estero,Argentina,196,-28.58569797,-63.33188263,
Rincón de Valderrama,Tucumán,Argentina,196,-27.15575041,-65.40046196,
La Fronterita,Tucumán,Argentina,196,-26.61026864,-65.8781772,
Guabichú,Misiones,Argentina,196,-27.04528359,-54.04079772,
La Sultana,Mendoza,Argentina,196,-32.78499042,-68.30208939,
Aguada San Roque,Neuquén,Argentina,196,-37.99867478,-68.9229086,
Pueblo Gouin,Buenos Aires,Argentina,195,-34.49355836,-59.80135467,
Guiñazú Norte,Córdoba,Argentina,195,-31.30773397,-64.17544237,
Colonia La Argentina,Córdoba,Argentina,195,-34.18349095,-64.41572419,
Jagüé,La Rioja,Argentina,195,-28.66372118,-68.38574054,
El Totoral,La Rioja,Argentina,195,-31.71009017,-66.40480798,
San Pablo,Catamarca,Argentina,195,-28.70019247,-66.03707068,
Asampay,Catamarca,Argentina,195,-27.3457546,-67.05886001,
San Gregorio,Santiago del Estero,Argentina,195,-28.62265667,-64.13347962,
Loma Grande,Santiago del Estero,Argentina,195,-27.72647397,-64.4923932,
San Juan,Santiago del Estero,Argentina,195,-28.46325384,-64.19550702,
San Vicente,Santiago del Estero,Argentina,195,-28.48707685,-64.13512527,
Los Robles,Tucumán,Argentina,195,-27.16429011,-65.43149061,
Mora,Corrientes,Argentina,195,-29.39251049,-59.12170593,
Ranquil Norte,Mendoza,Argentina,195,-36.65937679,-69.82911889,
Las Barranquitas,San Luis,Argentina,195,-33.17028224,-66.06169925,
Barrio Colonia Conesa,Río Negro,Argentina,195,-40.15103595,-64.34859181,
Quimey Mahuida,Río Negro,Argentina,195,-41.2512583,-71.45434198,
Barrio La Pasarela,Río Negro,Argentina,195,-39.01360957,-67.88649586,
Los Cerrillos,Buenos Aires,Argentina,194,-35.69162298,-58.70257682,
Villa Corazón de María,Córdoba,Argentina,194,-31.44399135,-63.99576476,
Paso del Durazno,Córdoba,Argentina,194,-33.16855877,-64.04892171,
Costa Grande Sur,Entre Ríos,Argentina,194,-32.21182269,-60.49180956,
Piedritas,Jujuy,Argentina,194,-24.29575615,-64.88217718,
Sansana Norte,Jujuy,Argentina,194,-22.12129074,-65.56722105,
Lote 48,Santiago del Estero,Argentina,194,-26.53598825,-62.73456229,
Bajo Hondo,Santiago del Estero,Argentina,194,-26.59694063,-64.48082172,
El Corralito,Santiago del Estero,Argentina,194,-26.18226522,-64.27309199,
Gonzalo,Tucumán,Argentina,194,-26.40615977,-65.55425495,
Picada Guaraní,Misiones,Argentina,194,-27.21982843,-54.35519151,
El Divisadero,Formosa,Argentina,194,-23.3943046,-61.94398569,
Barrio Santa Rosa,Corrientes,Argentina,194,-27.64624189,-58.74174863,
Paso San Juan,Corrientes,Argentina,194,-29.64312369,-59.34389076,
Santa Rita,Corrientes,Argentina,194,-29.72054512,-59.43243847,
Aucapán,Neuquén,Argentina,194,-39.65013021,-71.05629531,
Lagunita Salada,Chubut,Argentina,194,-42.74223275,-69.14900587,
Arroyo Venado,Buenos Aires,Argentina,193,-37.08215722,-62.5403088,
Villa Alpina,Córdoba,Argentina,193,-31.95636,-64.81345649,
Ramón José Cárcano,Córdoba,Argentina,193,-32.49115753,-63.10423363,
Villa Casana,La Rioja,Argentina,193,-31.11274028,-66.55181099,
La Puerta,Santiago del Estero,Argentina,193,-27.63408253,-64.62289394,
Finca León Cornet,Tucumán,Argentina,193,-27.30521298,-65.61880412,
Tres Horquetas,Chaco,Argentina,193,-26.96666615,-58.59879967,
Laguna del Sargento,Chaco,Argentina,193,-27.12905095,-61.22323409,
Posta Rolando,Buenos Aires,Argentina,192,-38.63045395,-61.98861078,
Coronel Rodolfo Bunge,Buenos Aires,Argentina,192,-37.57306013,-60.13766023,
Parque Calmayo,Córdoba,Argentina,192,-32.02546988,-64.46467907,
Justo José de Urquiza,Entre Ríos,Argentina,192,-31.9745022,-59.64290028,
Cantina Bonaldo,Entre Ríos,Argentina,192,-31.72219233,-59.34960962,
Rodeo Colorado,Salta,Argentina,192,-22.66065385,-65.1791267,
Mistol Muyoj,Santiago del Estero,Argentina,192,-27.72537848,-64.75801358,
La Tuna,Tucumán,Argentina,192,-26.75045202,-64.69739313,
Colonia Jacarandá Sur,Chaco,Argentina,192,-27.75108282,-61.13097074,
Batel,Corrientes,Argentina,192,-28.9711483,-58.76209309,
Villa Catedral,Río Negro,Argentina,192,-41.1676215,-71.44021373,
La Invencible,Buenos Aires,Argentina,191,-34.26701813,-60.38580282,
San José Norte,Catamarca,Argentina,191,-27.98712303,-67.59460681,
Pampichuela,Jujuy,Argentina,191,-23.5545916,-65.0081791,
Los Pinos,Salta,Argentina,191,-24.92942605,-65.42045251,
Puerta de los Ríos,Santiago del Estero,Argentina,191,-29.64714394,-63.63522043,
Malota,Santiago del Estero,Argentina,191,-28.98007763,-63.26439505,
Lote 106,Chaco,Argentina,191,-26.69611272,-60.25171981,
Colonia Unión Escuelas,Formosa,Argentina,191,-24.77438099,-59.6880162,
Pampayasta Norte,Córdoba,Argentina,190,-32.24099723,-63.64297557,
Colonia Coyunda,Córdoba,Argentina,190,-31.17912563,-62.95290506,
Paraje La Costa,Santa Fe,Argentina,190,-31.51535542,-60.61321148,
Colonia Ana,Santa Fe,Argentina,190,-30.14374871,-61.91369255,
San Nicolás,La Rioja,Argentina,190,-29.11503683,-67.47359905,
Remes,Santiago del Estero,Argentina,190,-27.8548297,-64.53234239,
Chañar Pozo,Santiago del Estero,Argentina,190,-26.9677376,-63.6846419,
Los Gallegos,Santiago del Estero,Argentina,190,-28.21530201,-64.05408896,
San José,Tucumán,Argentina,190,-27.4937342,-65.67591207,
Macaca,Misiones,Argentina,190,-26.38666884,-53.77256522,
Alborada,Misiones,Argentina,190,-27.51309245,-54.63907427,
Puerto Bastiani,Chaco,Argentina,190,-27.31998909,-59.09139588,
Vences,Corrientes,Argentina,190,-27.78213408,-58.16841876,
Paso Trementina,Corrientes,Argentina,190,-29.57521376,-59.22705371,
Estación Jocolí,Mendoza,Argentina,190,-32.58901076,-68.69431574,
Bajo Hondo,Buenos Aires,Argentina,189,-38.76279649,-61.92051287,
Estación Humboldt,Santa Fe,Argentina,189,-31.42083754,-61.08917422,
El Ramblón,Entre Ríos,Argentina,189,-31.84687648,-60.10125212,
Colonia La Gloria,Entre Ríos,Argentina,189,-31.06534111,-58.0931004,
Valle Colorado,Jujuy,Argentina,189,-23.41373535,-64.93341919,
Los Baños,Salta,Argentina,189,-25.83459242,-64.9149257,
Nueva Esperanza,Santiago del Estero,Argentina,189,-26.03384735,-63.31800594,
El Porvenir,Santiago del Estero,Argentina,189,-26.29225996,-62.68744584,
El Puestito,Santiago del Estero,Argentina,189,-28.26972414,-64.84290305,
El Rincón,Santiago del Estero,Argentina,189,-26.75144429,-64.53093037,
La Aguada,Santiago del Estero,Argentina,189,-27.53838478,-64.80673529,
La Esperanza,Tucumán,Argentina,189,-27.65644761,-65.08929133,
Anfama,Tucumán,Argentina,189,-26.74304691,-65.56276247,
La Matanza,Chaco,Argentina,189,-26.52139963,-60.16432688,
Santa María,Corrientes,Argentina,189,-30.2213078,-59.20256722,
Paso Itú,Corrientes,Argentina,189,-29.05269238,-56.55975051,
Colonia Suiza,Río Negro,Argentina,189,-41.09453426,-71.50861397,
Aldea Epulef,Chubut,Argentina,189,-43.32082274,-69.69229316,
La Paisanita,Córdoba,Argentina,188,-31.72093982,-64.48192749,
La Pedrera,Salta,Argentina,188,-24.86737142,-65.36418342,
El Mojoncito,Santiago del Estero,Argentina,188,-28.34343971,-64.89223816,
San Carlos,Santiago del Estero,Argentina,188,-27.67194779,-64.89206973,
Colonia Polana,Misiones,Argentina,188,-26.98199339,-55.31822555,
Fachinal,Misiones,Argentina,188,-27.62888351,-55.70455581,
El Susto,Misiones,Argentina,188,-25.98872722,-54.29138835,
Arerungua,Corrientes,Argentina,188,-27.5612214,-57.44207756,
Sovén,San Luis,Argentina,188,-34.21959946,-65.40206158,
Las Bandurrias,Neuquén,Argentina,188,-40.16256626,-71.37658349,
La Bellaca,Buenos Aires,Argentina,187,-34.8362545,-60.81092607,
Crucesitas Tercera,Entre Ríos,Argentina,187,-32.13991775,-59.72970769,
Villa Libertad,Entre Ríos,Argentina,187,-32.57222523,-59.80890998,
Andolucas,La Rioja,Argentina,187,-28.50047509,-67.13514523,
Ñoqueve,La Rioja,Argentina,187,-31.20728797,-66.75152556,
La Dorada,Catamarca,Argentina,187,-29.24482116,-65.48254851,
Las Lajas,Catamarca,Argentina,187,-27.83815919,-65.72946536,
Colonia Libertad,Santiago del Estero,Argentina,187,-28.86095299,-62.66942979,
San José Norte,Santiago del Estero,Argentina,187,-28.2945624,-63.61228508,
Paso de la Valentina,Tucumán,Argentina,187,-27.04219751,-65.25806661,
Kilómetro 14,Formosa,Argentina,187,-24.6119411,-60.51192125,
Colonia Buena Vista,Corrientes,Argentina,187,-30.53465851,-57.96113123,
Las Chacras,San Luis,Argentina,187,-32.63605288,-66.13945072,
Dique El Chañar,Neuquén,Argentina,187,-38.57674184,-68.38975249,
Carlos Salas,Buenos Aires,Argentina,186,-35.39233764,-61.99262844,
Guasapampa,Córdoba,Argentina,186,-31.10159295,-65.32920935,
Jacinto L. Aráuz,Santa Fe,Argentina,186,-30.73429822,-60.97555333,
Papachacra,Catamarca,Argentina,186,-27.01050042,-66.89889575,
Sumalao,Salta,Argentina,186,-25.05633911,-65.45295576,
Campo Carrera,Salta,Argentina,186,-22.8602803,-65.21647278,
Luján,Santiago del Estero,Argentina,186,-28.51598014,-62.93451111,
La Esperanza,Santiago del Estero,Argentina,186,-27.56545762,-63.56217348,
La Fortuna,Santiago del Estero,Argentina,186,-26.68361418,-64.5679563,
Alto del Puesto,Tucumán,Argentina,186,-27.64189822,-65.50896807,
Colonia El Olvido,Formosa,Argentina,186,-26.05509638,-58.96282609,
San Martín,Corrientes,Argentina,186,-30.06859444,-58.77832926,
Las Aguadas,San Luis,Argentina,186,-32.37588435,-65.50113501,
Udaquiola,Buenos Aires,Argentina,185,-36.5623679,-58.53469632,
Estancia Las Lilas,Buenos Aires,Argentina,185,-34.73564801,-59.12097709,
Azucena,Buenos Aires,Argentina,185,-37.485589,-59.29213255,
Villa San Esteban,Córdoba,Argentina,185,-31.63377541,-62.89706623,
Caseros Este,Córdoba,Argentina,185,-31.52010261,-64.04591641,
Doctor Barros Pazos,Santa Fe,Argentina,185,-29.20502303,-59.75095985,
Colonia Mallmann,Santa Fe,Argentina,185,-30.33173111,-62.06354314,
Paraje Las Tunas,Entre Ríos,Argentina,185,-31.86859656,-59.72886407,
Campo Rebechi,Entre Ríos,Argentina,185,-31.18761252,-59.86120899,
Don Cristóbal Segundo,Entre Ríos,Argentina,185,-32.1523265,-59.96903491,
La Mesada,Catamarca,Argentina,185,-27.44415494,-66.00221265,
Barrio Artaza,Catamarca,Argentina,185,-27.69813679,-67.03049944,
La Toma,Catamarca,Argentina,185,-27.59126517,-67.10318495,
Casabindo,Jujuy,Argentina,185,-22.98682792,-66.03292615,
Yala de Monte Carmelo,Jujuy,Argentina,185,-23.43654048,-65.18528439,
Santa Rosa,Santiago del Estero,Argentina,185,-28.51205342,-64.44637194,
Vipos,Tucumán,Argentina,185,-26.48104059,-65.34667513,
Lote 76,Chaco,Argentina,185,-25.64014083,-60.94511118,
El Boquerón,Chaco,Argentina,185,-26.21434182,-60.25236845,
La Llave,Chaco,Argentina,185,-26.39264266,-60.302239,
Riacho de Oro,Formosa,Argentina,185,-25.59102626,-60.06498357,
La Sirena,Formosa,Argentina,185,-26.09376345,-59.27317198,
De La Llave,Buenos Aires,Argentina,184,-35.44246614,-58.52200973,
Solar de los Molinos,Córdoba,Argentina,184,-31.8684545,-64.53665174,
Colonia Las Pepas,Entre Ríos,Argentina,184,-32.10319644,-58.62506642,
Cóndor Huasi,Catamarca,Argentina,184,-27.5976937,-65.97937061,
Piscuno,Jujuy,Argentina,184,-21.9351275,-65.95092569,
El Algarrobal,Salta,Argentina,184,-25.10369635,-64.1658124,
Ampato Pozo,Santiago del Estero,Argentina,184,-26.22932289,-64.46736324,
Los Trejos,Tucumán,Argentina,184,-27.48967569,-65.35595486,
La Tuquita,Tucumán,Argentina,184,-26.63478122,-65.38253166,
Paso Coronel,Corrientes,Argentina,184,-29.1787795,-58.85328675,
La Estrella,Corrientes,Argentina,184,-30.05731534,-58.80920908,
Baldes de Astica,San Juan,Argentina,184,-30.91623674,-67.242973,
Benitez,Buenos Aires,Argentina,183,-34.96714398,-60.12713979,
Chañar Viejo,Córdoba,Argentina,183,-29.99840498,-63.85273423,
Intiyaco,Córdoba,Argentina,183,-31.96062419,-64.71930202,
Grutly Norte,Santa Fe,Argentina,183,-31.21702496,-61.10303847,
La Ciénaga de Abajo,Catamarca,Argentina,183,-27.52108103,-66.98632505,
Los Morteritos,Catamarca,Argentina,183,-26.93977302,-66.64080455,
Telaritos,Catamarca,Argentina,183,-29.47445708,-65.65724955,
Santa Rosa,Salta,Argentina,183,-25.68116196,-66.07356452,
Campo del Cisne,Santiago del Estero,Argentina,183,-29.73214042,-63.21724131,
Mirella,Santiago del Estero,Argentina,183,-27.78774243,-64.02749435,
El Sunchal (comuna Esquina y Mancopa),Tucumán,Argentina,183,-27.01462398,-65.19006991,
Cochico,Neuquén,Argentina,183,-36.48417491,-70.22204116,
La Negra,Buenos Aires,Argentina,182,-34.6537718,-59.82840677,
Principado Ciudad Náutica,Buenos Aires,Argentina,182,-34.93933821,-58.49416805,
Villa La Ribera,Córdoba,Argentina,182,-32.26663251,-64.52471538,
Colonia Wingeyer,Santa Fe,Argentina,182,-29.47690748,-59.75678362,
Yeso Sur,Entre Ríos,Argentina,182,-31.0124257,-59.42812657,
Argentina,Santiago del Estero,Argentina,182,-29.5347107,-62.26713968,
Pueblo de Dios,Tucumán,Argentina,182,-26.88312554,-65.07071271,
Guardamonte,Tucumán,Argentina,182,-27.35288123,-65.0845153,
Colonia Castelli,Chaco,Argentina,182,-26.01080114,-60.60317432,
Boca Riacho Pilagás,Formosa,Argentina,182,-26.06978124,-57.97802452,
Caabí Poí,Corrientes,Argentina,182,-27.84527879,-56.1957873,
Las Tapias,San Juan,Argentina,182,-31.45788777,-68.56645284,
El Rastreador,Córdoba,Argentina,181,-33.66618345,-63.53933292,
Colonia Oficial Nº 14,Entre Ríos,Argentina,181,-30.5443539,-59.3407783,
Colonia San Pedro,Entre Ríos,Argentina,181,-30.72985088,-59.51035916,
Colonia Oficial 2,Entre Ríos,Argentina,181,-31.84429619,-59.31613213,
Puni Tajo,Santiago del Estero,Argentina,181,-28.39334761,-62.9064024,
Taco Totorayoj,Santiago del Estero,Argentina,181,-28.72126651,-63.33640981,
Pampa Páez,Chaco,Argentina,181,-27.37077736,-60.96719139,
Rincón de Luna,Corrientes,Argentina,181,-29.28061765,-59.08082376,
Andalhualá,Catamarca,Argentina,180,-26.87735891,-66.04740981,
Paso de las Lanzas,Tucumán,Argentina,180,-26.52163177,-64.8651511,
San José,Tucumán,Argentina,180,-26.86325391,-64.79368881,
Arenillas,Tucumán,Argentina,180,-27.12734608,-65.44086772,
Santa Rosa,Misiones,Argentina,180,-26.43531328,-53.88461118,
Colonia Blas Parera,Chaco,Argentina,180,-27.0893242,-60.23818655,
Paso Bermúdez,Corrientes,Argentina,180,-30.19098499,-58.96036068,
Los Cipreses,Chubut,Argentina,180,-43.18335836,-71.64160354,
San Pedro de Gütemberg,Córdoba,Argentina,179,-29.69836502,-63.56068802,
Fidela,Santa Fe,Argentina,179,-31.05264427,-61.80025052,
El Piave,Santa Fe,Argentina,179,-28.42091043,-59.45992351,
Laguna San Miguel,Jujuy,Argentina,179,-23.93171411,-64.5043423,
Antonio Quijarro,Salta,Argentina,179,-22.83639311,-63.83108743,
Hualfín,Salta,Argentina,179,-25.75873428,-66.40497647,
Loro Huasi,Santiago del Estero,Argentina,179,-27.42607887,-64.83694438,
Puesto Los Pérez,Tucumán,Argentina,179,-27.8059661,-65.37148045,
El Atento,Chaco,Argentina,179,-24.94325097,-61.48522344,
La Tablada,Buenos Aires,Argentina,178,-34.58791247,-60.48541359,
Eufrasio Loza,Córdoba,Argentina,178,-29.92473822,-63.5908148,
Cuatro Vientos,Córdoba,Argentina,178,-33.07325301,-64.57912076,
San Rafael,Salta,Argentina,178,-25.80856065,-65.96884144,
Campo Alegre,Santiago del Estero,Argentina,178,-28.53045142,-63.05122928,
El Rincón,Tucumán,Argentina,178,-27.39274982,-65.69561018,
El Vizcacheral,Tucumán,Argentina,178,-27.42096657,-65.1377104,
El Paraíso,Misiones,Argentina,178,-27.98255991,-55.75024669,
Colonia Lalelay,Chaco,Argentina,178,-26.33896658,-60.24317485,
Pampa Verde,Chaco,Argentina,178,-26.51521221,-59.97119609,
Colonia Nueva,Santa Fe,Argentina,177,-31.36211083,-61.14517941,
El Cero,Santiago del Estero,Argentina,177,-27.10698249,-63.65108109,
Totora Pampa,Santiago del Estero,Argentina,177,-28.46330118,-64.12770094,
La Resbalosa,Santiago del Estero,Argentina,177,-28.74148421,-64.2137077,
Colonia La Avanzada,Chaco,Argentina,177,-27.78582417,-60.89204034,
Puesto Cabo Yrigoyen,Formosa,Argentina,177,-23.23391898,-61.76204827,
Arroyo Balmaceda,Corrientes,Argentina,177,-27.78377128,-57.31207651,
Los Carrizos,Neuquén,Argentina,177,-37.1202805,-70.77001964,
San Ignacio,Neuquén,Argentina,177,-39.88924412,-70.77425682,
Segunda Usina,Córdoba,Argentina,176,-32.1650007,-64.37918413,
Cululú,Santa Fe,Argentina,176,-31.20609214,-60.93001901,
Colonia Bigand,Santa Fe,Argentina,176,-31.06688218,-61.71951471,
Colonia Argentina,Entre Ríos,Argentina,176,-31.69667047,-60.14943416,
Las Tunas,Catamarca,Argentina,176,-28.15168394,-65.37311783,
Lagunillas de Farallón,Jujuy,Argentina,176,-22.46214525,-66.62796759,
Hornillos,Jujuy,Argentina,176,-22.07193728,-65.99403994,
El Porvenir,Salta,Argentina,176,-25.49417114,-63.9682614,
Los Rosales,Salta,Argentina,176,-25.59190009,-63.98774156,
Aerolito,Santiago del Estero,Argentina,176,-27.23419688,-62.37876568,
Villa Nueva,Santiago del Estero,Argentina,176,-26.28583173,-64.41833672,
Caá - Yarí,Misiones,Argentina,176,-27.48487531,-55.29896096,
El Cruce,Misiones,Argentina,176,-27.87516848,-55.69468635,
Colonia Brandsen Norte,Chaco,Argentina,176,-26.88399014,-59.82658384,
El Palmarcito,Formosa,Argentina,176,-22.93394524,-62.28369579,
Rincón del Pago,Corrientes,Argentina,176,-29.67086978,-59.16357208,
Las Cortaderas,Neuquén,Argentina,176,-39.39048678,-70.15867996,
Paraje Starace,Buenos Aires,Argentina,175,-35.22730761,-57.71917547,
Achalco,Catamarca,Argentina,175,-28.36923866,-65.16218764,
San Pedro,Santiago del Estero,Argentina,175,-28.06956629,-63.56256227,
Balde de la Punta,Catamarca,Argentina,174,-29.54950715,-65.58784102,
Macueta,Salta,Argentina,174,-22.05126703,-63.88601153,
Huajla,Santiago del Estero,Argentina,174,-28.45737659,-63.93666066,
Colonia Alcira,Santiago del Estero,Argentina,174,-28.57605926,-63.02343172,
Colonia Isla,Santiago del Estero,Argentina,174,-28.64579206,-62.96839046,
La Encrucijada,Santiago del Estero,Argentina,174,-27.24090365,-64.73508324,
El 14,Tucumán,Argentina,174,-26.38989672,-64.69664834,
Güemes de Arco,Tucumán,Argentina,174,-27.31723191,-65.30016968,
Chafaríz,Misiones,Argentina,174,-27.39504804,-54.32030743,
Legua 19,Chaco,Argentina,174,-26.74308768,-60.17367975,
Cebollas,Corrientes,Argentina,174,-28.52111096,-58.76956891,
Paranacito,Corrientes,Argentina,174,-29.08251641,-59.05744242,
Rincón de Ambrosio,Corrientes,Argentina,174,-28.24329782,-58.83926143,
Ordoqui,Buenos Aires,Argentina,173,-35.88057048,-61.1601649,
Atahona,Córdoba,Argentina,173,-30.90296743,-63.70632949,
Arroyo Sepultura,Entre Ríos,Argentina,173,-33.4416395,-59.89162442,
Villa Lila,Entre Ríos,Argentina,173,-33.13086909,-58.76504049,
Campo García,Entre Ríos,Argentina,173,-32.07016369,-60.21953399,
Casa de Piedra,La Pampa,Argentina,173,-38.15455259,-67.15249741,
San Felipe,Salta,Argentina,173,-25.71752185,-64.83682753,
Palo a Pique,Salta,Argentina,173,-24.26062832,-63.44396111,
Colte,Salta,Argentina,173,-25.28615991,-66.21559645,
Pozo El Bravo,Salta,Argentina,173,-22.67154114,-62.88825392,
La Calera,Tucumán,Argentina,173,-26.75309137,-65.11342146,
El Carmen,Tucumán,Argentina,173,-26.93353433,-65.17798647,
Los Vallejos,Tucumán,Argentina,173,-27.33328635,-65.63276611,
Picada Galitziana,Misiones,Argentina,173,-27.55559857,-55.45910291,
Paraje Santa Rosa,Corrientes,Argentina,173,-29.33943077,-59.36618749,
Alcaparrosa,San Juan,Argentina,173,-31.30398919,-69.41395429,
Río Juan Gómez,San Luis,Argentina,173,-32.60482166,-66.0862764,
Barrio Unión,Río Negro,Argentina,173,-39.15981327,-66.19054523,
Treorcki Oeste,Chubut,Argentina,173,-43.27647242,-65.4346009,
Candelaria Sur,Córdoba,Argentina,172,-30.83896745,-63.80126805,
Los Mistoles,Córdoba,Argentina,172,-30.6266872,-63.88611729,
Pedanía Yucat,Córdoba,Argentina,172,-32.38088825,-63.30760582,
Casalegno,Santa Fe,Argentina,172,-32.26300847,-61.12646804,
Estación Brazo Largo,Entre Ríos,Argentina,172,-33.86227248,-58.94780527,
Palmares,Santiago del Estero,Argentina,172,-27.48062796,-64.14068003,
Santa Rosa,Santiago del Estero,Argentina,172,-26.80757003,-64.01792547,
La Cruz de Arriba,Tucumán,Argentina,172,-26.6282928,-64.91059713,
Las Ánimas,Tucumán,Argentina,172,-27.66508343,-65.18024755,
Luján,Misiones,Argentina,172,-26.71285063,-54.23606136,
Pampa Barrera,Chaco,Argentina,172,-27.21797243,-61.26498724,
El Polenom,Chaco,Argentina,172,-24.95016673,-61.46419978,
Lote 108 Ladrillería,Formosa,Argentina,172,-26.28729866,-59.34834697,
Sauce Verde,Buenos Aires,Argentina,171,-34.65587453,-60.40418661,
San Fernando Norte,Catamarca,Argentina,171,-27.28319418,-66.90550785,
Pulpera,Jujuy,Argentina,171,-22.36538893,-65.59942005,
El Pescadito,Salta,Argentina,171,-22.94780069,-63.2872473,
San Miguel,Salta,Argentina,171,-22.59125126,-62.83041637,
Barrancas Coloradas,Santiago del Estero,Argentina,171,-28.35742144,-63.81280508,
Pampa Atún,Santiago del Estero,Argentina,171,-28.01192167,-64.01512112,
Las Cejas,Tucumán,Argentina,171,-26.96232911,-65.10600735,
Los Laureles Sur,Tucumán,Argentina,171,-27.04766929,-65.47194372,
Pampa Moreno,Chaco,Argentina,171,-27.0368945,-61.35735331,
San Miguel de los Sauces,Mendoza,Argentina,171,-32.29859721,-67.53512595,
Colonia Española,Mendoza,Argentina,171,-34.52406018,-68.14443901,
Nahuel Mapi Abajo,Neuquén,Argentina,171,-39.61946847,-71.05917961,
Barrio La Costa,Río Negro,Argentina,171,-39.0800411,-67.55679594,
Aurelia,Santa Fe,Argentina,170,-31.4196512,-61.42246182,
Costa Rica,Santa Fe,Argentina,170,-28.60215929,-59.3771447,
San Nicolás del Recreo,La Rioja,Argentina,170,-29.47859329,-66.80080637,
Los Nacimientos,Catamarca,Argentina,170,-27.16434582,-66.73551541,
Colonia Alemana,Misiones,Argentina,170,-27.55083308,-55.53937312,
Pampa Chica Sur,Chaco,Argentina,170,-26.13544365,-59.81545375,
El Rincón,Mendoza,Argentina,170,-33.90685436,-69.05040065,
Punta de Sierra,Neuquén,Argentina,170,-38.5251724,-68.46947454,
Colonia Santa Teresita,Río Negro,Argentina,170,-40.12867962,-64.31676206,
La Rica,Buenos Aires,Argentina,169,-34.97308963,-59.86141298,
San Jorge,Buenos Aires,Argentina,169,-34.75887996,-59.37806602,
La María,Buenos Aires,Argentina,169,-36.15286668,-62.68858043,
Las Palmas,Córdoba,Argentina,169,-31.37777594,-65.28983623,
Bajo de Corrales,Córdoba,Argentina,169,-31.45539405,-65.10980124,
Colonia Cello,Santa Fe,Argentina,169,-31.4321288,-61.84137504,
San José,Catamarca,Argentina,169,-28.68366549,-65.47496953,
Manuel Elordi,Salta,Argentina,169,-23.28134709,-64.15936256,
El Molino,Salta,Argentina,169,-24.93161478,-65.5734525,
Pozo Limpio,Santiago del Estero,Argentina,169,-26.80937074,-63.56473433,
El Rodeo,Santiago del Estero,Argentina,169,-28.23747562,-64.77284074,
Lote 32,Santiago del Estero,Argentina,169,-27.91528267,-61.9935771,
Sotelillo,Santiago del Estero,Argentina,169,-27.42982907,-64.64911675,
Lote Norassi,Chaco,Argentina,169,-27.20868425,-61.03900123,
Playa Magagna,Chubut,Argentina,169,-43.38194827,-65.04550226,
Massey,Buenos Aires,Argentina,168,-35.04896658,-63.12221196,
Campo Vásquez,Buenos Aires,Argentina,168,-34.38832852,-59.4315142,
General Almada,Entre Ríos,Argentina,168,-32.83738899,-58.80264897,
Barrancas Coloradas,Entre Ríos,Argentina,168,-31.65237989,-59.56455256,
La Estancia,Catamarca,Argentina,168,-27.5338788,-67.0342436,
El Carmen,Salta,Argentina,168,-23.35616651,-63.91756861,
Las Horquetas,Salta,Argentina,168,-22.83422037,-62.75100642,
Campo Lagar,Santiago del Estero,Argentina,168,-28.37379039,-61.77750651,
Tunas Punco,Santiago del Estero,Argentina,168,-27.86682555,-64.61692033,
Puerto Nuevo,Misiones,Argentina,168,-27.2682493,-55.56858151,
Media Luna,Chaco,Argentina,168,-25.21384589,-60.86164039,
Lote 5,Chaco,Argentina,168,-27.28282737,-60.80184669,
Represa Yaciretá,Corrientes,Argentina,168,-27.48802031,-56.68563001,
Tres Bocas,Corrientes,Argentina,168,-30.2718546,-57.91950408,
San Salvador,Corrientes,Argentina,168,-29.29714046,-57.50287497,
Buena Vista,Buenos Aires,Argentina,167,-33.85308897,-60.68169932,
El Descanso,Córdoba,Argentina,167,-32.18820986,-62.72348703,
Vicente A. Echeverría,Santa Fe,Argentina,167,-32.82197257,-60.84357501,
Clodomiro Ledesma,Entre Ríos,Argentina,167,-31.57666769,-58.18033392,
El Cajón,Catamarca,Argentina,167,-26.40757061,-66.25383153,
El Perchel,Jujuy,Argentina,167,-23.49324705,-65.36625474,
Quisquiri,Jujuy,Argentina,167,-23.72199973,-65.52557411,
San Pedro,Santiago del Estero,Argentina,167,-28.4304004,-63.71985847,
Lomitas Blancas,Santiago del Estero,Argentina,167,-29.40206802,-63.99619226,
Tusca Bajada,Santiago del Estero,Argentina,167,-26.01167413,-63.73484124,
Lote 39,Chaco,Argentina,167,-25.65186784,-60.29436877,
La Viruela,Chaco,Argentina,167,-27.8649451,-60.3682748,
Lote 12,Chaco,Argentina,167,-27.12366951,-60.55482974,
Lote 1,Formosa,Argentina,167,-22.87910189,-62.27770623,
Villa Libertad,Corrientes,Argentina,167,-28.50759955,-58.51046685,
La Isla,San Juan,Argentina,167,-31.37863603,-69.41630204,
Gualtallary,Mendoza,Argentina,167,-33.40016155,-69.26462605,
Cona Niyeu,Río Negro,Argentina,167,-41.86558976,-66.93865968,
La Granja,Buenos Aires,Argentina,166,-34.2027099,-58.82827008,
La Batea,Córdoba,Argentina,166,-30.37227419,-65.30815068,
La Carbonada,Córdoba,Argentina,166,-31.53320288,-64.07671493,
Antonio Tomás,Entre Ríos,Argentina,166,-31.42441791,-60.04777872,
La Balsa,Entre Ríos,Argentina,166,-31.67842081,-60.34000246,
Santa Luisa,Entre Ríos,Argentina,166,-31.76826015,-59.72796741,
Tala,Entre Ríos,Argentina,166,-32.60345282,-58.4517036,
El Chajarí,Entre Ríos,Argentina,166,-31.54356343,-59.3434868,
Jama,Jujuy,Argentina,166,-23.23986344,-67.01810044,
El Bordo,Salta,Argentina,166,-25.80810215,-64.36836104,
Pascha,Salta,Argentina,166,-24.5634944,-65.7301781,
Ancaján,Santiago del Estero,Argentina,166,-28.44389344,-64.92940235,
La Fragua,Santiago del Estero,Argentina,166,-26.07484888,-64.34121956,
Percas,Santiago del Estero,Argentina,166,-28.26377178,-64.03512768,
El Ceibo,Tucumán,Argentina,166,-26.9573617,-64.98183054,
Caballero,Misiones,Argentina,166,-25.88456046,-53.94157915,
Cancha Larga,Chaco,Argentina,166,-26.26087695,-59.96196897,
Colonia Itatí,Formosa,Argentina,166,-26.21988818,-59.01143226,
Campo de Batalla,San Juan,Argentina,166,-31.72685313,-68.56662072,
Barrio Unión,Río Negro,Argentina,166,-38.98553892,-67.95174059,
Villa Futalaufquen,Chubut,Argentina,166,-42.89384961,-71.61748944,
Drofa Dulog,Chubut,Argentina,166,-43.31545236,-65.37179071,
Chiclana,Buenos Aires,Argentina,165,-35.73151431,-61.74224216,
La Pepita,Buenos Aires,Argentina,165,-35.1935724,-58.16980039,
Ducós,Buenos Aires,Argentina,165,-37.45683469,-62.42424128,
El Polvorín,Córdoba,Argentina,165,-31.82897605,-63.1577478,
Víctor Manuel,Santa Fe,Argentina,165,-29.05887749,-59.85429065,
La Gloria,Santa Fe,Argentina,165,-30.22513425,-61.97269291,
Colonia Flores,Entre Ríos,Argentina,165,-31.04096081,-57.9209562,
El Ceibal,Salta,Argentina,165,-26.14448733,-65.01363683,
San Juan,Santiago del Estero,Argentina,165,-29.2967818,-63.83557029,
Talamuyo,Tucumán,Argentina,165,-27.5551614,-65.53495497,
Pampa El Gallo,Chaco,Argentina,165,-26.47203035,-60.30482918,
Lote 21,Chaco,Argentina,165,-26.66023047,-59.80471644,
Fortín Sargento 1º Leyes,Formosa,Argentina,165,-24.55411179,-59.38511621,
Los Jubilados,Formosa,Argentina,165,-25.32453387,-59.59651551,
Misión San Andrés,Formosa,Argentina,165,-23.12578051,-62.04927236,
Capitá Miní,Corrientes,Argentina,165,-28.95219604,-58.35381385,
La Larga,Buenos Aires,Argentina,164,-36.67550034,-61.92833635,
Pueblo Marini,Santa Fe,Argentina,164,-31.03872566,-61.88938202,
San Nicolás,Santiago del Estero,Argentina,164,-27.31512644,-64.27743616,
Tiunpunco,Santiago del Estero,Argentina,164,-28.04124141,-63.32102406,
El Diablo,Santiago del Estero,Argentina,164,-26.06536345,-64.08121324,
Campo Alegre,Santiago del Estero,Argentina,164,-28.10262333,-64.08535171,
Alta Gracia,Tucumán,Argentina,164,-26.7349463,-65.14081172,
Fortín Las Chuñas,Chaco,Argentina,164,-26.88435333,-60.90956297,
Lote 17,Chaco,Argentina,164,-27.07042792,-60.36510517,
Rodeo Tapití,Formosa,Argentina,164,-25.11184423,-58.28794076,
Cerro Centinela,Chubut,Argentina,164,-43.48346545,-71.59889454,
Roberto Jorge Payró,Buenos Aires,Argentina,163,-35.18105534,-57.65354429,
Sol de Mayo,Buenos Aires,Argentina,163,-34.26897022,-60.87225647,
La Querencia,Buenos Aires,Argentina,163,-35.37531696,-59.60097798,
Ñancay,Entre Ríos,Argentina,163,-33.45792884,-58.67819142,
Ruta Provincial 11 Kilómetro 140,Entre Ríos,Argentina,163,-32.72553845,-59.96986649,
Alto Carrizal,La Rioja,Argentina,163,-28.86673555,-67.5714198,
Saladillo,Santiago del Estero,Argentina,163,-26.274802,-63.75945771,
Muyo,Tucumán,Argentina,163,-27.37109006,-65.67875518,
Bajo Hondo Chico,Chaco,Argentina,163,-26.91014434,-60.41944493,
Makallé Viejo,Chaco,Argentina,163,-27.17510992,-59.29549017,
Guanacache,San Juan,Argentina,163,-32.06443607,-68.58968986,
Chosmes,San Luis,Argentina,163,-33.40397961,-66.80355037,
Cuartel IV,Buenos Aires,Argentina,162,-34.92032826,-61.4569334,
Capivara,Santa Fe,Argentina,162,-30.45970976,-61.27115307,
La Paz,Salta,Argentina,162,-22.38377776,-62.52867762,
Manga Bajada,Santiago del Estero,Argentina,162,-26.01265694,-63.69705571,
Santa Ana,Santiago del Estero,Argentina,162,-29.40356033,-63.59760326,
Puesto Nuevo,Santiago del Estero,Argentina,162,-27.98735048,-63.89297858,
La Paloma,Tucumán,Argentina,162,-27.78968146,-65.05974493,
Laguna Azul,Misiones,Argentina,162,-26.29554914,-53.7903057,
La Cucucha,Corrientes,Argentina,162,-29.54944561,-59.36569567,
Oratorio,Corrientes,Argentina,162,-27.46368461,-58.34706936,
El Cerrito,Mendoza,Argentina,162,-34.51687872,-68.29505151,
Villa Huechulafquen,Neuquén,Argentina,162,-39.79279347,-71.21014819,
Barrio Militar y Aeropuerto,Chubut,Argentina,162,-45.79189817,-67.47079984,
Campo Bonazola,Santa Fe,Argentina,161,-28.79702744,-59.69091373,
La Ilusión,Entre Ríos,Argentina,161,-32.49309428,-59.71331769,
Ojo de Agua,Jujuy,Argentina,161,-22.28684977,-65.53510201,
El Boquerón,Santiago del Estero,Argentina,161,-28.55518027,-63.78014469,
La Cañada,Santiago del Estero,Argentina,161,-25.68450005,-62.64253652,
Pozo del Castaño,Santiago del Estero,Argentina,161,-26.86278748,-63.23272349,
Pampa Grande,Santiago del Estero,Argentina,161,-29.4553153,-63.58818979,
Garciano,Santiago del Estero,Argentina,161,-28.39400936,-63.79575789,
Colonia 14,Tucumán,Argentina,161,-27.49452222,-65.70741286,
Bajo Hondo,Chaco,Argentina,161,-26.94264149,-60.37959341,
Buena Vista,Chaco,Argentina,161,-26.51525807,-59.22542919,
San Carlos,Formosa,Argentina,161,-25.60372885,-59.88977871,
Pilagás III,Formosa,Argentina,161,-25.51050399,-58.97918433,
Bella Vista,Corrientes,Argentina,161,-29.78448711,-59.2407193,
Ñacuñan,Mendoza,Argentina,161,-34.04518218,-67.95562507,
San Pablo,Mendoza,Argentina,161,-33.4460531,-69.32191629,
Aeropuerto Chapelco,Neuquén,Argentina,161,-40.08780407,-71.14310701,
Colonia Tornquist,Buenos Aires,Argentina,160,-35.33938923,-57.27096017,
Taninga,Córdoba,Argentina,160,-31.34592449,-65.07988173,
El Vergel,Córdoba,Argentina,160,-31.30766097,-64.08377148,
Fortín Charrúa,Santa Fe,Argentina,160,-29.12834623,-60.93442842,
Loventué,La Pampa,Argentina,160,-36.18889539,-65.28933246,
Suriyaco,La Rioja,Argentina,160,-28.53996923,-67.15690467,
Piedra Negra,Jujuy,Argentina,160,-22.22238324,-65.65630033,
Bajo Grande,Salta,Argentina,160,-22.61770111,-62.56441514,
Ingeniero Maury,Salta,Argentina,160,-24.68192531,-65.77224559,
Amblayo,Salta,Argentina,160,-25.54370463,-65.82055597,
Upianita,Santiago del Estero,Argentina,160,-27.98683043,-64.15396503,
Santa Rosa,Santiago del Estero,Argentina,160,-27.61796548,-62.36911067,
Entre Ríos,Tucumán,Argentina,160,-27.14163473,-65.33796886,
Paso Florentín,Corrientes,Argentina,160,-27.74398386,-57.77627919,
El Alambrado,Mendoza,Argentina,160,-36.26884773,-69.85728316,
La Limpia,Buenos Aires,Argentina,159,-35.08009603,-60.59119177,
Kilómetro 12,Santa Fe,Argentina,159,-29.24517296,-60.30489928,
Relmo,La Pampa,Argentina,159,-36.25650451,-63.4480893,
Aguayo,La Rioja,Argentina,159,-31.69055352,-65.88732906,
Villa Vil,Catamarca,Argentina,159,-27.58152436,-66.2595358,
Colonia Gamara,Santiago del Estero,Argentina,159,-27.62677956,-64.03743437,
San Benito,Santiago del Estero,Argentina,159,-28.14645202,-64.48808359,
Pozo Grande,Santiago del Estero,Argentina,159,-27.59123846,-64.59054023,
El Jardín,Tucumán,Argentina,159,-27.857157,-65.57373828,
Cascabel,Misiones,Argentina,159,-27.82325967,-55.53418375,
Puesto Ramona,Formosa,Argentina,159,-24.95872132,-58.91573199,
Campo Hardy,Formosa,Argentina,159,-26.14664374,-59.49650668,
Lago Rosario,Chubut,Argentina,159,-43.2471604,-71.34894681,
Villa Laguna La Brava,Buenos Aires,Argentina,158,-37.86122308,-57.98101202,
Las Delicias,Córdoba,Argentina,158,-31.56914971,-62.88158953,
Laguna Benítez,Entre Ríos,Argentina,158,-30.629694,-58.65350953,
Antilo,Santiago del Estero,Argentina,158,-27.75277055,-64.6069754,
Nueva Loma,Santiago del Estero,Argentina,158,-29.12133178,-62.98035703,
Los Britos,Tucumán,Argentina,158,-27.43955934,-65.0605167,
Villa Nougués,Tucumán,Argentina,158,-26.85833619,-65.37556931,
Oro Verde,Misiones,Argentina,158,-26.87318223,-55.10827527,
El Palmar,Chaco,Argentina,158,-27.17200708,-58.73980141,
San Carlos,Chaco,Argentina,158,-26.95919929,-58.66703522,
Esperanza,Formosa,Argentina,158,-25.35441288,-58.31284652,
Campo Vallejos,Corrientes,Argentina,158,-28.93656158,-58.80524082,
Herlitzka,Corrientes,Argentina,158,-27.5658367,-58.25888439,
San Ignacio (Loteo San Javier),Córdoba,Argentina,157,-32.16590528,-64.51790973,
Santa Ana,Córdoba,Argentina,157,-30.80049868,-65.19114767,
Los Nogales,Santa Fe,Argentina,157,-33.14013486,-61.60465399,
Traill,Santa Fe,Argentina,157,-31.92152236,-61.70262713,
Colonia Nueva San Miguel,Entre Ríos,Argentina,157,-32.06225117,-58.55301929,
Los Tres Sauces,Entre Ríos,Argentina,157,-31.85720454,-59.80702882,
Termas de Reyes,Jujuy,Argentina,157,-24.17004737,-65.49050738,
Loma Hermosa,Jujuy,Argentina,157,-24.31173849,-65.29457111,
La Unión,Salta,Argentina,157,-24.28957812,-63.71920279,
Misión San Felipe,Salta,Argentina,157,-24.13006844,-62.70232335,
Mancapa,Santiago del Estero,Argentina,157,-28.60399203,-62.86841594,
Colonia 6,Tucumán,Argentina,157,-27.51149072,-65.68901036,
El Brete,Tucumán,Argentina,157,-26.09716944,-65.396289,
Tierra Adentro,San Juan,Argentina,157,-31.36578486,-68.4400036,
Los Molles,Mendoza,Argentina,157,-35.15901007,-69.94125865,
Barrio La Costa,Río Negro,Argentina,157,-39.09228642,-67.20335671,
Barrio Buenos Aires Chico,Río Negro,Argentina,157,-39.08839068,-67.67278008,
La Viruta,Buenos Aires,Argentina,156,-35.39769881,-57.63113228,
Las Manzanas,Córdoba,Argentina,156,-30.70615148,-64.19985414,
Colonia Villa Libertad,Entre Ríos,Argentina,156,-30.73844824,-57.92600746,
Lucas Sur Primero,Entre Ríos,Argentina,156,-31.66658682,-59.04043774,
San Justo,Santiago del Estero,Argentina,156,-28.19648253,-64.69995427,
Las Gamas,Santiago del Estero,Argentina,156,-28.649763,-61.92350738,
Pampa Pozo,Santiago del Estero,Argentina,156,-28.09343798,-64.75549501,
Puente del Medio,Tucumán,Argentina,156,-27.59322293,-65.67006587,
Tabay,Misiones,Argentina,156,-26.99272835,-55.23501756,
Los Flotadores Norte,Corrientes,Argentina,156,-30.06723414,-59.53070667,
Colonia San Francisco,Corrientes,Argentina,156,-30.32848135,-57.79549635,
Yapucá,Corrientes,Argentina,156,-28.50019114,-58.62280079,
La Menta,Mendoza,Argentina,156,-33.40643972,-67.75427883,
Colipilli Abajo,Neuquén,Argentina,156,-37.75293583,-70.30895812,
San Clemente,Córdoba,Argentina,155,-31.71451496,-64.62828019,
Villa de María Este,Córdoba,Argentina,155,-29.92274026,-63.70384319,
Paso Duarte,Entre Ríos,Argentina,155,-31.20586948,-58.73300344,
Barrio Parque El Morajú,Entre Ríos,Argentina,155,-32.39304245,-59.74654257,
Rodero,Jujuy,Argentina,155,-23.06236669,-65.32655146,
Tafna,Jujuy,Argentina,155,-22.11867253,-65.753575,
Lote 24,Santiago del Estero,Argentina,155,-29.16458342,-62.96919653,
Churqui,Santiago del Estero,Argentina,155,-27.72652627,-64.63341745,
La Simona,Santiago del Estero,Argentina,155,-28.4330629,-61.88639228,
San Felipe,Santiago del Estero,Argentina,155,-27.47287857,-63.17555253,
Cabañaro,Chaco,Argentina,155,-26.30395416,-60.30229757,
La Cañada,Corrientes,Argentina,155,-29.80136157,-57.83258731,
Batel,Corrientes,Argentina,155,-29.17530131,-58.8889766,
Baños Lunlunta,Mendoza,Argentina,155,-33.06408854,-68.83067524,
La Lomita,San Luis,Argentina,155,-32.06191557,-65.30012549,
Cuatro Esquinas,Río Negro,Argentina,155,-38.9039535,-68.02475214,
Colonia Videla,Córdoba,Argentina,154,-31.91727697,-63.50350808,
Rodeo Viejo,Córdoba,Argentina,154,-32.93421083,-64.70464205,
Las Toscas,Córdoba,Argentina,154,-31.85503476,-65.49250712,
Tercera Usina,Córdoba,Argentina,154,-32.19430917,-64.323423,
Tacurales,Santa Fe,Argentina,154,-30.7709747,-61.8154862,
Colonia Racedo,Entre Ríos,Argentina,154,-30.98392372,-58.03969329,
Aldea Eigenfeld,Entre Ríos,Argentina,154,-31.88405831,-60.23458972,
Balcozna de Afuera,Catamarca,Argentina,154,-27.87574191,-65.75091775,
Puesto Sey,Jujuy,Argentina,154,-23.94556249,-66.48826389,
Kilómetro 21,Santiago del Estero,Argentina,154,-27.30353608,-63.55660648,
El Cuadro,Santiago del Estero,Argentina,154,-29.35058327,-62.84999696,
La Soledad,Santiago del Estero,Argentina,154,-27.62832688,-64.96635595,
Albardón,Santiago del Estero,Argentina,154,-29.08401131,-63.37931141,
Yaquilo,Tucumán,Argentina,154,-27.57781639,-65.65622036,
Las Mercedes,Tucumán,Argentina,154,-27.17026702,-65.28876512,
Zárate Norte,Tucumán,Argentina,154,-26.20931235,-65.36693213,
Lote Fiscal 16,Chaco,Argentina,154,-26.86591622,-58.80552863,
Colonia El Cacique Llorón,Chaco,Argentina,154,-27.04810189,-59.43783116,
San Ramón,Corrientes,Argentina,154,-27.62141982,-58.70719091,
Clemente Onelli,Río Negro,Argentina,154,-41.2463996,-70.03271016,
Juan Felipe Ibarra,Buenos Aires,Argentina,153,-36.34714827,-61.25403504,
Dennehy,Buenos Aires,Argentina,153,-35.35161984,-60.74507029,
Gobernador Obligado,Buenos Aires,Argentina,153,-35.16261507,-58.19834009,
La Paz,Buenos Aires,Argentina,153,-35.3796363,-59.37846453,
Corazzi,Buenos Aires,Argentina,153,-36.21028106,-62.40158838,
Villa Adela,Santa Fe,Argentina,153,-28.48895544,-59.41273184,
Colonia Baylina,Entre Ríos,Argentina,153,-31.78365299,-58.53197751,
Soledad,Catamarca,Argentina,153,-27.26312542,-67.04777082,
Antapoca,Catamarca,Argentina,153,-28.51442379,-65.76223848,
Campo Largo,Salta,Argentina,153,-22.54911774,-62.51026531,
Tasigasta,Santiago del Estero,Argentina,153,-28.49122207,-63.74021742,
El Alambrado,Santiago del Estero,Argentina,153,-27.70004133,-64.19825104,
Quebracho Coto,Santiago del Estero,Argentina,153,-26.28284758,-64.46867627,
San Ramón,Santiago del Estero,Argentina,153,-26.54442342,-63.98912891,
San Vicente,Santiago del Estero,Argentina,153,-28.22791539,-64.18828061,
Puesto Chico,Tucumán,Argentina,153,-27.2898891,-65.09532915,
Maipú,Chaco,Argentina,153,-27.02259175,-58.70707489,
Teniente Brown,Formosa,Argentina,153,-24.8021495,-60.45661596,
Sorocayense,San Juan,Argentina,153,-31.55766981,-69.44345141,
Cerro Chapelco,Neuquén,Argentina,153,-40.19726394,-71.3202529,
Villa Parque Girado,Buenos Aires,Argentina,152,-35.62685007,-58.01462935,
Rosas,Buenos Aires,Argentina,152,-35.96555759,-58.9392033,
Las Jarillas,Córdoba,Argentina,152,-31.64169097,-65.66792793,
Campo Bello Sur,Santa Fe,Argentina,152,-28.5742483,-59.3256698,
Santa María Centro,Santa Fe,Argentina,152,-31.52238231,-61.30836748,
Colonia Oficial 21,Entre Ríos,Argentina,152,-32.10324622,-59.51587894,
La Gloria,La Pampa,Argentina,152,-36.50838414,-63.74310853,
Tusaquillas,Jujuy,Argentina,152,-23.18929101,-65.98751404,
Barrio Parque La Ciénaga,Jujuy,Argentina,152,-24.41917971,-65.29358447,
Aguadita,Salta,Argentina,152,-25.39207617,-66.38727153,
La Gracia,Salta,Argentina,152,-22.36698878,-62.56229452,
El Palomar,Salta,Argentina,152,-24.02907517,-65.91671981,
El Crucero,Santiago del Estero,Argentina,152,-27.57418431,-63.32903572,
Las Abras,Santiago del Estero,Argentina,152,-27.59221427,-64.0838793,
El Cerrito,Santiago del Estero,Argentina,152,-29.1381419,-63.97112173,
Verón,Santiago del Estero,Argentina,152,-28.90317738,-63.37460949,
Los Pérez,Tucumán,Argentina,152,-27.45233564,-65.19124341,
El Vizcacheral,Chaco,Argentina,152,-24.39171321,-61.71681674,
Colonia El Progreso,Formosa,Argentina,152,-25.51191085,-59.40013463,
Ávalos,Corrientes,Argentina,152,-29.58319539,-58.30140296,
Cazador,San Luis,Argentina,152,-33.85477063,-66.36907854,
Juan Jorge,Entre Ríos,Argentina,151,-32.00218131,-58.30369484,
Paulina,Jujuy,Argentina,151,-23.84506545,-64.74054445,
Lagunas de Yala,Jujuy,Argentina,151,-24.10802151,-65.47904125,
San Isidro,Santiago del Estero,Argentina,151,-27.23732244,-64.28822354,
Villa Los Ponce,Tucumán,Argentina,151,-26.99542255,-65.23783673,
San Nicolás,Tucumán,Argentina,151,-27.10263719,-65.24279417,
Picada Polaca,Misiones,Argentina,151,-27.60431506,-55.46779319,
Aguay,Corrientes,Argentina,151,-29.31028168,-58.51327811,
Lagunita,Corrientes,Argentina,151,-27.51216009,-58.43796722,
Bella Vista,San Juan,Argentina,151,-30.20904726,-68.7486825,
Aguada Guzmán,Río Negro,Argentina,151,-39.98185576,-68.87386789,
Las Amintas,Santa Fe,Argentina,150,-29.27911671,-59.75154097,
Chivilme,Salta,Argentina,150,-25.14675583,-65.50135337,
Palma Pozo,Santiago del Estero,Argentina,150,-27.79227772,-64.66984471,
San Rafael,Santiago del Estero,Argentina,150,-28.17577443,-64.64783291,
La Fortuna Este,Santiago del Estero,Argentina,150,-26.81438941,-63.92230831,
San Juan,Santiago del Estero,Argentina,150,-28.18186812,-63.99154113,
Agua Dulce,Tucumán,Argentina,150,-27.02055152,-65.0176806,
Tres Almacenes,Tucumán,Argentina,150,-27.03654417,-65.43898059,
El Aguará,Chaco,Argentina,150,-27.07221315,-60.07505226,
Colonia Santa Rosa,Formosa,Argentina,150,-24.92542693,-58.73216692,
Arroyo Paraíso,Corrientes,Argentina,150,-28.76522797,-58.92599732,
Las Loicas,Mendoza,Argentina,150,-35.79368388,-70.14087875,
Casas Viejas,Mendoza,Argentina,150,-33.8416552,-69.03808661,
Paso de las Carretas,Mendoza,Argentina,150,-34.01593896,-69.03347896,
San Sebastián,Buenos Aires,Argentina,149,-34.94297662,-59.70216175,
Milenica,Córdoba,Argentina,149,-31.45588661,-64.40511011,
Colonia Dos Hermanos Norte,Córdoba,Argentina,149,-30.58264734,-62.07189876,
La Cuadra,La Rioja,Argentina,149,-28.46824545,-67.69230818,
Punta de Balasto,Catamarca,Argentina,149,-26.95338711,-66.13623179,
Cochinoca,Jujuy,Argentina,149,-22.74535377,-65.89607734,
Nuevo Pirquitas,Jujuy,Argentina,149,-22.68795542,-66.45637567,
Nuestra Señora del Rosario,Jujuy,Argentina,149,-24.31737413,-65.40174228,
Esquina Pozo,Santiago del Estero,Argentina,149,-27.51002955,-64.11708888,
Tipiro,Santiago del Estero,Argentina,149,-27.64124581,-64.4092937,
Las Cañadas,Tucumán,Argentina,149,-27.27512673,-65.22887444,
Techat,Chaco,Argentina,149,-25.54850334,-60.89376974,
Alto de los Quebrachos,Córdoba,Argentina,148,-30.54328449,-65.03672671,
Santa María y Las Margaritas,Entre Ríos,Argentina,148,-30.5876232,-58.18771222,
Cianzo,Jujuy,Argentina,148,-23.17320487,-65.15844237,
Palermo,Salta,Argentina,148,-24.93273129,-66.14647778,
Averías,Santiago del Estero,Argentina,148,-27.33475952,-63.71371581,
Lote 63,Santiago del Estero,Argentina,148,-28.23002092,-62.0410747,
Colonia General Arenales,Chaco,Argentina,148,-26.90952858,-59.94148087,
Arroyo Los Berros,Río Negro,Argentina,148,-41.43473629,-66.10123242,
Costa de Lepá,Chubut,Argentina,148,-42.68873537,-70.74956115,
Cuartel XV,Buenos Aires,Argentina,147,-34.72234376,-59.49102133,
Puerto Panal,Buenos Aires,Argentina,147,-34.04168035,-59.12869863,
Plaza Luxardo,Córdoba,Argentina,147,-31.30174799,-62.22916734,
Tejeda,Córdoba,Argentina,147,-31.3883624,-63.98288847,
Infanzón,Catamarca,Argentina,147,-28.57903352,-65.40500063,
Madre Vieja,Salta,Argentina,147,-24.59912344,-64.93899138,
El Gritao,Salta,Argentina,147,-23.90267538,-62.7350371,
Río Corralito,Salta,Argentina,147,-24.98303941,-65.68424796,
Ancocha,Santiago del Estero,Argentina,147,-28.82072189,-63.74660856,
San José,Santiago del Estero,Argentina,147,-27.84299109,-64.63943655,
Kilómetro 1314,Santiago del Estero,Argentina,147,-26.08086773,-62.18917724,
Pozo Herrera,Santiago del Estero,Argentina,147,-28.39460066,-62.38964313,
Arroyo Santa María,Misiones,Argentina,147,-27.89049546,-55.4275809,
Caá Guazú,Misiones,Argentina,147,-27.85244008,-55.39189204,
Las Leonas,Chaco,Argentina,147,-27.04214509,-61.70881388,
Colonia La Chaqueña,Chaco,Argentina,147,-27.51056416,-60.67114389,
San Simón,Formosa,Argentina,147,-26.0122506,-59.65264392,
Rincón del Sombrero,Corrientes,Argentina,147,-27.63783732,-58.66429405,
Isabel Victoria,Corrientes,Argentina,147,-29.0918841,-59.11075117,
Colonia Santa Rosa,Río Negro,Argentina,147,-40.10706052,-64.37955899,
Caleta Olivares,Chubut,Argentina,147,-45.77515818,-67.3888489,
Alvarez Jonte,Buenos Aires,Argentina,146,-35.3217348,-57.45396421,
Campo Crespo,Córdoba,Argentina,146,-32.43788472,-62.9403812,
Wildermuth,Santa Fe,Argentina,146,-31.94483411,-61.40133365,
Colonia Helvecia Oeste,Santa Fe,Argentina,146,-31.08413975,-60.11838731,
Doll,Entre Ríos,Argentina,146,-32.21155951,-60.4535446,
Colonia Adivino,Entre Ríos,Argentina,146,-31.31807502,-59.30760161,
Chila,La Rioja,Argentina,146,-30.46076592,-66.53546189,
La Cuesta,Jujuy,Argentina,146,-24.11743247,-65.29476867,
La Capilla,Salta,Argentina,146,-24.98422083,-65.48151493,
Taco Pozo,Santiago del Estero,Argentina,146,-29.73026264,-63.06577369,
Kilómetro 12,Misiones,Argentina,146,-26.76990923,-54.77726673,
Colonia Cabeza de Tigre,Chaco,Argentina,146,-27.92622437,-61.17965534,
Guayquiraró,Corrientes,Argentina,146,-30.3258763,-59.49067438,
Villa Rosa,Corrientes,Argentina,146,-30.24008103,-59.55013066,
Casualidad,Corrientes,Argentina,146,-28.94072462,-58.86784667,
Crucesita,Corrientes,Argentina,146,-28.99494333,-58.97866929,
Paso Naranjito,Corrientes,Argentina,146,-28.33411468,-58.4639778,
Santo Domingo,Corrientes,Argentina,146,-28.25629443,-58.53289914,
Polvaredas,Mendoza,Argentina,146,-32.79487931,-69.65354641,
Pichaihué,Neuquén,Argentina,146,-37.88621631,-70.37026512,
La Florida,Buenos Aires,Argentina,145,-34.5464587,-59.42613743,
Maquinista Gallini,Córdoba,Argentina,145,-30.90860179,-63.53160762,
Estación Saguier,Santa Fe,Argentina,145,-31.31627317,-61.69620903,
Antinaco,La Rioja,Argentina,145,-28.81934218,-67.31485504,
Cuyoj,Santiago del Estero,Argentina,145,-27.66553277,-64.09959559,
Colonia Totorillas,Santiago del Estero,Argentina,145,-27.14938997,-63.56064788,
Puesto del Ángel,Santiago del Estero,Argentina,145,-26.29655303,-64.09549954,
El 25,Santiago del Estero,Argentina,145,-28.23765216,-63.75373994,
La Encrucijada,Tucumán,Argentina,145,-27.15171858,-65.24338628,
Paso Santa Rosa,Corrientes,Argentina,145,-29.80450698,-59.39407029,
Colonia Iturraspe,Córdoba,Argentina,144,-31.20783627,-62.1103101,
Colonia Clara,Santa Fe,Argentina,144,-30.52830668,-61.04089327,
Bajo Carrizal,La Rioja,Argentina,144,-28.8880641,-67.564133,
Las Higuerillas,La Rioja,Argentina,144,-29.28744973,-66.83445666,
El Bañado,Catamarca,Argentina,144,-29.19496861,-65.43727565,
Anillaco,Catamarca,Argentina,144,-27.90881425,-67.62192262,
Colanzulí,Salta,Argentina,144,-22.8905671,-65.22543631,
Almirante Brown,Salta,Argentina,144,-25.89615087,-64.76531718,
San Miguel,Tucumán,Argentina,144,-26.71228714,-64.70699698,
9 de Julio,Misiones,Argentina,144,-26.55702863,-54.57693225,
Paraje San Antonio,Chaco,Argentina,144,-26.60547121,-59.31599816,
Arroyo Soro,Corrientes,Argentina,144,-30.26316312,-59.5481486,
Isla Apipé Chico,Corrientes,Argentina,144,-27.57219841,-56.71102385,
Francisco Gómez,Corrientes,Argentina,144,-30.12083635,-58.91406851,
Arroyito,Mendoza,Argentina,144,-32.80974256,-67.22218792,
Las Pircas,Mendoza,Argentina,144,-33.14629368,-69.29191363,
Villa Puente Picún Leufú,Neuquén,Argentina,144,-39.21283515,-70.06105269,
Barrio Mar del Plata,Río Negro,Argentina,144,-39.08376074,-67.65927289,
Barrio Luisillo,Río Negro,Argentina,144,-39.05619946,-67.34508935,
Otegui,Buenos Aires,Argentina,143,-36.99645422,-58.99141684,
Aero Country Club,Buenos Aires,Argentina,143,-34.67615573,-59.04210198,
Colonia Santa María,Córdoba,Argentina,143,-31.6078812,-62.42850315,
El Quebracho,Córdoba,Argentina,143,-32.24557806,-64.37371898,
Río Los Sauces,Córdoba,Argentina,143,-31.73525251,-64.90445123,
La Reserva,Santa Fe,Argentina,143,-28.49947433,-59.5160134,
Kilómetro 302,Santa Fe,Argentina,143,-29.01242847,-60.141024,
Las Esquinas,Catamarca,Argentina,143,-28.73702879,-65.10892881,
El Duraznito,Salta,Argentina,143,-25.82941539,-64.95154275,
Huaico Redondo,Santiago del Estero,Argentina,143,-27.72468835,-64.55104352,
Rodeo de Soria,Santiago del Estero,Argentina,143,-27.68772317,-64.574844,
Leocadio Paz,Tucumán,Argentina,143,-26.15223455,-65.30732648,
La Blanquita,Misiones,Argentina,143,-25.62196011,-54.09355061,
Colonia El Urunday,Chaco,Argentina,143,-27.79767799,-60.96048964,
Lote 27,Chaco,Argentina,143,-26.73725671,-60.68924862,
Loma San Pablo,Formosa,Argentina,143,-24.92252303,-59.09040128,
Paso Cejas,Corrientes,Argentina,143,-30.31185514,-59.3609357,
Santa Librada,Corrientes,Argentina,143,-30.0232578,-59.48040905,
Puente del Inca,Mendoza,Argentina,143,-32.82455265,-69.90996978,
Estación Capdevila,Mendoza,Argentina,143,-32.75567422,-68.80743015,
El Foyel,Río Negro,Argentina,143,-41.65390037,-71.46008482,
Colonia Pastoril Cushamen,Chubut,Argentina,143,-42.12021068,-70.90655031,
Colonia San Martín,Buenos Aires,Argentina,142,-37.97686342,-62.33248362,
Arano,Buenos Aires,Argentina,142,-37.04768275,-63.267059,
Antonio Delgado,Buenos Aires,Argentina,142,-35.26557993,-59.06889668,
La Gloria,Buenos Aires,Argentina,142,-35.35100336,-59.53878401,
Walter Moss,Entre Ríos,Argentina,142,-31.40413979,-58.53564983,
El Chajá,Entre Ríos,Argentina,142,-31.99744492,-59.23134946,
Cantera Los Telares,Santiago del Estero,Argentina,142,-29.01727367,-63.4300688,
Brea Pozo Viejo,Santiago del Estero,Argentina,142,-28.21554942,-63.98584855,
Villa Páez,Tucumán,Argentina,142,-27.76665023,-65.11763346,
Nueva Población,Chaco,Argentina,142,-24.96763112,-61.36579689,
Potrero de los Caballos,Formosa,Argentina,142,-26.48609452,-58.60805785,
Villa Leonor,Corrientes,Argentina,142,-29.3266879,-59.09919415,
Buena Vista,Corrientes,Argentina,142,-28.44093955,-58.56339938,
Macedo,Buenos Aires,Argentina,141,-37.26392105,-57.20888357,
Villa Sarita,Buenos Aires,Argentina,141,-33.80060147,-59.73371192,
Cañada del Sauce,Córdoba,Argentina,141,-32.36796009,-64.64542611,
Colonia 25 de Mayo,Córdoba,Argentina,141,-32.25096362,-62.82307687,
Aldea Santa Celia,Entre Ríos,Argentina,141,-32.66120636,-58.73669548,
Colonia Las Piedritas,Entre Ríos,Argentina,141,-32.88342029,-58.52679977,
Colonia Algarrobitos,Entre Ríos,Argentina,141,-32.27341853,-60.08676618,
Pozo Colorado,Jujuy,Argentina,141,-23.55290675,-65.81945719,
Las Palmitas,Santiago del Estero,Argentina,141,-28.63718929,-64.98611403,
San Antonio,Santiago del Estero,Argentina,141,-28.60138765,-63.17059636,
San Roque,Santiago del Estero,Argentina,141,-27.01739189,-63.6596958,
Loma del Medio,Santiago del Estero,Argentina,141,-27.37651032,-64.74339712,
Villa Brava,Tucumán,Argentina,141,-27.16168935,-65.52902624,
Colonia La Aurora,Chaco,Argentina,141,-26.38568295,-59.0184003,
Pozo Sargento,Formosa,Argentina,141,-23.65251298,-61.79632891,
Piedritas,Corrientes,Argentina,141,-30.43345072,-58.01562429,
San Francisco,Mendoza,Argentina,141,-32.59599098,-68.55874877,
Huarenchenque,Neuquén,Argentina,141,-38.26800349,-70.60369869,
Franklin,Buenos Aires,Argentina,140,-34.60911661,-59.62993503,
San Francisco,Buenos Aires,Argentina,140,-34.19103076,-60.09084498,
Pago de Oro,Buenos Aires,Argentina,140,-36.10044721,-59.04302796,
Desvío Aguirre,Buenos Aires,Argentina,140,-37.34563952,-59.00062459,
Santa Catalina,Córdoba,Argentina,140,-30.87009833,-64.23328834,
Villa Josefina,Santa Fe,Argentina,140,-31.44075258,-62.02624284,
Campo Sager,Santa Fe,Argentina,140,-28.63025301,-59.52524214,
Estación Emilia,Santa Fe,Argentina,140,-31.06359331,-60.72138799,
Las Guachas,Entre Ríos,Argentina,140,-32.47021881,-59.17292592,
Sauce Sur,Entre Ríos,Argentina,140,-32.66945243,-59.20543508,
Solca,La Rioja,Argentina,140,-30.76367936,-66.44412087,
Punta del Agua,Catamarca,Argentina,140,-27.22642389,-67.75645321,
Baviano,Catamarca,Argentina,140,-28.78914987,-65.29947195,
Ocloyas,Jujuy,Argentina,140,-23.94411004,-65.23170193,
Belgrano,Santiago del Estero,Argentina,140,-25.87176361,-63.89345885,
Pozo Largo,Tucumán,Argentina,140,-26.33852998,-65.28021333,
El Barrerito,Misiones,Argentina,140,-27.52404964,-54.7724688,
Pampa Alsina,Chaco,Argentina,140,-26.9931229,-60.85760262,
Lote 17,Chaco,Argentina,140,-26.57442349,-60.16496472,
Las Palmitas,Formosa,Argentina,140,-23.07506951,-62.31040014,
Tres Palmas,Formosa,Argentina,140,-22.85688013,-62.26260933,
Juan Díaz,Corrientes,Argentina,140,-28.53854485,-58.80706387,
Colan Conhue,Río Negro,Argentina,140,-40.66854804,-69.10669517,
Los Indios,Buenos Aires,Argentina,139,-34.37181549,-60.65407492,
El Luchador,Buenos Aires,Argentina,139,-37.32013755,-60.2932462,
El Tauro,Buenos Aires,Argentina,139,-39.55507466,-62.91572843,
Cuartel IV,Buenos Aires,Argentina,139,-34.72273395,-59.75113942,
Colonia 17,Buenos Aires,Argentina,139,-36.50001538,-62.69240366,
La Colina,Buenos Aires,Argentina,139,-34.51224893,-59.02666599,
Colonia Maunier Centro,Córdoba,Argentina,139,-30.59118097,-62.1300069,
San Wendelino,Santa Fe,Argentina,139,-31.50262552,-61.0343993,
Raíces Oeste,Entre Ríos,Argentina,139,-31.83296008,-59.41294617,
Ciervo Cansado,Salta,Argentina,139,-24.39590608,-62.36052709,
Tala Atún,Santiago del Estero,Argentina,139,-28.42172273,-63.29719169,
Dique Los Figueroa,Santiago del Estero,Argentina,139,-27.08314816,-63.65614274,
Lote 46,Santiago del Estero,Argentina,139,-28.36153321,-62.49470235,
Tusca Pozo,Santiago del Estero,Argentina,139,-26.7185001,-64.44695491,
Los Cerrillos,Santiago del Estero,Argentina,139,-28.97932933,-63.41606022,
Barrio Tungoil,Misiones,Argentina,139,-27.11481516,-55.38387062,
Colonia El Toba,Chaco,Argentina,139,-26.93221785,-60.58108911,
Pampa Laglaive,Chaco,Argentina,139,-26.46318211,-60.60642393,
Colonia San Andrés,Corrientes,Argentina,139,-30.58474246,-57.99465542,
El Manzano,Mendoza,Argentina,139,-36.10706378,-69.76074122,
El Totoral Sur,Mendoza,Argentina,139,-33.60330492,-69.05532569,
Nación Ranquel,San Luis,Argentina,139,-34.6082273,-65.71698493,
Barrio Rodaj Park,Chubut,Argentina,139,-43.28872765,-65.15923994,
16 de Julio,Buenos Aires,Argentina,138,-37.20051497,-60.16465335,
Loma Escondida,Buenos Aires,Argentina,138,-34.46583836,-59.1195055,
La Gloria,Córdoba,Argentina,138,-31.72797362,-65.04668471,
El Comedero,Catamarca,Argentina,138,-28.93174777,-65.57710739,
Tintigasta,Catamarca,Argentina,138,-28.37904592,-65.43410935,
Pozo El Toro,Salta,Argentina,138,-22.5199362,-62.76462553,
Tacanitas,Santiago del Estero,Argentina,138,-26.49795424,-63.66511307,
Milagros,Santiago del Estero,Argentina,138,-26.54637851,-63.37710321,
Valdivia,Santiago del Estero,Argentina,138,-27.45649403,-64.18032638,
Cerrillos,Santiago del Estero,Argentina,138,-27.22795304,-64.33678016,
Melero,Santiago del Estero,Argentina,138,-28.27764901,-62.99914077,
La Florida,Santiago del Estero,Argentina,138,-27.35768162,-64.96685774,
Parque Sierra de San Javier,Tucumán,Argentina,138,-26.78271822,-65.39269236,
Colonia Mártires,Misiones,Argentina,138,-27.40632223,-55.33557925,
Presidente Avellaneda,Formosa,Argentina,138,-25.21987372,-57.99218711,
San Juan,Corrientes,Argentina,138,-28.04000457,-55.85625453,
Currumil Quillén,Neuquén,Argentina,138,-39.37383121,-71.07172973,
Dantas,Buenos Aires,Argentina,137,-35.39807117,-58.38326084,
Cuartel I,Buenos Aires,Argentina,137,-35.60372299,-59.7418701,
San Pedro Norte,Córdoba,Argentina,137,-30.09108152,-64.15492714,
Cotagaita,Córdoba,Argentina,137,-30.91682377,-62.07064972,
Colonia El Paguaycito,Santa Fe,Argentina,137,-30.10915765,-61.6010631,
Las Achiras,Entre Ríos,Argentina,137,-32.30676034,-58.35814755,
La Encrucijada,Salta,Argentina,137,-24.33413812,-66.05022268,
El Peral,Santiago del Estero,Argentina,137,-28.63563458,-64.04943469,
Punta Isla,Santiago del Estero,Argentina,137,-28.63853537,-62.77152115,
La Virtud,Santiago del Estero,Argentina,137,-26.12944877,-63.39976683,
Lote 33,Chaco,Argentina,137,-26.80263652,-60.69612823,
Pampa Bandera,Chaco,Argentina,137,-26.35255262,-59.94110282,
Coronel Abraham Schweizer,Corrientes,Argentina,137,-30.25986039,-59.36710689,
Barrio Santa Lucia,Corrientes,Argentina,137,-27.49234198,-58.67515307,
Los Hornos,Neuquén,Argentina,137,-38.71915339,-69.99522258,
Aldea Apeleg,Chubut,Argentina,137,-44.68763935,-70.85291291,
Campo La Cruz,Buenos Aires,Argentina,136,-34.54435042,-61.00621737,
Río Bamba,Córdoba,Argentina,136,-34.05137204,-63.73306552,
Colonia Santa Rita,Córdoba,Argentina,136,-31.19366442,-62.25579174,
El Rodeo,Salta,Argentina,136,-24.89508117,-66.14513278,
Pozo El Chañar,Salta,Argentina,136,-23.5536411,-62.98447881,
Trigo Huayco,Salta,Argentina,136,-22.35728276,-65.04451809,
Las Promesas,Santiago del Estero,Argentina,136,-29.18208795,-62.88889897,
Barrial Alto,Santiago del Estero,Argentina,136,-28.41227315,-63.75709051,
El Mollar,Tucumán,Argentina,136,-26.72259814,-65.13422487,
La Florida Grande,Chaco,Argentina,136,-25.82585683,-60.83751994,
Mesón de Fierro,Chaco,Argentina,136,-27.4657945,-60.92289344,
El Tabacal,Chaco,Argentina,136,-27.17080195,-60.57405476,
El Bajo,Formosa,Argentina,136,-23.90835412,-61.05417503,
Pozo Largo,Formosa,Argentina,136,-25.26439429,-60.35346227,
Covunco Abajo,Neuquén,Argentina,136,-38.61364517,-69.79761962,
General Lorenzo Vintter,Río Negro,Argentina,136,-40.7461574,-64.49505201,
Villa Lago Rivadavia,Chubut,Argentina,136,-42.56118216,-71.59644134,
Las Jarillas,Córdoba,Argentina,135,-31.53423195,-64.54874773,
Santa Cruz,Córdoba,Argentina,135,-30.2533466,-64.17334166,
Algarrobos,Santa Fe,Argentina,135,-30.96120139,-60.06248043,
Cerrito,Santa Fe,Argentina,135,-29.33502913,-60.36456288,
Colonia Rivadavia,Entre Ríos,Argentina,135,-31.61919784,-60.13384019,
Palo Seco,Catamarca,Argentina,135,-26.80927496,-66.07461543,
El Mojón,Catamarca,Argentina,135,-28.62651693,-65.34835512,
Chalguamayoc,Jujuy,Argentina,135,-22.29710717,-65.31300898,
Rincón del Saladillo,Santiago del Estero,Argentina,135,-28.07654185,-62.27009412,
Santa Felisa,Santiago del Estero,Argentina,135,-27.19503461,-64.81217102,
Camas Amontonadas,Tucumán,Argentina,135,-27.02078845,-65.09351428,
Lote 96,Chaco,Argentina,135,-26.16226133,-59.8494241,
Arroyo Pelón,Corrientes,Argentina,135,-27.7742815,-58.50045295,
Tellier,Santa Cruz,Argentina,135,-47.64903083,-66.04004328,
Pieres,Buenos Aires,Argentina,134,-38.39411693,-58.67237662,
Barrio Nuevo Río Ceballos,Córdoba,Argentina,134,-31.1925893,-64.28941719,
Campo Botto,Santa Fe,Argentina,134,-30.20088422,-62.04170346,
Pastor Britos,Entre Ríos,Argentina,134,-32.7702371,-58.90629438,
Trebolares,La Pampa,Argentina,134,-35.58446883,-63.58907789,
Las Toscas,Catamarca,Argentina,134,-28.905383,-65.28238435,
Quebraleña,Jujuy,Argentina,134,-23.28623117,-65.76988481,
Aparzo,Jujuy,Argentina,134,-23.09952708,-65.18577053,
Brealito,Salta,Argentina,134,-25.28374591,-66.35574501,
El Setenta,Santiago del Estero,Argentina,134,-26.51959037,-62.84244858,
Kilómetro 83,Santiago del Estero,Argentina,134,-28.3586392,-64.39759584,
Villa Los Britos,Tucumán,Argentina,134,-26.71231601,-65.09735837,
Yacutingá,Misiones,Argentina,134,-26.24989032,-54.63791335,
Colonia Vélez Sarsfield,Chaco,Argentina,134,-26.29215061,-60.44260716,
Colonia Uriburu,Chaco,Argentina,134,-26.89539046,-60.22819976,
Loma Alberdi,Formosa,Argentina,134,-25.46777521,-58.72950084,
San Ramón,Corrientes,Argentina,134,-29.39988893,-59.34935825,
Tres Banderas,Mendoza,Argentina,134,-33.04999731,-68.78044895,
La Toma,San Luis,Argentina,134,-33.12864308,-66.31031415,
Guañacos,Neuquén,Argentina,134,-37.26899111,-70.76567618,
La Parra,Río Negro,Argentina,134,-38.8608118,-68.0573807,
Barrio La Luna,Río Negro,Argentina,134,-39.06790479,-67.3778428,
Sierrita,Córdoba,Argentina,133,-31.40876413,-64.97684174,
Mula Muerta,Córdoba,Argentina,133,-30.89889683,-64.02073403,
Los Lapachos,Santa Fe,Argentina,133,-28.74411707,-59.66819181,
Las Garcitas,Santa Fe,Argentina,133,-28.79003917,-59.4764564,
Picada Berón,Entre Ríos,Argentina,133,-30.84567196,-59.37028812,
Potrero,Entre Ríos,Argentina,133,-32.82812433,-58.25794952,
Oyola,Catamarca,Argentina,133,-28.49355902,-65.40875588,
Tambillos,Jujuy,Argentina,133,-22.89709689,-65.96288502,
San Miguel de Colorados,Jujuy,Argentina,133,-23.57100315,-65.69712466,
Punta Corral,Jujuy,Argentina,133,-23.71992358,-65.39115577,
Río Pescado,Salta,Argentina,133,-22.94700235,-64.36623655,
San Vicente,Santiago del Estero,Argentina,133,-27.50743989,-63.47533323,
San Cristóbal,Santiago del Estero,Argentina,133,-26.58268766,-64.32941182,
Lojlo,Santiago del Estero,Argentina,133,-27.86180969,-63.46408057,
La Esperanza,Tucumán,Argentina,133,-27.39925677,-65.50827803,
Alta Unión,Misiones,Argentina,133,-27.21062301,-54.42687145,
Colonia Mixta,Chaco,Argentina,133,-26.08515928,-59.94077108,
Campo Grande,Chaco,Argentina,133,-26.91324294,-59.54471719,
Capi Vari,Corrientes,Argentina,133,-28.76793341,-57.78228934,
Zapata,Mendoza,Argentina,133,-33.49371938,-68.99049955,
Costa del Malleo,Neuquén,Argentina,133,-39.79517005,-71.00196943,
Mallín del Muerto,Neuquén,Argentina,133,-38.83067435,-70.09884822,
Barrio 25 de Mayo,Chubut,Argentina,133,-45.82640751,-67.46324312,
Pablo Acosta,Buenos Aires,Argentina,132,-37.15995283,-59.65226297,
Nueva Castilla,Buenos Aires,Argentina,132,-36.05662307,-63.0961158,
El Chajá,Buenos Aires,Argentina,132,-34.17838002,-59.24724312,
La Corina,Córdoba,Argentina,132,-31.29758243,-64.14253803,
Costa Grande,Entre Ríos,Argentina,132,-32.13850825,-60.43722526,
La Encierra,Entre Ríos,Argentina,132,-31.19279255,-59.12037963,
Colonia San Ramón,Entre Ríos,Argentina,132,-32.39004092,-58.33463019,
Alto de las Juntas,Catamarca,Argentina,132,-27.42793337,-65.99509744,
La Hoyada,Catamarca,Argentina,132,-26.54361856,-66.36216483,
El Desmonte,Santiago del Estero,Argentina,132,-28.56329256,-64.62434428,
Santa Elena,Santiago del Estero,Argentina,132,-28.59687877,-61.94292788,
La Paloma,Santiago del Estero,Argentina,132,-27.56215578,-61.85110483,
Taco Isla,Santiago del Estero,Argentina,132,-29.1903086,-63.17113183,
Barrio El Francés,Misiones,Argentina,132,-27.03292867,-55.41283724,
Campo Bedogni,Chaco,Argentina,132,-25.8773781,-60.85633905,
Campo Feldman,Chaco,Argentina,132,-26.91266554,-60.26852702,
Toro Paso,Formosa,Argentina,132,-25.33780887,-58.03878221,
Silvero Cué,Corrientes,Argentina,132,-28.05728336,-57.62328939,
La Bajada,San Luis,Argentina,132,-33.12323663,-66.01159145,
Los Alazanes,Neuquén,Argentina,132,-38.78210258,-70.23037652,
Divisadero,Buenos Aires,Argentina,131,-37.09996066,-56.90285005,
Cruce Muñoz,Buenos Aires,Argentina,131,-37.18264682,-60.64686518,
Chacras del Paraná,Buenos Aires,Argentina,131,-33.96879235,-59.26051362,
Ruta 9 Kilómetro 107,Buenos Aires,Argentina,131,-34.06157887,-59.28185795,
La Potasa,Santa Fe,Argentina,131,-29.14097603,-59.76176346,
El Nuevo Rincón,Entre Ríos,Argentina,131,-32.80937052,-58.66632617,
Arroyo Palo Seco,Entre Ríos,Argentina,131,-31.56810009,-59.8180986,
El Molle,La Rioja,Argentina,131,-29.28959128,-68.23002149,
Tuizón,La Rioja,Argentina,131,-30.42508116,-66.54064016,
La Jarilla,La Rioja,Argentina,131,-31.48456956,-66.39394936,
Las Cortaderas,Salta,Argentina,131,-24.90810868,-66.0553777,
La Estrella,Salta,Argentina,131,-23.82127817,-64.06279755,
Puesto El Pancho,Salta,Argentina,131,-23.02620719,-62.41344395,
Pozo El Mulato,Salta,Argentina,131,-22.79350827,-62.40323961,
Obraje María Angélica,Santiago del Estero,Argentina,131,-26.92343219,-63.15000464,
Blanco Pozo,Tucumán,Argentina,131,-27.0075121,-64.77924092,
Agua Azul,Tucumán,Argentina,131,-27.15869377,-65.13377213,
Colonia Flora,Misiones,Argentina,131,-26.99683878,-55.14702507,
Centro Forestal Pirané,Formosa,Argentina,131,-25.7118146,-59.22403278,
Trompul,Neuquén,Argentina,131,-40.13586937,-71.40751331,
Esteban Agustín Gascón,Buenos Aires,Argentina,130,-37.45583651,-63.25431155,
El Contador,Buenos Aires,Argentina,130,-34.13053875,-60.05131099,
Piñeyro,Buenos Aires,Argentina,130,-37.42276217,-61.73475951,
Los Merinos,Buenos Aires,Argentina,130,-35.22232921,-58.4378369,
La Blanqueada,Buenos Aires,Argentina,130,-35.66875697,-59.73706812,
El Pardo,Buenos Aires,Argentina,130,-33.72060532,-59.64363984,
Agua de las Piedras,Córdoba,Argentina,130,-30.81773942,-64.21224267,
Colonia La Argentina Chica,Santa Fe,Argentina,130,-34.10662915,-62.09680384,
Los Bretes,Santa Fe,Argentina,130,-31.3124786,-60.55307622,
Colonia Santa Zelmira,Entre Ríos,Argentina,130,-32.38779309,-58.65037785,
Las Chacritas,Catamarca,Argentina,130,-27.68817184,-65.9237482,
Miraflores,Jujuy,Argentina,130,-24.22509039,-64.82221968,
Santa Teresa,Salta,Argentina,130,-24.63958256,-63.64159987,
Azul Cuesta,Salta,Argentina,130,-22.54479213,-65.12098207,
Paloma,Santiago del Estero,Argentina,130,-28.73360446,-63.63443422,
Corral del Rey,Santiago del Estero,Argentina,130,-29.73884403,-62.9820303,
Dos Provincias,Santiago del Estero,Argentina,130,-30.1766503,-62.08096994,
Los Decima,Tucumán,Argentina,130,-26.85057219,-65.00221371,
Las Cuatro Bocas,Chaco,Argentina,130,-25.75329959,-60.87657275,
India Muerta,Chaco,Argentina,130,-27.26636747,-60.95637591,
El Saladillo,Chaco,Argentina,130,-27.81879586,-59.28978794,
Villa Devoto,Formosa,Argentina,130,-23.11257999,-62.05273537,
Santo Domingo,Neuquén,Argentina,130,-38.90459503,-69.78755617,
La Pequeña,Buenos Aires,Argentina,129,-36.74466985,-59.90602518,
Las Tunas,Buenos Aires,Argentina,129,-36.01262731,-62.67118647,
Barrio Estancia Golf Club,Buenos Aires,Argentina,129,-34.49336881,-59.00967755,
Molino Público,Entre Ríos,Argentina,129,-30.84106363,-59.62841466,
Colonia San Martín,Entre Ríos,Argentina,129,-31.5382391,-60.16367564,
Pajonal,Entre Ríos,Argentina,129,-32.40981492,-60.32171944,
Bermejito,Jujuy,Argentina,129,-23.78873771,-64.72993166,
Acoyte,Salta,Argentina,129,-22.28383024,-65.01767458,
Chacras,Santiago del Estero,Argentina,129,-29.51895011,-63.8996323,
Chilca,Tucumán,Argentina,129,-26.38040372,-64.68368171,
Campo Azul,Tucumán,Argentina,129,-27.29978419,-65.12646605,
La Costa,Tucumán,Argentina,129,-27.20413438,-65.5364882,
El Paso,Tucumán,Argentina,129,-26.58794031,-66.02981639,
Colonia Naranjito,Misiones,Argentina,129,-27.01227057,-55.28529878,
Tres Mojones Este,Chaco,Argentina,129,-27.96536311,-61.61810931,
La Lomita,Formosa,Argentina,129,-25.69924672,-58.72243513,
Paso Lallana,Corrientes,Argentina,129,-30.21609498,-59.33184024,
Colonia 2 de Abril,Corrientes,Argentina,129,-28.78311749,-58.68101563,
El Recuerdo,San Luis,Argentina,129,-32.70903172,-65.00179855,
Barrio Canale,Río Negro,Argentina,129,-39.06885101,-67.63854946,
La Choza,Buenos Aires,Argentina,128,-34.78284922,-59.10965236,
La Tahona Nueva,Buenos Aires,Argentina,128,-35.55841936,-58.32679769,
Campo Ferro,Buenos Aires,Argentina,128,-35.17646116,-57.51754462,
Gutiérrez,Buenos Aires,Argentina,128,-35.05182879,-57.68914249,
Cabal,Santa Fe,Argentina,128,-31.10013721,-60.74599039,
Costa de Mulas,Entre Ríos,Argentina,128,-30.3669094,-59.14991851,
Lago Salto Grande,Entre Ríos,Argentina,128,-31.19908603,-57.98280543,
Limay Mahuida,La Pampa,Argentina,128,-37.15983037,-66.67512368,
La Estancita,Catamarca,Argentina,128,-28.46490683,-65.85043359,
Corral Blanco de La Quiaca,Jujuy,Argentina,128,-22.1919738,-65.58186716,
La Paya,Salta,Argentina,128,-25.17347385,-66.2250826,
El Destierro,Salta,Argentina,128,-24.09844142,-62.47951616,
Corralito,Salta,Argentina,128,-25.96163944,-65.86473053,
Cejolao,Santiago del Estero,Argentina,128,-27.49224759,-62.30630611,
Colonia Siegel,Santiago del Estero,Argentina,128,-28.23088162,-63.15053225,
Alto de Taruca,Tucumán,Argentina,128,-26.5977877,-64.85125726,
Yucumanita,Tucumán,Argentina,128,-27.37774094,-65.53003451,
Colonia Mixta,Chaco,Argentina,128,-26.99782926,-59.13810606,
Malvinas Sur,Corrientes,Argentina,128,-29.70270446,-59.0767892,
La Pala,Buenos Aires,Argentina,127,-36.66392036,-63.3664656,
Arroyo Burgos,Buenos Aires,Argentina,127,-33.96344389,-59.86086379,
Palemón Huergo,Buenos Aires,Argentina,127,-34.79971926,-60.20566824,
La Anita,Buenos Aires,Argentina,127,-35.31124077,-58.92016476,
Colonia Las Guasquitas,Buenos Aires,Argentina,127,-36.14677473,-62.53143428,
Monte del Rosario,Córdoba,Argentina,127,-30.98226721,-63.60183037,
Colonia Pereira,Entre Ríos,Argentina,127,-32.30034787,-58.28005669,
Carrizal,La Rioja,Argentina,127,-30.64815107,-66.67518511,
Yavi Chico,Jujuy,Argentina,127,-22.09893954,-65.45920144,
Saucelito,Salta,Argentina,127,-23.43672323,-64.3339703,
La Salvación,Salta,Argentina,127,-24.04815963,-62.67916375,
Negra Muerta,Santiago del Estero,Argentina,127,-27.50774662,-64.13590501,
La Salvación,Santiago del Estero,Argentina,127,-25.65472557,-62.33673619,
El Simbolar,Santiago del Estero,Argentina,127,-27.67757322,-63.11140561,
Los Indios,Misiones,Argentina,127,-27.40382523,-55.20303971,
Pampa González,Chaco,Argentina,127,-27.25359238,-61.31681107,
El Lunar,Chaco,Argentina,127,-26.37026273,-59.09379813,
Lote 82,Chaco,Argentina,127,-26.14888243,-59.90502733,
El Cajón,Formosa,Argentina,127,-23.60681057,-61.22265549,
El Sol,Formosa,Argentina,127,-23.11177286,-62.05872856,
La Majadita,San Juan,Argentina,127,-30.68075231,-67.50550847,
Pozo del Carril,San Luis,Argentina,127,-33.20095891,-66.35260786,
Colonia Santa Gregoria,Río Negro,Argentina,127,-39.16848194,-66.21037674,
Rincón Treneta,Río Negro,Argentina,127,-40.9586129,-67.05346687,
El Descanso,Buenos Aires,Argentina,126,-34.10151534,-59.77822118,
El Chacho,Córdoba,Argentina,126,-30.80038264,-65.65640422,
Los Jagüeles,Córdoba,Argentina,126,-33.40287283,-64.53153963,
Lomas del Trozo,Córdoba,Argentina,126,-30.77629801,-63.01538805,
Las Dos Provincias,Córdoba,Argentina,126,-31.27976494,-62.0171293,
Colonia Alejandra,Santa Fe,Argentina,126,-29.98359992,-59.83359127,
Pájaro Blanco,Santa Fe,Argentina,126,-29.78029105,-59.78912524,
Rincón del Gato,Entre Ríos,Argentina,126,-32.74734471,-58.57379344,
Estacas,Entre Ríos,Argentina,126,-30.58400262,-59.25973943,
La Colmena,Entre Ríos,Argentina,126,-31.54896081,-59.71697633,
San Ernesto,Entre Ríos,Argentina,126,-31.85814555,-58.65144432,
Las Pajitas,Entre Ríos,Argentina,126,-31.92048183,-59.35742675,
Colonia Vichigasta,La Rioja,Argentina,126,-29.44955558,-67.48767043,
El Rosario,Catamarca,Argentina,126,-27.98930574,-65.69041447,
Palos Blancos,Jujuy,Argentina,126,-24.32698905,-64.94573264,
Vaca Muerta,Santiago del Estero,Argentina,126,-27.22577546,-64.15862781,
Ardiles de la Costa,Santiago del Estero,Argentina,126,-27.4831784,-64.529405,
Bajo Grande,Santiago del Estero,Argentina,126,-27.6034061,-64.01314162,
Santa Rita,Santiago del Estero,Argentina,126,-27.46069106,-62.97777871,
Arroyo Mista,Tucumán,Argentina,126,-27.18628987,-65.11087163,
Pampa Cabrera,Chaco,Argentina,126,-27.09704318,-61.36917633,
Colonia El Curundú,Chaco,Argentina,126,-26.93918792,-59.65449458,
Punta del Agua,Formosa,Argentina,126,-24.30760924,-60.5405207,
Colonia El Palmar,Formosa,Argentina,126,-25.85320161,-59.15960656,
Espinillo,Corrientes,Argentina,126,-29.95352369,-58.36409503,
Colonia Ferré,Corrientes,Argentina,126,-28.81164718,-59.09228179,
Puerto Hormiguero,Corrientes,Argentina,126,-28.59159052,-56.03130838,
Bella Vista,Neuquén,Argentina,126,-37.06112851,-70.77704989,
Günther,Buenos Aires,Argentina,125,-34.59295992,-61.91889256,
Bermúdez,Buenos Aires,Argentina,125,-34.69462372,-61.32868507,
Haras del Sur II,Buenos Aires,Argentina,125,-35.15498382,-58.04014171,
Trinchera,Córdoba,Argentina,125,-31.94490739,-62.81881798,
Alcaraz Primero,Entre Ríos,Argentina,125,-31.16757682,-59.33329882,
Campo Massine,Entre Ríos,Argentina,125,-31.9091872,-60.09902949,
San Antonio,La Rioja,Argentina,125,-31.08534562,-66.73159208,
El Rincón,Salta,Argentina,125,-25.36753015,-64.06844356,
Campo Amor,Santiago del Estero,Argentina,125,-28.61410976,-64.43286617,
El Quebrachal,Santiago del Estero,Argentina,125,-27.92313066,-63.943651,
La Cascada,Tucumán,Argentina,125,-26.81192916,-65.41202645,
Colonia General Paz,Chaco,Argentina,125,-26.70574342,-60.14456584,
Kilómetro 117,Formosa,Argentina,125,-26.44348176,-58.86864615,
Campo Grande,Formosa,Argentina,125,-24.10620078,-62.21814621,
Paso de las Piedras,Corrientes,Argentina,125,-29.75988812,-58.04332337,
Arroyo Solís,Corrientes,Argentina,125,-27.79183299,-58.60534908,
Villa Roth,Buenos Aires,Argentina,124,-34.57958482,-62.17133742,
San Eladio,Buenos Aires,Argentina,124,-34.75152406,-59.18650987,
Condarco,Buenos Aires,Argentina,124,-35.27299864,-63.0670755,
San Eugenio,Santa Fe,Argentina,124,-32.07617176,-61.11579879,
Quebrada de Hualfín,Catamarca,Argentina,124,-27.20737257,-66.85828596,
Dique Los Alisos,Jujuy,Argentina,124,-24.26215614,-65.33234435,
San Juan de Dios,Jujuy,Argentina,124,-24.50497066,-64.71062895,
San Bernardo,Salta,Argentina,124,-22.60556804,-62.62381301,
San Antonio,Salta,Argentina,124,-25.99653999,-66.02948558,
El Rincón,Santiago del Estero,Argentina,124,-26.72364412,-64.44559183,
San Antonio de Copo,Santiago del Estero,Argentina,124,-28.35209867,-63.15867955,
Las Encrucijadas,Tucumán,Argentina,124,-27.25896987,-65.08637043,
El Quinto,Chaco,Argentina,124,-25.17517291,-62.60537811,
Colonia General Lavalle Norte,Chaco,Argentina,124,-27.26209349,-61.02833083,
El Ñandubay,Chaco,Argentina,124,-27.74263193,-61.05227524,
Pozo del Indio,Chaco,Argentina,124,-27.01340524,-61.01801089,
El 45,Chaco,Argentina,124,-26.40501733,-60.4154361,
Legua 54,Chaco,Argentina,124,-26.90094619,-59.45363401,
Media Luna,Formosa,Argentina,124,-23.75720691,-61.02187002,
Colonia Gobernador Gallino,Corrientes,Argentina,124,-28.9073255,-58.89393117,
Barrio Frontera,Río Negro,Argentina,124,-39.07427227,-67.70580012,
Cardenal Cagliero,Buenos Aires,Argentina,123,-40.65015578,-62.75562717,
Casalins,Buenos Aires,Argentina,123,-36.31636081,-58.55142937,
La Beba,Buenos Aires,Argentina,123,-34.1541391,-61.0112843,
Fauzón,Buenos Aires,Argentina,123,-35.38870856,-61.00619391,
Nueva Granada,Buenos Aires,Argentina,123,-35.58002125,-59.85888733,
Colonia El Dorado,Córdoba,Argentina,123,-33.86281244,-62.70790073,
Colonia El Bizcocho,Entre Ríos,Argentina,123,-31.04499056,-57.90133798,
Acostilla,Catamarca,Argentina,123,-28.72205196,-65.53092594,
Cangrejos,Jujuy,Argentina,123,-22.47184375,-65.55107292,
El Chorrillo,Salta,Argentina,123,-22.19948535,-63.92187829,
Puente Bajada,Santiago del Estero,Argentina,123,-28.21200957,-63.1421277,
Las Juntas (comuna Ciudacita),Tucumán,Argentina,123,-27.47130005,-65.38753277,
Puerto Rosario,Misiones,Argentina,123,-27.78033355,-55.01327722,
La Mascota,Chaco,Argentina,123,-26.80039379,-60.62937418,
Bajo Hondo Chico,Chaco,Argentina,123,-26.99688864,-60.33869851,
Martín Fierro,Formosa,Argentina,123,-25.31435465,-58.28419624,
Colonia Para Todos,Formosa,Argentina,123,-25.47253096,-58.66110681,
Río Seco,Formosa,Argentina,123,-23.10597738,-61.88704564,
Colonia San Gregorio Sur,Corrientes,Argentina,123,-30.62266205,-57.89035285,
Galarza,Corrientes,Argentina,123,-28.10086404,-56.66535312,
Puerto Almanza,Tierra del Fuego,Argentina,123,-54.86800588,-67.54533071,
Agua del Overo,Neuquén,Argentina,123,-39.31545086,-70.15102003,
Barrio Blanco,Río Negro,Argentina,123,-39.03527807,-67.79309203,
El Escorial,Chubut,Argentina,123,-43.0897628,-68.53986767,
La Alianza,Buenos Aires,Argentina,122,-37.71437755,-58.72171219,
Vagues,Buenos Aires,Argentina,122,-34.29917495,-59.44474991,
El Descanso,Córdoba,Argentina,122,-31.53141547,-63.05619233,
Colonia Francesa,Santa Fe,Argentina,122,-30.66583155,-59.9748218,
Aldea Grapschental,Entre Ríos,Argentina,122,-31.96051877,-60.49898375,
Tres Esquinas,Entre Ríos,Argentina,122,-32.36413978,-60.34494118,
Colonia La Blanquita,Entre Ríos,Argentina,122,-31.62046913,-58.78205818,
La Aguada,Salta,Argentina,122,-25.10022148,-66.21919381,
El Atamisqui,Salta,Argentina,122,-25.14107279,-64.16612281,
El Naranjito,Santiago del Estero,Argentina,122,-27.55498622,-64.77450777,
Cheej,Santiago del Estero,Argentina,122,-28.05212958,-63.86486394,
Colonia Cunci,Misiones,Argentina,122,-26.19175542,-54.25830221,
Pampa Alegría,Chaco,Argentina,122,-26.68311829,-60.39530659,
El Palmar Norte,Chaco,Argentina,122,-27.16537038,-61.46824566,
San Martín I,Formosa,Argentina,122,-24.53246612,-59.90212059,
Costa Sud Maloyas,Corrientes,Argentina,122,-27.74592637,-58.10241692,
Campo Morato,Corrientes,Argentina,122,-29.70499219,-59.34864343,
Santos Lugares,Corrientes,Argentina,122,-27.847215,-55.9052761,
Pampa del Malleo,Neuquén,Argentina,122,-39.74129429,-71.00056767,
Barrio El Maruchito,Río Negro,Argentina,122,-38.9962825,-67.76180641,
Cristiano Muerto,Buenos Aires,Argentina,121,-38.64809478,-59.60599751,
Colonia Las Cuatro Esquinas,Córdoba,Argentina,121,-31.20854804,-63.22296867,
San Rafael,Córdoba,Argentina,121,-31.83369872,-65.54990548,
Villa Paso de las Piedras,Santa Fe,Argentina,121,-31.29124735,-60.97964903,
María Grande Segunda,Entre Ríos,Argentina,121,-31.67828291,-59.70966141,
La Aguadita,La Rioja,Argentina,121,-30.40417735,-66.36692712,
El Taco,Catamarca,Argentina,121,-28.70268808,-65.60035056,
Rachaite,Jujuy,Argentina,121,-22.84732275,-66.15872285,
La Esperanza,Salta,Argentina,121,-22.93912774,-62.93788336,
Las Lomas,Santiago del Estero,Argentina,121,-25.81704257,-62.33525961,
Las Peñas,Santiago del Estero,Argentina,121,-28.29027789,-64.918965,
Pozo Grande,Santiago del Estero,Argentina,121,-29.46776151,-63.79566186,
San José,Tucumán,Argentina,121,-26.74452393,-64.9797055,
Los Gómez,Tucumán,Argentina,121,-27.81465055,-65.32404336,
Rinconada Chica,Tucumán,Argentina,121,-27.18875011,-65.35926745,
Alderete,Tucumán,Argentina,121,-27.33863583,-65.23922082,
Picada Río Uruguay,Misiones,Argentina,121,-27.17752436,-54.70200503,
Lote 126,Chaco,Argentina,121,-25.67687156,-60.95518231,
Balneario Paranacito,Chaco,Argentina,121,-27.64926205,-58.90427093,
La Picadita,Formosa,Argentina,121,-26.04106091,-59.1616274,
Vaca Paso,Corrientes,Argentina,121,-29.36231321,-58.58754613,
Ramones,Corrientes,Argentina,121,-27.83320512,-58.29613319,
Laplacette,Buenos Aires,Argentina,120,-34.72312874,-61.1582664,
Palantelén,Buenos Aires,Argentina,120,-35.1673914,-60.33473227,
María Lucila,Buenos Aires,Argentina,120,-36.1929992,-61.53821901,
La Aguada,Córdoba,Argentina,120,-32.95361773,-64.60365348,
El Lindero,Córdoba,Argentina,120,-31.69855974,-65.39233662,
Colonia El Acequión,Córdoba,Argentina,120,-32.25477891,-62.81319881,
Plaza Matilde,Santa Fe,Argentina,120,-31.79626688,-61.01001349,
Campo Magnago,Santa Fe,Argentina,120,-29.29190835,-59.93807673,
La Esmeralda,Santa Fe,Argentina,120,-29.32268876,-59.71321548,
La Teresita,Santa Fe,Argentina,120,-31.23618728,-60.9500732,
Unanué,La Pampa,Argentina,120,-37.54415228,-64.35125612,
Chañar Laguna,Catamarca,Argentina,120,-28.49487357,-65.13055496,
Barrio Finca La Maroma,Salta,Argentina,120,-25.15150355,-65.44277105,
Las Pailas,Salta,Argentina,120,-25.05192156,-66.19740247,
La Aguadita,Salta,Argentina,120,-25.46178559,-64.95782355,
Lizoite,Salta,Argentina,120,-22.26075649,-65.15765478,
Caloj,Santiago del Estero,Argentina,120,-28.47753392,-63.65911899,
Morcillo,Santiago del Estero,Argentina,120,-27.82858735,-63.99013082,
Azogasta,Santiago del Estero,Argentina,120,-27.92343153,-63.47136391,
La Soledad,Tucumán,Argentina,120,-27.08185036,-65.07532583,
Pampa Nardelli,Chaco,Argentina,120,-26.33612188,-60.58201094,
El Recoveco,Chaco,Argentina,120,-26.83971525,-61.42044476,
Villa General Urquiza,Formosa,Argentina,120,-24.64529625,-60.23390092,
Rincón de Vences,Corrientes,Argentina,120,-27.81209832,-58.25407867,
Rincón de Zalazar,Corrientes,Argentina,120,-27.82592372,-57.96091058,
Rincón de Soto,Corrientes,Argentina,120,-29.06585474,-59.20521929,
Santiago Alcorta,Corrientes,Argentina,120,-28.78528819,-58.71607177,
Yaminué,Río Negro,Argentina,120,-40.97749195,-67.1923486,
Los Sauquitos,Buenos Aires,Argentina,119,-36.26999919,-57.69275979,
Alta Vista,Buenos Aires,Argentina,119,-37.64860827,-62.70022831,
Casa Bamba,Córdoba,Argentina,119,-31.35304342,-64.39516656,
Tosno,Córdoba,Argentina,119,-30.95987382,-65.31039727,
Rumi Huasi,Córdoba,Argentina,119,-31.04018778,-65.22185904,
La Cañada,Córdoba,Argentina,119,-30.07385396,-63.35742798,
Los Corralitos,Santa Fe,Argentina,119,-30.07860105,-59.85907246,
Rincón Chico,Entre Ríos,Argentina,119,-32.39146682,-60.42512448,
Don Gonzalo,Entre Ríos,Argentina,119,-31.11981941,-59.17145225,
El Gramiyal,Entre Ríos,Argentina,119,-31.34924631,-59.11556449,
Apoyaco,Catamarca,Argentina,119,-28.30567426,-66.13660375,
El Algarrobal,Salta,Argentina,119,-22.19243271,-63.63739034,
El Milagro,Salta,Argentina,119,-24.09143258,-62.89316078,
Ahí Veremos,Santiago del Estero,Argentina,119,-27.38347289,-64.13443779,
Quilumpa,Santiago del Estero,Argentina,119,-26.95026237,-62.90752653,
Amimán,Santiago del Estero,Argentina,119,-29.45525504,-63.88441516,
Pozo Nuevo,Santiago del Estero,Argentina,119,-26.07468929,-64.25273114,
Colonia Delicia,Misiones,Argentina,119,-26.19275493,-54.44356295,
Bajo Pepirí,Misiones,Argentina,119,-26.32419048,-53.67840475,
Bajo Hondo Grande,Chaco,Argentina,119,-26.95476792,-60.51504157,
Cacique Dominga,Chaco,Argentina,119,-26.99809773,-60.25572593,
Paso Los Ángeles,Corrientes,Argentina,119,-29.70267541,-59.29139939,
Rincón de Yaguary,Corrientes,Argentina,119,-29.67469484,-57.675,
Quili Malal,Neuquén,Argentina,119,-38.32614994,-69.8135411,
Huilqui Menuco,Neuquén,Argentina,119,-39.80631468,-70.92531308,
Zanjón de Oyuela,Río Negro,Argentina,119,-40.70700871,-63.43964835,
Barrio Aldea Casa Blanca,Chubut,Argentina,119,-43.27162989,-65.20739128,
Colonia Lapin,Buenos Aires,Argentina,118,-37.37221918,-63.05380357,
Camping Magdalena,Buenos Aires,Argentina,118,-35.03170132,-57.50653544,
Martín Colman,Buenos Aires,Argentina,118,-36.41041842,-59.14258847,
Román Báez,Buenos Aires,Argentina,118,-34.73804953,-59.8389665,
Colonia Santa Ana,Buenos Aires,Argentina,118,-36.34461245,-62.48016733,
Estancia Benquerencia,Buenos Aires,Argentina,118,-35.55836276,-58.62086346,
Schiffner,Santa Fe,Argentina,118,-31.97611958,-62.05371728,
Humaitá,Entre Ríos,Argentina,118,-31.76773744,-58.14425915,
Tatutí,Entre Ríos,Argentina,118,-30.60359507,-58.17720976,
Colonia Oficial Nº 11,Entre Ríos,Argentina,118,-31.36907764,-59.84734527,
La Angostura,Catamarca,Argentina,118,-26.53004315,-66.6983552,
Caracara,Jujuy,Argentina,118,-22.31681698,-65.65802194,
Guaycurú,Santiago del Estero,Argentina,118,-27.71616125,-64.08249895,
Pampa Muyoj,Santiago del Estero,Argentina,118,-27.66353255,-63.30121487,
San Carlos,Santiago del Estero,Argentina,118,-27.40860997,-63.16021343,
La Cruz,Santiago del Estero,Argentina,118,-29.58368016,-63.72425817,
Agua Blanca,Tucumán,Argentina,118,-26.36997695,-64.78208196,
La Yerba,Misiones,Argentina,118,-27.16577956,-54.67268389,
La Nueva Unión,Chaco,Argentina,118,-25.79152238,-60.97734569,
Colonia José Mármol,Chaco,Argentina,118,-27.16762173,-60.69610362,
Puerta Misión,Formosa,Argentina,118,-26.21473504,-58.73202416,
Talaty,Corrientes,Argentina,118,-27.84252575,-57.75940168,
Cavia Cué,Corrientes,Argentina,118,-27.52957809,-58.62975103,
Santo Domingo,Corrientes,Argentina,118,-28.68132451,-58.82014045,
Camarico,San Juan,Argentina,118,-32.0466097,-68.00245647,
Salinas del Bebedero,San Luis,Argentina,118,-33.50138189,-66.65145868,
El Duraznito,San Luis,Argentina,118,-32.30918949,-65.27583308,
La Salada,Neuquén,Argentina,118,-37.30433585,-70.24518144,
Aparicio,Buenos Aires,Argentina,117,-38.62107236,-60.8828151,
Ingeniero Moneta,Buenos Aires,Argentina,117,-33.93069003,-59.74945885,
Pasicott,Buenos Aires,Argentina,117,-35.05043672,-62.02499859,
El Balcón,Buenos Aires,Argentina,117,-35.32815868,-59.29009428,
Iraola,Buenos Aires,Argentina,117,-37.25232435,-58.91637235,
Onagoity,Córdoba,Argentina,117,-34.77263065,-63.67215453,
Los Socavones,Córdoba,Argentina,117,-30.25463329,-64.03758178,
Casablanca,Santa Fe,Argentina,117,-30.96695816,-61.73979292,
Boca de las Piedras,Entre Ríos,Argentina,117,-32.61679723,-60.53211629,
San Solano,La Rioja,Argentina,117,-31.47972206,-65.92090434,
El Pongo,Jujuy,Argentina,117,-24.33659563,-65.08881042,
Vallecito,Salta,Argentina,117,-25.67411458,-63.99262696,
Pozo del Sauce,Salta,Argentina,117,-23.66146689,-63.06134423,
Fortín Aspirante,Santiago del Estero,Argentina,117,-28.89604528,-62.62637327,
Crucesitas,Santiago del Estero,Argentina,117,-28.49307306,-64.24271086,
Oratorio,Santiago del Estero,Argentina,117,-29.15205008,-63.37939669,
El Matal,Tucumán,Argentina,117,-26.6552915,-65.0651511,
La Encantada,Tucumán,Argentina,117,-27.08414447,-65.23481296,
Puerto España,Misiones,Argentina,117,-27.04191219,-55.44460592,
Colonia Napenay,Chaco,Argentina,117,-26.84261752,-60.60441778,
El Ceibal,Formosa,Argentina,117,-24.36416137,-59.81334363,
Basualdo,Corrientes,Argentina,117,-30.19447926,-58.45984072,
Laguna Itá,Corrientes,Argentina,117,-30.20778987,-59.4750767,
Zonda,San Juan,Argentina,117,-30.39258051,-69.21016319,
Los Chihuidos,Neuquén,Argentina,117,-38.24138924,-69.48403518,
Boca de la Travesía,Río Negro,Argentina,117,-40.22410555,-64.06696771,
Mauricio Hirsch,Buenos Aires,Argentina,116,-35.5815738,-61.52683555,
Sundblad,Buenos Aires,Argentina,116,-35.76454836,-63.14020934,
Argerich,Buenos Aires,Argentina,116,-38.77023556,-62.60295463,
Bosch,Buenos Aires,Argentina,116,-37.64686174,-58.23955873,
Los Mellizos,Buenos Aires,Argentina,116,-36.73026854,-59.16367917,
Ojo de Agua de Totox,Córdoba,Argentina,116,-31.21644688,-65.2461149,
Cañada de Salas,Córdoba,Argentina,116,-31.30289138,-65.19513046,
Campo Ambroggio,Santa Fe,Argentina,116,-30.90733483,-61.69448017,
La Esperanza,Santa Fe,Argentina,116,-30.05506682,-61.87560643,
Alcaraz Sur,Entre Ríos,Argentina,116,-31.35574153,-59.83428007,
Aguadita de los Peralta,La Rioja,Argentina,116,-30.77785629,-66.24700992,
Puluchán,La Rioja,Argentina,116,-30.98099992,-66.67818677,
Loma Atravesada,Jujuy,Argentina,116,-24.3092633,-65.33374669,
Agua Negra,Salta,Argentina,116,-25.15345454,-65.69399231,
Dique Itiyuro,Salta,Argentina,116,-22.10306502,-63.73211279,
Paso El Durazno,Salta,Argentina,116,-25.57754072,-64.98913996,
El Churcal,Salta,Argentina,116,-25.42428309,-66.24035955,
Los Ralos,Santiago del Estero,Argentina,116,-28.53534046,-64.99430475,
Monte Flor,Santiago del Estero,Argentina,116,-26.60319569,-64.49790583,
Jumi Pozo,Santiago del Estero,Argentina,116,-28.8478888,-64.51897153,
Nueva Industria,Santiago del Estero,Argentina,116,-27.91835273,-64.0014046,
La Aguada,Tucumán,Argentina,116,-27.26261329,-65.64771402,
Laguna Blanca,Tucumán,Argentina,116,-27.10691356,-65.06752194,
Cancha Larga,Chaco,Argentina,116,-27.07833224,-58.73182352,
Pampa Villordo,Chaco,Argentina,116,-27.10627316,-60.8573253,
Los Quirquinchos,Chaco,Argentina,116,-25.69756004,-60.9159554,
Colonia La Matanza,Chaco,Argentina,116,-26.61078723,-60.24423978,
Arroyo Marote,Corrientes,Argentina,116,-29.75080487,-58.07794846,
Libella,San Juan,Argentina,116,-31.61192473,-68.36840366,
La Portada,San Luis,Argentina,116,-34.41989492,-65.48232005,
El Rincón,Neuquén,Argentina,116,-40.71724569,-71.79323172,
Pueblo Nuevo,Buenos Aires,Argentina,115,-37.52370121,-60.7740826,
Julio Arditi,Buenos Aires,Argentina,115,-35.12850916,-57.64650569,
La Pesquería,Buenos Aires,Argentina,115,-37.55239272,-58.97273096,
Santa María,Córdoba,Argentina,115,-31.90393288,-65.43832871,
Cabituyo,Córdoba,Argentina,115,-31.2957078,-63.12636792,
Colonia Cavour,Santa Fe,Argentina,115,-31.38311468,-61.01830577,
Campo Ghiano,Santa Fe,Argentina,115,-32.24273044,-61.6432798,
Estación Federación,Entre Ríos,Argentina,115,-30.99024882,-58.05729918,
El Ombú Centenario,Entre Ríos,Argentina,115,-30.49849127,-59.13976862,
Las Cuatro Bocas,Entre Ríos,Argentina,115,-33.10514164,-60.356952,
Pichi Mahuida,La Pampa,Argentina,115,-38.8185072,-64.93353156,
El Retiro,Salta,Argentina,115,-23.75539158,-63.8653686,
Agua Verde,Salta,Argentina,115,-22.49987928,-62.40832732,
El Salvador,Santiago del Estero,Argentina,115,-28.96357001,-64.5763194,
Santa Catalina,Santiago del Estero,Argentina,115,-27.24683514,-63.48734939,
Ampata,Tucumán,Argentina,115,-27.43101952,-65.24394394,
Barra Machado,Misiones,Argentina,115,-27.53840704,-54.78472773,
Laguna Araujo,Chaco,Argentina,115,-24.91249562,-61.48974027,
El Palmar,Chaco,Argentina,115,-26.81771526,-59.75369099,
Paso del Oso,Chaco,Argentina,115,-26.69591118,-59.90487679,
Pescado Negro,Formosa,Argentina,115,-23.37890695,-61.77485508,
Ñandubay,Corrientes,Argentina,115,-29.45633378,-58.65211153,
Dique La Florida,San Luis,Argentina,115,-33.12229552,-66.03520483,
Las Quintas,Córdoba,Argentina,114,-31.53768301,-64.30344507,
Assunta,Córdoba,Argentina,114,-33.63416539,-63.22562209,
El Alcalde,Córdoba,Argentina,114,-31.11640794,-63.60161629,
Campo Colla,Santa Fe,Argentina,114,-31.76952171,-61.399223,
Colonia El Mate,Santa Fe,Argentina,114,-28.78456051,-61.84311328,
Loma Negra,Entre Ríos,Argentina,114,-31.21469864,-58.20857184,
Yapes,Catamarca,Argentina,114,-26.84544595,-66.07643307,
La Trampa,Salta,Argentina,114,-24.89020934,-64.84673238,
El Gallinato,Salta,Argentina,114,-24.68646626,-65.28678702,
Cerro Negro,Salta,Argentina,114,-23.50120219,-66.11793183,
Suri Pozo,Santiago del Estero,Argentina,114,-27.20552724,-64.64575556,
El Albardón,Santiago del Estero,Argentina,114,-29.38747926,-63.08180716,
Abrita Grande,Santiago del Estero,Argentina,114,-27.60818733,-64.54330214,
El Sinqueal,Tucumán,Argentina,114,-26.99652871,-64.7986255,
Primavera,Chaco,Argentina,114,-25.03078225,-62.60974277,
Olla Quebrada,Chaco,Argentina,114,-25.46362961,-60.46725339,
Lote 4,Chaco,Argentina,114,-27.3534575,-60.41480087,
El Rosario,Formosa,Argentina,114,-22.71462684,-62.31779925,
Palo Seco,Formosa,Argentina,114,-22.99899154,-62.12666951,
Timbocito,Corrientes,Argentina,114,-28.89713864,-58.22608439,
Tacuaritas,Corrientes,Argentina,114,-28.79874852,-58.37420582,
Parque Diana,Neuquén,Argentina,114,-40.31440679,-71.38055973,
Mariano Unzué,Buenos Aires,Argentina,113,-36.1373009,-61.00782277,
Villa San Alberto,Buenos Aires,Argentina,113,-34.46315142,-59.56763317,
Villa Leandra,Buenos Aires,Argentina,113,-33.64631518,-59.88133559,
La Elvira,Buenos Aires,Argentina,113,-36.25531334,-62.67041719,
Arroyo Hondo,Entre Ríos,Argentina,113,-30.60469523,-59.52826803,
Piedras Largas,Catamarca,Argentina,113,-27.60184635,-67.19702736,
Casira,Jujuy,Argentina,113,-21.97768094,-65.89605952,
Hasse,Santiago del Estero,Argentina,113,-27.06683347,-62.64724567,
Maninioj,Santiago del Estero,Argentina,113,-26.31944766,-63.56141123,
Ambargasta,Santiago del Estero,Argentina,113,-29.2676807,-63.96906695,
El Pueblito,Santiago del Estero,Argentina,113,-29.17243963,-63.57164711,
Colonia San Vicente,Tucumán,Argentina,113,-26.97665731,-65.087163,
Puerto Lavalle,Chaco,Argentina,113,-25.65857533,-60.13183547,
Santa Rita,Chaco,Argentina,113,-25.95766077,-60.01185992,
Colonia General Urquiza,Chaco,Argentina,113,-27.13463183,-60.7670234,
Lote 6,Chaco,Argentina,113,-27.22914197,-60.63237569,
El Angelito,Formosa,Argentina,113,-26.34615767,-58.43802422,
Paso López,Corrientes,Argentina,113,-29.21123602,-58.80271377,
Balcarce,San Luis,Argentina,113,-32.56163647,-65.03082428,
El Salitral,Neuquén,Argentina,113,-39.82534853,-70.62499962,
La Josefina,Buenos Aires,Argentina,112,-35.86326753,-58.05769651,
Santa Rita,Buenos Aires,Argentina,112,-36.31404496,-62.0617968,
Alto Grande,Córdoba,Argentina,112,-31.51430297,-65.11177602,
Colonia Maunier Norte,Córdoba,Argentina,112,-30.54681509,-62.17414769,
Campo Mendoza,Santa Fe,Argentina,112,-29.40902786,-59.72111404,
Colonia Santa Irene,Santa Fe,Argentina,112,-32.21566484,-61.27396595,
Cle,Entre Ríos,Argentina,112,-32.60243882,-59.55830674,
Las Estancias,Catamarca,Argentina,112,-27.53948164,-65.98063783,
La Bajada,Catamarca,Argentina,112,-27.90541858,-65.37532749,
Tesorero,Jujuy,Argentina,112,-23.94800518,-65.29956312,
Colomé,Salta,Argentina,112,-25.50592739,-66.39253622,
Lomitas,Santiago del Estero,Argentina,112,-28.5892125,-64.03575211,
Puesto del Medio,Santiago del Estero,Argentina,112,-27.7968533,-64.55104465,
Mistolito,Santiago del Estero,Argentina,112,-26.95955807,-63.82684407,
San Francisco,Santiago del Estero,Argentina,112,-29.41877258,-63.17056929,
El Candelario,Santiago del Estero,Argentina,112,-28.83562614,-63.33512489,
Potrero de las Tablas,Tucumán,Argentina,112,-26.85314712,-65.43222659,
El Remate,Tucumán,Argentina,112,-26.62339635,-65.87062921,
Las Cañitas,Tucumán,Argentina,112,-26.69706457,-65.17295347,
Kilómetro 20,Misiones,Argentina,112,-26.81718716,-54.76087477,
El Palmar Sur,Chaco,Argentina,112,-27.21891121,-61.46535304,
10 de Mayo,Chaco,Argentina,112,-25.80896809,-60.07751709,
Pueblo Coronel Díaz,Chaco,Argentina,112,-27.63542851,-60.79327352,
Oetling,Chaco,Argentina,112,-27.41646616,-59.99654358,
Puerto Lavalle,Formosa,Argentina,112,-25.64919106,-60.12694258,
Sáenz Valiente,Corrientes,Argentina,112,-30.493589,-57.91218822,
Corralito,Río Negro,Argentina,112,-40.72259359,-70.71014257,
Los Tres Boliches,Buenos Aires,Argentina,111,-37.6453284,-58.48610464,
Las Garzas,Buenos Aires,Argentina,111,-35.23303772,-59.15253459,
El Jabalí,Buenos Aires,Argentina,111,-35.44482828,-61.34975185,
La Feria,Buenos Aires,Argentina,111,-33.54609447,-60.08981383,
El Centro,Buenos Aires,Argentina,111,-33.7528239,-59.72051614,
Barrio Las Plantaciones,Buenos Aires,Argentina,111,-35.14372144,-58.2078372,
La Carolina,Córdoba,Argentina,111,-33.71680092,-62.70553854,
Piedras Amontonadas,Córdoba,Argentina,111,-30.8846236,-65.18147557,
Costa Alegre,Córdoba,Argentina,111,-31.49850956,-63.45043511,
Campo Winkler,Santa Fe,Argentina,111,-28.36395365,-59.29502757,
Ingeniero Boassi,Santa Fe,Argentina,111,-31.08344848,-61.17980812,
Colonia Angeloni,Santa Fe,Argentina,111,-30.90169948,-60.68749755,
El Histórico,Santa Fe,Argentina,111,-28.96541772,-60.43608456,
Mazaruca,Entre Ríos,Argentina,111,-33.60859286,-59.27838018,
Mojones Sur,Entre Ríos,Argentina,111,-31.71645056,-59.18054281,
Puerta Grande,Catamarca,Argentina,111,-27.98030641,-65.41765688,
Anca Overa,Santiago del Estero,Argentina,111,-26.35627201,-63.62664023,
Shillpi,Santiago del Estero,Argentina,111,-28.44735809,-63.82670826,
Kilómetro 88,Santiago del Estero,Argentina,111,-29.2821592,-64.14212087,
Colonia Mackinlay,Santiago del Estero,Argentina,111,-30.25733661,-62.12213314,
Chasquivil,Tucumán,Argentina,111,-26.62702479,-65.60355356,
Isla Yabol Guazú,Formosa,Argentina,111,-25.11530391,-58.33507918,
Maloyitas,Corrientes,Argentina,111,-27.69269587,-57.95778187,
El Cerrito,Corrientes,Argentina,111,-29.39338358,-59.39040359,
Villa Lago Lolog,Neuquén,Argentina,111,-40.07400932,-71.32006381,
Fortín Acha,Buenos Aires,Argentina,110,-34.3423484,-61.51518017,
El Zapallar,Córdoba,Argentina,110,-30.18436877,-63.05303177,
Angeloni,Santa Fe,Argentina,110,-30.85566589,-60.65017553,
Campo La Nieva,Santa Fe,Argentina,110,-30.93279599,-61.38482051,
Coronel Rodríguez,Santa Fe,Argentina,110,-31.70102183,-61.24597326,
Las Colas,Entre Ríos,Argentina,110,-33.09728659,-59.34369982,
Alcaraz Norte,Entre Ríos,Argentina,110,-31.32742786,-59.75519494,
Pueblo Primero,Entre Ríos,Argentina,110,-32.28079476,-59.40271856,
Cholacor,Jujuy,Argentina,110,-22.32615523,-65.3234997,
Villa Fanny,Salta,Argentina,110,-25.12344931,-65.53028182,
La Centella,Santiago del Estero,Argentina,110,-29.02311615,-63.00222213,
Soberanía,Misiones,Argentina,110,-25.72128909,-53.89918976,
Colonia Hipólito Vieytes,Chaco,Argentina,110,-26.94798307,-59.89352751,
La Invernada,Formosa,Argentina,110,-24.80987859,-60.1281868,
Paso Cerrito,Corrientes,Argentina,110,-29.02982748,-58.79092838,
Las Cartas,Río Negro,Argentina,110,-41.07397426,-71.53459413,
Barrio Güemes,Chubut,Argentina,110,-45.82223767,-67.49207459,
Villa Sanz,Buenos Aires,Argentina,109,-35.98571419,-60.93775383,
Santo Domingo,Buenos Aires,Argentina,109,-35.01772546,-60.5950617,
Martín García,Buenos Aires,Argentina,109,-34.18764334,-58.25366447,
Agua de Ramón,Córdoba,Argentina,109,-30.85084541,-65.36512317,
Carolina,Córdoba,Argentina,109,-33.5239255,-64.21157436,
Colonia La Mercantil,Córdoba,Argentina,109,-33.69816323,-64.26331928,
Colonia Monte Tala,Córdoba,Argentina,109,-31.04705909,-62.86234895,
Campo Nigro Sur,Córdoba,Argentina,109,-32.12499078,-63.56767316,
Manucho,Santa Fe,Argentina,109,-31.26805604,-60.81204194,
Puerto Algarrobo,Entre Ríos,Argentina,109,-31.10963592,-59.85071254,
Vilismán,Catamarca,Argentina,109,-28.49772367,-65.43310031,
San Francisco de Alfarcito,Jujuy,Argentina,109,-23.31984298,-65.9739537,
Casa Colorada,Jujuy,Argentina,109,-22.32594064,-66.28394615,
Tabladitas,Jujuy,Argentina,109,-22.74578965,-65.60604612,
Balboa,Salta,Argentina,109,-25.86700452,-64.81892851,
Río Muerto,Chaco,Argentina,109,-25.42157233,-60.48226166,
Lote 14,Chaco,Argentina,109,-27.21316167,-60.47627761,
Pacho Cué,Corrientes,Argentina,109,-29.01453979,-56.58687013,
Las Casuarinas,San Juan,Argentina,109,-31.78600723,-68.2950284,
Juan Wenceslao Gez,San Luis,Argentina,109,-33.39005219,-66.13253933,
Mamuel Choique,Río Negro,Argentina,109,-41.77246511,-70.13807087,
Paula,Buenos Aires,Argentina,108,-36.50357082,-61.02483138,
Sarasa,Buenos Aires,Argentina,108,-34.04809391,-61.20172435,
El Destino,Buenos Aires,Argentina,108,-36.00492357,-59.88875823,
La Dulce,Buenos Aires,Argentina,108,-34.89665354,-59.61743334,
Los Quebrachitos,Córdoba,Argentina,108,-31.59666,-65.4558942,
Colonia Los Troncos,Santa Fe,Argentina,108,-32.66022512,-61.61987717,
San Rafael,Santa Fe,Argentina,108,-30.31108974,-61.65519901,
Arroyo Las Tunas,Entre Ríos,Argentina,108,-30.71907346,-58.84765254,
Cachirulo,La Pampa,Argentina,108,-36.74739615,-64.3673907,
Mollaco,La Rioja,Argentina,108,-30.97603644,-66.41558451,
Trampasacha,Catamarca,Argentina,108,-28.84676148,-66.29485318,
Las Peñas,Catamarca,Argentina,108,-29.48544452,-65.51855664,
La Vertiente,Salta,Argentina,108,-22.50744417,-62.65216839,
San José,Santiago del Estero,Argentina,108,-28.62976017,-63.21539488,
Villa Vieja,Santiago del Estero,Argentina,108,-28.3342168,-64.06981641,
La Abrita,Santiago del Estero,Argentina,108,-28.023227,-64.20906811,
San Ramón,Tucumán,Argentina,108,-26.42393202,-64.69385904,
Sud de Trejos,Tucumán,Argentina,108,-27.51321389,-65.3359048,
Víboras Blancas,Chaco,Argentina,108,-25.47843248,-60.41379369,
Isla Antequera,Chaco,Argentina,108,-27.40839243,-58.82701468,
Bajo Hondo,Formosa,Argentina,108,-24.03362623,-60.76583812,
Colonia Dalmacia,Formosa,Argentina,108,-25.85610066,-57.90493697,
Kilómetro 15,Formosa,Argentina,108,-24.28788648,-59.96820629,
Colonia Juan Pujol,Corrientes,Argentina,108,-27.90499072,-57.97552422,
Huemul,Neuquén,Argentina,108,-40.90002425,-71.4771917,
El Mirador,Chubut,Argentina,108,-42.419339,-69.99614019,
Zenón Videla Dorna,Buenos Aires,Argentina,107,-35.54208449,-58.88645075,
Medaland,Buenos Aires,Argentina,107,-37.41128587,-57.21469343,
La Campana,Buenos Aires,Argentina,107,-35.74018947,-59.65177749,
Tres Mojones,Buenos Aires,Argentina,107,-37.49649047,-58.87509029,
La Esmeralda,Córdoba,Argentina,107,-31.23744891,-64.38344507,
Cosme Sur,Córdoba,Argentina,107,-31.72674863,-64.11373995,
Villa Buena Esperanza,Córdoba,Argentina,107,-31.61550585,-64.48434323,
Eustolia,Santa Fe,Argentina,107,-31.57662265,-61.78353419,
Olgivie,Santa Fe,Argentina,107,-29.35843041,-60.18805311,
Paraje Guayaquil,Entre Ríos,Argentina,107,-30.9788945,-58.07065335,
Arroyo Negro,Entre Ríos,Argentina,107,-33.86371009,-58.67420265,
El Divisadero,Catamarca,Argentina,107,-29.20152742,-65.45248378,
La Aguada,Catamarca,Argentina,107,-27.98329635,-65.80102376,
Los Ávalos,Jujuy,Argentina,107,-24.34689592,-65.24709726,
Osma,Salta,Argentina,107,-25.20145674,-65.48876481,
La Firmeza,Santiago del Estero,Argentina,107,-25.97344944,-63.12133482,
Toledo,Santiago del Estero,Argentina,107,-28.82784326,-62.4437805,
Kilómetro 454,Santiago del Estero,Argentina,107,-28.56224203,-62.6842609,
La Fortuna Este,Santiago del Estero,Argentina,107,-26.12974044,-64.05881615,
El Arenal,Santiago del Estero,Argentina,107,-26.3243882,-63.76200616,
La Rinconada,Tucumán,Argentina,107,-26.45988369,-65.01039899,
Azopardo,Misiones,Argentina,107,-25.95682956,-53.88301967,
Pozo El Toba,Chaco,Argentina,107,-24.92876013,-61.51229981,
Campo Alemany,Chaco,Argentina,107,-26.05172518,-59.97078666,
Pampa Sena,Chaco,Argentina,107,-26.3708402,-60.60823817,
Curva de Novoa,Chaco,Argentina,107,-27.1723136,-60.96446524,
Pampa del Zorro,Chaco,Argentina,107,-26.90330324,-61.45275591,
Lote 1,Chaco,Argentina,107,-27.31864219,-60.63890446,
Colonia 20 de Junio,Formosa,Argentina,107,-24.90788012,-59.13773464,
Campo Romero,Corrientes,Argentina,107,-29.56521187,-58.95653976,
Rincón de San Lorenzo,Corrientes,Argentina,107,-28.13810004,-58.80339495,
La Majada,San Luis,Argentina,107,-32.52094093,-66.0385248,
Comicó,Río Negro,Argentina,107,-41.07069575,-67.47806838,
Coronel Falcón,Buenos Aires,Argentina,106,-38.60465635,-61.70016568,
Moores,Buenos Aires,Argentina,106,-34.95370472,-62.91377748,
Tablas,Buenos Aires,Argentina,106,-33.71373249,-59.8092552,
Villarino Viejo,Buenos Aires,Argentina,106,-38.72924054,-62.45913783,
San Gerónimo,Córdoba,Argentina,106,-31.34418449,-64.91904827,
Los Quebrachos,Córdoba,Argentina,106,-31.01928988,-63.87297219,
Pozo Salado,Córdoba,Argentina,106,-31.19056806,-63.12232874,
El Tropezón,Entre Ríos,Argentina,106,-31.94358654,-59.44540626,
Villaguay Este,Entre Ríos,Argentina,106,-31.89046543,-58.9943588,
Angulos,La Rioja,Argentina,106,-28.65565547,-67.65224965,
Chuchucaruana,Catamarca,Argentina,106,-27.9217507,-65.83860834,
Chuscha,Salta,Argentina,106,-26.05607508,-66.01488452,
Las Llanas,Salta,Argentina,106,-23.22590042,-63.44192169,
San Dionisio,Santiago del Estero,Argentina,106,-28.6995218,-63.90857906,
La Barrosa,Santiago del Estero,Argentina,106,-26.97116481,-63.53691014,
Loma Yeso,Santiago del Estero,Argentina,106,-27.74856937,-64.90074906,
Santa María,Santiago del Estero,Argentina,106,-27.86013788,-62.23071926,
La Manga,Santiago del Estero,Argentina,106,-26.37819935,-63.73210934,
Los Gramajo,Tucumán,Argentina,106,-27.40252547,-65.09018378,
Chañar Muyo,Tucumán,Argentina,106,-27.28532107,-65.19282821,
San José de Chasquivil,Tucumán,Argentina,106,-26.68949602,-65.60483753,
Villa Armonía,Misiones,Argentina,106,-27.56028277,-55.23680266,
Colonia Juan José Paso,Chaco,Argentina,106,-27.54493602,-60.8465155,
Costa Riacho Alazán,Formosa,Argentina,106,-26.32541002,-59.04359132,
Barranquerita,Corrientes,Argentina,106,-27.51995788,-57.22005002,
Alto del Algarrobal,Mendoza,Argentina,106,-34.61023582,-68.10686754,
Colonia Ceferino Namuncurá,Río Negro,Argentina,106,-39.1377602,-66.9111841,
Emilio Ayarza,Buenos Aires,Argentina,105,-34.74372794,-60.03910043,
Manantiales de Pereda,Buenos Aires,Argentina,105,-37.05072266,-59.94582094,
La Estrella,Buenos Aires,Argentina,105,-35.10339386,-59.44462134,
La Numancia,Buenos Aires,Argentina,105,-37.72386211,-59.09978552,
Jaime Peter,Córdoba,Argentina,105,-30.41071609,-64.5408177,
Encrucijadas,Córdoba,Argentina,105,-30.18195745,-63.38924101,
Guayascate,Córdoba,Argentina,105,-30.23890167,-63.94338547,
Cuatro Caminos,Córdoba,Argentina,105,-32.71490546,-62.59289043,
Campo Chiodi,Santa Fe,Argentina,105,-32.71792587,-61.58566127,
Campo Spagnolo,Santa Fe,Argentina,105,-32.88188654,-61.64274632,
El Ricardito,Santa Fe,Argentina,105,-29.17786214,-59.94471536,
Campo Calcaterra,Santa Fe,Argentina,105,-32.42819889,-61.44570958,
La Sarnosa,Santa Fe,Argentina,105,-29.23637866,-60.53446056,
Monte Redondo,Entre Ríos,Argentina,105,-32.95292724,-59.75399197,
Pehuajó al Sud,Entre Ríos,Argentina,105,-33.07976982,-58.78346239,
Arroyo Merlo,Entre Ríos,Argentina,105,-33.99981293,-58.55616542,
El Milagro,Catamarca,Argentina,105,-28.83928385,-65.90582882,
Punta Diamante,Salta,Argentina,105,-25.25476894,-65.43968927,
Campo Grande,Santiago del Estero,Argentina,105,-26.37256181,-63.97598974,
Santa Rosa,Santiago del Estero,Argentina,105,-28.97061452,-63.06340855,
Tacanas Grandes,Tucumán,Argentina,105,-26.29799911,-65.56980952,
Cerro Mártires,Misiones,Argentina,105,-27.81916859,-55.41460119,
Puerto Las Palmas,Chaco,Argentina,105,-27.1184994,-58.64540355,
Quia,Chaco,Argentina,105,-26.95578921,-58.92600651,
Los Fortines,Chaco,Argentina,105,-27.76874219,-60.76880919,
Los Cerritos,Chaco,Argentina,105,-26.91801405,-61.23125453,
Villa Real,Formosa,Argentina,105,-25.04828875,-58.5547254,
El Tronquito,Formosa,Argentina,105,-23.12033841,-62.01294183,
Campo Grande,Corrientes,Argentina,105,-27.75606126,-58.56438811,
San Borgita,Corrientes,Argentina,105,-27.49305994,-56.09399336,
Arenas Verdes,Buenos Aires,Argentina,104,-38.54507247,-58.55735447,
Marsiglio,Buenos Aires,Argentina,104,-36.2720522,-61.04835902,
El Chajá,Buenos Aires,Argentina,104,-35.55732456,-60.94951293,
Los Mimbres,Buenos Aires,Argentina,104,-37.40140414,-59.12304841,
Chacras de Tío Pujio,Córdoba,Argentina,104,-32.23585986,-63.27770905,
Campo Siete Provincias,Santa Fe,Argentina,104,-28.88820053,-59.76715213,
Colonia San Anselmo,Entre Ríos,Argentina,104,-32.33275639,-58.18015826,
Villa Álvarez,Entre Ríos,Argentina,104,-31.00727606,-59.39144612,
Colonia La Esperanza,Entre Ríos,Argentina,104,-32.46761213,-59.59136409,
El Carmen,Salta,Argentina,104,-24.94913307,-65.53201764,
Simbol Cañada,Santiago del Estero,Argentina,104,-27.41494162,-64.14300526,
El Palomar,Santiago del Estero,Argentina,104,-26.88478899,-64.60017638,
Ojo de Agua,Tucumán,Argentina,104,-26.89845457,-65.70797505,
Puerto Helvecia,Misiones,Argentina,104,-26.05120199,-54.64135256,
Kilómetro 22,Misiones,Argentina,104,-26.5267542,-54.55506268,
Santo Tomás,Chaco,Argentina,104,-24.78586407,-62.49774191,
Lote 19,Chaco,Argentina,104,-27.21851559,-60.33359056,
Tres Ceibos,Chaco,Argentina,104,-26.90272528,-59.52473688,
El Quimil,Formosa,Argentina,104,-23.51667322,-61.7073522,
La Línea,Formosa,Argentina,104,-24.24286884,-60.69212032,
Colonia Santa Rosa,Formosa,Argentina,104,-24.2175636,-60.05214894,
Puisoye,Corrientes,Argentina,104,-27.87792497,-57.93554708,
Los Ceibos,Corrientes,Argentina,104,-29.43433913,-59.36815164,
Capilla El Cavadito,Mendoza,Argentina,104,-32.4152207,-68.09176372,
Agua de las Avispas,Mendoza,Argentina,104,-33.07694672,-69.12795376,
Piscu Yaco,San Luis,Argentina,104,-32.55526627,-64.9607808,
Casa de los Tigres,San Luis,Argentina,104,-32.32468542,-65.5554973,
Villa Unión,Neuquén,Argentina,104,-38.89737831,-71.11767457,
Cerro Cóndor,Chubut,Argentina,104,-43.41978461,-69.16426767,
Balneario Orense,Buenos Aires,Argentina,103,-38.80744264,-59.7374822,
Los Nogales,Buenos Aires,Argentina,103,-34.91308691,-59.27678084,
Cerrito,Buenos Aires,Argentina,103,-35.46294765,-62.85233826,
Arroyo Las Cañas,Buenos Aires,Argentina,103,-34.20881577,-58.58292268,
Punta de Agua,Córdoba,Argentina,103,-31.05174864,-63.70065887,
Colonia Santa Lucía,Santa Fe,Argentina,103,-34.00793902,-61.7647961,
Colonia Sesteada,Entre Ríos,Argentina,103,-32.56755199,-58.45321496,
La Isla,Catamarca,Argentina,103,-28.28268368,-67.26930376,
Los Naranjos,Jujuy,Argentina,103,-24.44180618,-65.29700287,
Pozo del Algarrobo,Salta,Argentina,103,-24.02578717,-62.38996588,
Santos Lugares,Santiago del Estero,Argentina,103,-28.04425577,-64.64175033,
Villa Quebrachos,Santiago del Estero,Argentina,103,-29.24260412,-63.61327605,
Rinconada,Santiago del Estero,Argentina,103,-27.24256546,-64.83659743,
La Uva,Misiones,Argentina,103,-27.52267462,-54.84308956,
El Fisco,Chaco,Argentina,103,-27.2524863,-61.17648384,
Ensenadita,Corrientes,Argentina,103,-27.4030181,-58.54854856,
Santa Angélica,Corrientes,Argentina,103,-28.53504783,-58.6700101,
Rumi Huasi,San Luis,Argentina,103,-33.04985436,-66.2880454,
Tala Verde,San Luis,Argentina,103,-32.40943422,-65.56239424,
Buen Pasto,Chubut,Argentina,103,-45.07613335,-69.45889857,
Villa Rodríguez,Buenos Aires,Argentina,102,-38.31239637,-60.2316467,
La Soledad,Buenos Aires,Argentina,102,-35.38641365,-58.27154115,
Leguizamón,Córdoba,Argentina,102,-34.20418012,-62.97584718,
San Isidro,Córdoba,Argentina,102,-30.60197075,-64.94251364,
Los Mates,Córdoba,Argentina,102,-32.25254227,-65.08474954,
La Vanguardia,Santa Fe,Argentina,102,-28.94065395,-59.84395322,
Iriondo,Santa Fe,Argentina,102,-31.31474357,-60.75557116,
Colonia Nueva Centro,Santa Fe,Argentina,102,-31.40336588,-61.15402797,
Miñones,Entre Ríos,Argentina,102,-30.69824847,-58.58274872,
La Calera,Catamarca,Argentina,102,-28.46579098,-65.20212437,
Santo Domingo,Jujuy,Argentina,102,-22.54237506,-66.22247588,
Tumbaya Grande,Jujuy,Argentina,102,-23.8303362,-65.48958959,
Los Sauces,Salta,Argentina,102,-25.95843764,-65.49727911,
San Nicolás,Salta,Argentina,102,-25.43698956,-65.57274435,
El Ocultar,Salta,Argentina,102,-23.84564002,-63.40172398,
Ojo de Agua,Santiago del Estero,Argentina,102,-27.40506072,-64.47077874,
El Barrial,Santiago del Estero,Argentina,102,-27.72889162,-64.68284024,
Domingo de Ramos,Santiago del Estero,Argentina,102,-29.29169078,-63.03426132,
El Refugio,Santiago del Estero,Argentina,102,-27.81230717,-64.06854931,
El Rodeo de Arriba,Tucumán,Argentina,102,-26.41735164,-64.81699983,
La Invernada,Misiones,Argentina,102,-27.46910058,-55.59200218,
El Cañón,Chaco,Argentina,102,-25.73423202,-60.93665474,
El Milagro,Chaco,Argentina,102,-25.49926428,-61.02336593,
El Matadero,Formosa,Argentina,102,-25.35025333,-59.6857597,
Colonia Santa Cruz,Formosa,Argentina,102,-25.46444104,-58.61559359,
Tierra Colorada,Corrientes,Argentina,102,-29.63642478,-58.61230577,
Picada Amara,Corrientes,Argentina,102,-29.65197228,-58.73891984,
Pismanta,San Juan,Argentina,102,-30.2802254,-69.22794667,
Azopardo,Buenos Aires,Argentina,101,-37.70421479,-62.90128601,
La Nélida,Buenos Aires,Argentina,101,-34.00827407,-59.96459621,
Heresford,Buenos Aires,Argentina,101,-35.13258408,-62.51153787,
Cuartel I,Buenos Aires,Argentina,101,-34.41472512,-59.85410704,
La Corona,Buenos Aires,Argentina,101,-35.40179327,-61.43484362,
Country Campos de Roca II,Buenos Aires,Argentina,101,-35.12268633,-58.08767751,
La Pampita,Buenos Aires,Argentina,101,-35.48973596,-58.85553387,
Juan García,Córdoba,Argentina,101,-30.64568985,-64.2245527,
Buey Muerto,Córdoba,Argentina,101,-31.23326184,-63.33316118,
Campo Asinari,Córdoba,Argentina,101,-32.21826268,-63.70432142,
Tres Colonias,Santa Fe,Argentina,101,-30.81700576,-61.22641697,
Campo Bessone,Santa Fe,Argentina,101,-30.47191086,-61.76122498,
Aldea San Gregorio,Entre Ríos,Argentina,101,-31.70913723,-58.28461567,
Las Toscas,Entre Ríos,Argentina,101,-30.4947293,-59.10303576,
Olpas,La Rioja,Argentina,101,-30.80618315,-66.24395745,
Yerba Buena,Catamarca,Argentina,101,-29.00615123,-65.46305929,
Pinchayoc,Jujuy,Argentina,101,-23.27528109,-65.36338803,
Corralito,Jujuy,Argentina,101,-22.23659646,-65.60885744,
La Misión,Salta,Argentina,101,-22.21808556,-64.68942752,
Pozo Salado,Santiago del Estero,Argentina,101,-26.55441886,-62.49530959,
Chilca La Loma,Santiago del Estero,Argentina,101,-28.78206316,-63.85860556,
Piedra Blanca,Santiago del Estero,Argentina,101,-29.35626415,-63.77057479,
La Capilla,Misiones,Argentina,101,-27.87464865,-55.62142766,
Cuatro Bocas,Misiones,Argentina,101,-26.33502601,-54.52499924,
Lote 4,Chaco,Argentina,101,-26.18061421,-59.86961739,
Loma Zapatú,Formosa,Argentina,101,-25.11590605,-58.57062895,
Ahoma,Corrientes,Argentina,101,-27.70553104,-58.69012523,
El Campamento,Mendoza,Argentina,101,-33.80000974,-67.41013289,
Barrio Destacamento,Río Negro,Argentina,101,-37.69302435,-67.87028111,
San Ignacio,Buenos Aires,Argentina,100,-37.34113343,-58.42368458,
La Carrindanga,Buenos Aires,Argentina,100,-38.62243752,-62.13138261,
La Victoria,Buenos Aires,Argentina,100,-34.68035078,-60.34557426,
La Barrancosa,Buenos Aires,Argentina,100,-35.73783247,-59.86811655,
Paso Funke,Buenos Aires,Argentina,100,-38.14656545,-62.09121461,
Campo Rossi,Córdoba,Argentina,100,-32.23736338,-63.46813334,
Campo Fantín,Santa Fe,Argentina,100,-28.44690596,-59.35946807,
Colonia Rivadavia,Santa Fe,Argentina,100,-31.32415275,-61.05076909,
Campo Mottura,Santa Fe,Argentina,100,-30.39015836,-61.7974698,
Aldea San Juan,Entre Ríos,Argentina,100,-31.99671956,-60.35816036,
Puerto Esquina,Entre Ríos,Argentina,100,-32.80162318,-59.94524986,
Palca de Aparzo,Jujuy,Argentina,100,-23.12240576,-65.13470589,
El Angosto,Jujuy,Argentina,100,-21.87680153,-66.18856281,
El Traslado,Salta,Argentina,100,-22.71951291,-63.13328429,
Pozo Las Moras,Salta,Argentina,100,-23.82531826,-63.48277522,
El Timbó,Salta,Argentina,100,-24.99713427,-65.55648254,
Corral Quemado,Santiago del Estero,Argentina,100,-25.90523551,-63.7088889,
Lomitas,Santiago del Estero,Argentina,100,-28.38237846,-64.21653197,
Colonia La Victoria,Santiago del Estero,Argentina,100,-29.83513908,-62.16958265,
Chilcan,Santiago del Estero,Argentina,100,-28.17191119,-63.22278035,
El Tajamar,Tucumán,Argentina,100,-26.5216249,-64.80986365,
Colonia 5,Tucumán,Argentina,100,-27.50791938,-65.67482501,
Tacanas Chicas,Tucumán,Argentina,100,-26.28423154,-65.52140697,
El Fiscalito,Chaco,Argentina,100,-26.52882604,-59.28513307,
Pairirí,Corrientes,Argentina,100,-28.31681963,-57.95783542,
Tres Bocas del Yatay,Corrientes,Argentina,100,-29.52351955,-58.5495449,
Varela,San Luis,Argentina,100,-34.12404105,-66.46397022,
Vásquez,Buenos Aires,Argentina,99,-38.17580101,-60.16979106,
Paraje Aleluya,Buenos Aires,Argentina,99,-37.57392106,-58.61779608,
Coliqueo,Buenos Aires,Argentina,99,-34.66222159,-60.54124835,
La Linda,Buenos Aires,Argentina,99,-36.74018986,-61.60503769,
La Dormida,Buenos Aires,Argentina,99,-36.30315722,-58.80913126,
Talaini,Córdoba,Argentina,99,-31.24985022,-65.16928708,
Colonia Amalia,Córdoba,Argentina,99,-31.30456205,-62.28173641,
Campo Albertengo,Santa Fe,Argentina,99,-32.74912053,-61.53862989,
Paraje Santa Rosa,Entre Ríos,Argentina,99,-31.94079846,-58.66483231,
Paso del Gallo,Entre Ríos,Argentina,99,-30.9411456,-58.38118913,
Sagastumé,Entre Ríos,Argentina,99,-33.60657709,-58.77894646,
Colonia La Rosada,Entre Ríos,Argentina,99,-31.85925638,-58.91443156,
Talamuyuna Viejo,La Rioja,Argentina,99,-29.70025439,-66.87654803,
Las Arcas,Salta,Argentina,99,-25.04541189,-66.20958747,
Colonia El Bellaco,Santiago del Estero,Argentina,99,-30.17612154,-62.07932168,
Tasio,Santiago del Estero,Argentina,99,-25.81067091,-63.63587181,
Tusca Pozo,Santiago del Estero,Argentina,99,-27.6154222,-63.48088887,
Lote 29,Santiago del Estero,Argentina,99,-27.84958738,-62.01328836,
Horcos Tucucuna,Santiago del Estero,Argentina,99,-29.16641705,-63.6248892,
Tala Pozo,Santiago del Estero,Argentina,99,-27.42216705,-64.71289531,
Pozo del Arbolito,Santiago del Estero,Argentina,99,-27.68315664,-64.97907609,
Lote de Agua Dulce,Tucumán,Argentina,99,-27.07484401,-65.01348285,
Melcho,Tucumán,Argentina,99,-27.44718041,-65.15318321,
Colonia Jacarandá I,Chaco,Argentina,99,-27.76014687,-61.29856412,
Pampa Zanata,Chaco,Argentina,99,-26.93927858,-61.30013283,
Lagunas Tres Paces,Formosa,Argentina,99,-23.38790801,-61.54096262,
Vista Alegre,Formosa,Argentina,99,-25.01820082,-58.57116026,
Palmar Largo,Formosa,Argentina,99,-23.1939795,-62.04750404,
María Chica,Corrientes,Argentina,99,-29.5095892,-58.30337559,
Loma Alta,Corrientes,Argentina,99,-27.76035903,-57.8318751,
Valle Grande,Mendoza,Argentina,99,-34.82060066,-68.50670301,
Energía,Buenos Aires,Argentina,98,-38.55794328,-59.3408118,
Los Gauchos,Buenos Aires,Argentina,98,-36.71279577,-63.26284876,
Mariano Roldán,Buenos Aires,Argentina,98,-37.71905363,-60.32351724,
Juancho,Buenos Aires,Argentina,98,-37.15325151,-57.08424244,
La Matraca,Buenos Aires,Argentina,98,-35.33474091,-57.91582021,
Los Huesos,Buenos Aires,Argentina,98,-37.06151883,-59.49323888,
Chacras de Villa Espil,Buenos Aires,Argentina,98,-34.47637319,-59.29725321,
Villa Albertina,Córdoba,Argentina,98,-30.69255855,-64.30015693,
La Tablada,Córdoba,Argentina,98,-31.45480278,-65.30606005,
Pozo de las Ollas,Córdoba,Argentina,98,-30.0174245,-63.05237585,
Colonia Yaguareté,Santa Fe,Argentina,98,-28.2853204,-59.26479048,
Lote 184,Santa Fe,Argentina,98,-29.4255304,-60.38516627,
Embarcadero Ferrari,Entre Ríos,Argentina,98,-31.48558158,-58.0879587,
Tacuaras,Entre Ríos,Argentina,98,-30.52616213,-59.50942192,
Entre Ríos,Catamarca,Argentina,98,-26.83513217,-66.03365284,
Abra Grande,Santiago del Estero,Argentina,98,-27.80984362,-64.48866987,
El Desvío,Santiago del Estero,Argentina,98,-28.06234596,-62.66662575,
La Florida,Santiago del Estero,Argentina,98,-26.36668417,-63.8291584,
Agua Amarga,Santiago del Estero,Argentina,98,-25.89222676,-64.31690145,
San Marcos,Santiago del Estero,Argentina,98,-28.07193126,-63.65423543,
El Obraje,Tucumán,Argentina,98,-26.48253172,-64.82333039,
San Gabriel del Monte,Tucumán,Argentina,98,-27.07175882,-65.46068182,
Las Tunas,Misiones,Argentina,98,-27.91757537,-55.65389498,
El Tigre,Misiones,Argentina,98,-27.9447192,-55.48398731,
Manantiales,Chaco,Argentina,98,-25.14784882,-60.73084838,
El Recodo,Formosa,Argentina,98,-25.30005423,-58.3662489,
Punta Marucha,Corrientes,Argentina,98,-29.27528217,-59.04317048,
Yataity Poi,Corrientes,Argentina,98,-28.05403632,-57.64526371,
San Antonio,San Luis,Argentina,98,-32.64597677,-66.89760411,
Limay Centro,Neuquén,Argentina,98,-39.39835594,-69.59292344,
Barrio Emergente,Río Negro,Argentina,98,-39.00128553,-67.84881917,
Aguada Cecilio,Río Negro,Argentina,98,-40.84894072,-65.84249113,
Lin Calel,Buenos Aires,Argentina,97,-38.70562143,-60.24502132,
La Protectora,Buenos Aires,Argentina,97,-36.20330084,-61.14836481,
La Chacra,Buenos Aires,Argentina,97,-34.81624815,-62.53100054,
San Gregorio,Buenos Aires,Argentina,97,-35.62129998,-58.47420673,
Campo Egli,Buenos Aires,Argentina,97,-35.14967178,-58.97868676,
La Verde,Buenos Aires,Argentina,97,-34.7200044,-59.26896732,
Arroyo del Medio,Buenos Aires,Argentina,97,-33.58624017,-60.77452544,
Rodeo Chico,Buenos Aires,Argentina,97,-35.63699394,-63.01543095,
La Pastora,Buenos Aires,Argentina,97,-37.14768093,-59.380897,
Santa Ana,Buenos Aires,Argentina,97,-37.18069056,-59.04086409,
Colonia Santa Rosa,Córdoba,Argentina,97,-33.5576347,-64.76753065,
Guanaco Boleado,Córdoba,Argentina,97,-32.11066769,-65.09744979,
Paralelo 28,Santa Fe,Argentina,97,-28.00409789,-59.23066973,
Mangoré,Santa Fe,Argentina,97,-31.64056557,-61.68132959,
Campo Ramseyer,Santa Fe,Argentina,97,-29.36407669,-59.79812025,
San Francisco,Santa Fe,Argentina,97,-30.28487538,-60.96080232,
Colonia Carrasco,Entre Ríos,Argentina,97,-31.33726828,-59.55597044,
Agua Blanca,La Rioja,Argentina,97,-28.96507419,-67.00060937,
San Isidro,La Rioja,Argentina,97,-31.78893154,-66.32481666,
Los Pedraza,Catamarca,Argentina,97,-28.50647407,-65.5154067,
Tunalito,Jujuy,Argentina,97,-23.72212443,-65.45669975,
Alemanía,Salta,Argentina,97,-25.62364125,-65.61256128,
Río Grande,Salta,Argentina,97,-22.87786802,-65.21423303,
Potrero de Linares,Salta,Argentina,97,-24.83527074,-65.60928458,
San José de Aguilar,Salta,Argentina,97,-22.34176582,-65.17092235,
Hurmanita,Santiago del Estero,Argentina,97,-28.79728581,-63.00831561,
Conchayoj,Santiago del Estero,Argentina,97,-28.24633655,-63.3071021,
Huaico,Tucumán,Argentina,97,-27.80044706,-65.58821554,
Araza,Misiones,Argentina,97,-27.11676752,-54.69818567,
Yatay,Chaco,Argentina,97,-27.13545818,-58.78488002,
Bajos de Alvarado,Chaco,Argentina,97,-24.61242086,-62.13820456,
Colonia Ituzaingó,Formosa,Argentina,97,-26.14350596,-58.72261321,
Chelforó,Río Negro,Argentina,97,-39.08771815,-66.52075201,
Barrio Calle Ciega Nº 10,Río Negro,Argentina,97,-39.02227967,-67.80341785,
La Conquista,Buenos Aires,Argentina,96,-37.24446696,-62.55134082,
La Blanqueada,Buenos Aires,Argentina,96,-34.01768272,-60.11711949,
Corbett,Buenos Aires,Argentina,96,-35.84032045,-60.99827569,
El Quicho,Córdoba,Argentina,96,-30.46116392,-65.39215766,
Paso de las Campanas,Córdoba,Argentina,96,-30.82988021,-65.17993023,
La Colorada,Córdoba,Argentina,96,-31.5307421,-63.84407687,
El Lucero,Santa Fe,Argentina,96,-29.90503129,-60.84399725,
Colonia La Francia,Santa Fe,Argentina,96,-31.96236838,-61.51258746,
Colonia Oficial Nº 3,Entre Ríos,Argentina,96,-30.54276814,-59.41325824,
Colonia Inés y Carlota,La Pampa,Argentina,96,-36.31196108,-63.96605154,
Dique La Ciénaga,Jujuy,Argentina,96,-24.43205154,-65.2766848,
El Jardín de San Martín,Salta,Argentina,96,-22.54485318,-63.8048209,
San José de Escalchi,Salta,Argentina,96,-25.22272899,-66.20442336,
Villa Carolina,Santiago del Estero,Argentina,96,-28.69277329,-62.52424173,
Santos Lugares,Santiago del Estero,Argentina,96,-26.93404196,-63.18391845,
Villa Mercedes,Santiago del Estero,Argentina,96,-26.46526623,-64.17027529,
El Huayco,Tucumán,Argentina,96,-27.69220417,-65.50643755,
La Cañada,Tucumán,Argentina,96,-26.17948036,-65.30040094,
Paraje El Estanque,Chaco,Argentina,96,-25.08606732,-61.49554737,
Nueva Población,Chaco,Argentina,96,-26.97805493,-60.23226787,
Lote 24,Chaco,Argentina,96,-27.2519204,-60.079475,
Cañada Doce,Formosa,Argentina,96,-25.88049371,-58.08552572,
Lago Verde,Formosa,Argentina,96,-25.10223047,-60.00955514,
Pehuajó,Corrientes,Argentina,96,-27.73173841,-58.71443088,
Don Raúl,Corrientes,Argentina,96,-29.48434781,-59.17274334,
Punta de Oro,Corrientes,Argentina,96,-27.76843221,-55.8556166,
Santa Juana,Corrientes,Argentina,96,-29.47195801,-57.58197057,
Lagunita,Mendoza,Argentina,96,-32.40045026,-67.51415759,
Santa Rosa de Catantal,San Luis,Argentina,96,-32.33330817,-66.91347158,
Boca del Tigre,San Luis,Argentina,96,-33.36875056,-66.40720964,
El Paraíso,San Luis,Argentina,96,-32.57979326,-65.68766994,
Leuto Caballo,Neuquén,Argentina,96,-37.1290313,-70.25736835,
Nahuel Mapi Arriba,Neuquén,Argentina,96,-39.61187925,-71.08373185,
El Paso,Río Negro,Argentina,96,-40.8591881,-63.02488695,
Pío Pío,Chubut,Argentina,96,-45.67200927,-69.07897927,
Lucas Monteverde,Buenos Aires,Argentina,95,-35.48236275,-59.98583459,
La Pergaminera,Buenos Aires,Argentina,95,-34.78789671,-61.30931365,
La Rosada,Buenos Aires,Argentina,95,-34.33882064,-59.58862238,
Los Eucaliptus,Buenos Aires,Argentina,95,-38.92735091,-61.31221957,
El Tuscal,Córdoba,Argentina,95,-29.76426516,-64.52542909,
Cuatro Esquinas,Córdoba,Argentina,95,-31.12644602,-64.02223011,
Los Escalones,Córdoba,Argentina,95,-30.47462638,-65.29599312,
General Paunero,Córdoba,Argentina,95,-33.87545304,-65.02675334,
San Ignacio,Córdoba,Argentina,95,-29.88174816,-63.48168628,
Las Cañitas,Córdoba,Argentina,95,-31.30850596,-62.92501363,
Colonia Beiró Norte,Córdoba,Argentina,95,-30.65092099,-61.94816109,
La Majadilla,Córdoba,Argentina,95,-30.43370616,-64.18556221,
Campo La Aurora,Santa Fe,Argentina,95,-29.93422225,-61.79348383,
La Camila,Santa Fe,Argentina,95,-30.08027899,-60.56201359,
Fortín Chilcas,Santa Fe,Argentina,95,-29.11991756,-60.74583049,
Berduc,Entre Ríos,Argentina,95,-31.92085971,-58.31806347,
Colonia Mabragaña,Entre Ríos,Argentina,95,-32.09577604,-58.28668003,
Colonia El Pantanoso,Entre Ríos,Argentina,95,-32.20235518,-58.44699269,
Ingeniero Foster,La Pampa,Argentina,95,-35.70346122,-65.10296786,
Casa Armada,Catamarca,Argentina,95,-28.66377761,-65.51877784,
Puesto Grande,Jujuy,Argentina,95,-22.05089758,-65.95016725,
Nueva Líbano,Santiago del Estero,Argentina,95,-27.69349881,-64.11860887,
La Banda,Tucumán,Argentina,95,-26.98310007,-65.37442143,
Los Cercos,Tucumán,Argentina,95,-27.6244817,-65.03055364,
Cochamoye,Tucumán,Argentina,95,-27.25320523,-65.6486252,
Manchalá,Tucumán,Argentina,95,-27.13667353,-65.39425085,
Barrio Rural,Misiones,Argentina,95,-27.881125,-55.78727577,
Lote 23 Pampa Grande,Chaco,Argentina,95,-26.65847805,-61.29950932,
Campo Rossi,Chaco,Argentina,95,-27.2281699,-58.90562147,
El Totoral,Chaco,Argentina,95,-26.82248914,-60.05521532,
Urbana Vieja,Formosa,Argentina,95,-24.88271114,-59.24510951,
Laguna Limpia,Corrientes,Argentina,95,-29.98756495,-59.28532128,
Puerto González,Corrientes,Argentina,95,-27.29096367,-58.39778941,
Las Chacras,San Juan,Argentina,95,-31.27998361,-67.52756051,
Aquihueco,Neuquén,Argentina,95,-37.0690103,-70.39937139,
Samborombón,Buenos Aires,Argentina,94,-35.21940217,-58.28099204,
Santo Tomás,Buenos Aires,Argentina,94,-35.67531965,-61.5107659,
La Chumbeada,Buenos Aires,Argentina,94,-35.75498613,-58.78971647,
Manuel José García,Buenos Aires,Argentina,94,-34.70971088,-59.54086818,
Los Eucaliptus,Buenos Aires,Argentina,94,-35.42609419,-58.90679978,
Las Negras,Buenos Aires,Argentina,94,-36.39644206,-58.68018608,
Loma Negra,Buenos Aires,Argentina,94,-36.69691253,-58.86935883,
Villa Roch,Buenos Aires,Argentina,94,-36.46898494,-57.34095411,
San Eduardo,Buenos Aires,Argentina,94,-36.21918052,-62.80334795,
Los Talares,Córdoba,Argentina,94,-31.40714725,-65.04701842,
Niña Paula,Córdoba,Argentina,94,-31.74402403,-64.93198052,
Campo Battiston,Córdoba,Argentina,94,-32.24566805,-63.56249999,
Campo Ubajó,Santa Fe,Argentina,94,-28.62754089,-59.62639413,
Tres Pozos,Santa Fe,Argentina,94,-29.17137638,-61.15833474,
Kilómetro 465,Santa Fe,Argentina,94,-31.82364783,-61.77329822,
Colonia Las Yerbas,Santa Fe,Argentina,94,-31.89473653,-62.0550284,
Colonia Viraró,Entre Ríos,Argentina,94,-31.29097025,-59.42772987,
Pueblito Norte,Entre Ríos,Argentina,94,-32.69653299,-59.90132036,
Santo Domingo,La Rioja,Argentina,94,-28.55437576,-67.67199341,
El Aybal,Catamarca,Argentina,94,-29.10933014,-65.36122102,
Los Pocitos,Catamarca,Argentina,94,-28.63505742,-65.82549082,
Agua de Castilla,Jujuy,Argentina,94,-23.2175123,-65.80686546,
Molle Punco,Jujuy,Argentina,94,-23.82637488,-65.4741135,
Rumi Pozo,Santiago del Estero,Argentina,94,-25.69124642,-63.76910801,
Santa Cruz,Santiago del Estero,Argentina,94,-28.81353821,-64.69536136,
Yacu Hurmana,Santiago del Estero,Argentina,94,-28.90295287,-63.29078628,
La Falda,Santiago del Estero,Argentina,94,-28.11574414,-63.59371926,
Sauce Huacho,Tucumán,Argentina,94,-27.84030927,-65.32878888,
Picada Sueca,Misiones,Argentina,94,-27.56822472,-55.26443082,
Los Madrejones,Chaco,Argentina,94,-24.45617318,-62.32573359,
La Montenegrina,Chaco,Argentina,94,-26.99390244,-60.7775757,
El Correntoso,Chaco,Argentina,94,-26.68833344,-59.25167815,
Pampa Vargas,Chaco,Argentina,94,-26.28323389,-60.52339448,
La Zanja,Formosa,Argentina,94,-24.06986548,-60.61792825,
Paso Quintana,Corrientes,Argentina,94,-27.80076216,-58.67633564,
Peichoto Cué,Corrientes,Argentina,94,-27.50047564,-58.50156446,
Villa Salles,San Luis,Argentina,94,-33.84003992,-65.21355859,
Tres Esquinas,Buenos Aires,Argentina,93,-37.92255248,-58.39911831,
La Tapie,Buenos Aires,Argentina,93,-35.08369798,-58.78791342,
Centenario,Buenos Aires,Argentina,93,-35.83620798,-61.43327543,
El Mirasol,Buenos Aires,Argentina,93,-34.78265523,-59.28408812,
La Negra,Buenos Aires,Argentina,93,-37.79132959,-59.31537334,
Miranda,Buenos Aires,Argentina,93,-36.53397678,-59.13369301,
Camino de Yameo,Buenos Aires,Argentina,93,-34.28828578,-59.50731646,
Agua Dulce,Córdoba,Argentina,93,-33.30495299,-63.60239816,
Espinillo,Córdoba,Argentina,93,-33.00709179,-64.35215798,
Colonia Dos Herrmanos,Córdoba,Argentina,93,-30.62645533,-62.03251325,
Colonia Monte Grande,Córdoba,Argentina,93,-31.10158421,-62.38990921,
La Laguna,Córdoba,Argentina,93,-30.17727832,-64.11129233,
Catalina Norte,Córdoba,Argentina,93,-31.26567138,-64.23728432,
Hugentobler,Santa Fe,Argentina,93,-30.91825463,-61.75356032,
Hambis,Entre Ríos,Argentina,93,-31.96363062,-58.50772976,
Campo Parera,Entre Ríos,Argentina,93,-31.46460218,-59.84114299,
Boca del Tigre,Entre Ríos,Argentina,93,-32.02801064,-60.20601942,
Campo Zeigler,Entre Ríos,Argentina,93,-31.98005951,-60.21904574,
Colonia La Perla,Entre Ríos,Argentina,93,-31.45834707,-58.45239278,
Colonia 3 de Febrero,Entre Ríos,Argentina,93,-32.21605605,-58.49552881,
Colonia La Sarita,Entre Ríos,Argentina,93,-31.65353927,-58.97129681,
Mina Pan de Azúcar,Jujuy,Argentina,93,-22.61868692,-66.05506065,
Escobar,Jujuy,Argentina,93,-22.3756916,-65.33386594,
Pulares,Salta,Argentina,93,-25.0922489,-65.56903149,
Potrero de Uriburu,Salta,Argentina,93,-24.78560416,-65.61243512,
Quimilioj,Santiago del Estero,Argentina,93,-28.25561625,-63.57465813,
San Felipe,Santiago del Estero,Argentina,93,-27.11225119,-63.4817156,
Taruy,Santiago del Estero,Argentina,93,-28.07673103,-63.28059038,
Paraje El Simbolar,Santiago del Estero,Argentina,93,-27.53648991,-62.53585049,
Puerta Alegre,Tucumán,Argentina,93,-26.48348528,-64.56879641,
Talacocha,Tucumán,Argentina,93,-27.10299799,-65.10222348,
Rodeo Grande,Tucumán,Argentina,93,-27.41517594,-65.15170194,
Pampa Dorotier,Chaco,Argentina,93,-27.22804986,-61.41029605,
Campo Las Puertas,Chaco,Argentina,93,-27.86753947,-61.32464883,
La Carlota,Chaco,Argentina,93,-27.64506709,-60.70682249,
Colonia Las Mercedes,Chaco,Argentina,93,-27.99005555,-59.3400973,
Playa Ford,Chaco,Argentina,93,-27.95395361,-59.29829116,
Lote 22,Chaco,Argentina,93,-27.19997708,-60.12664344,
San José,Formosa,Argentina,93,-24.50015394,-59.46250678,
Santa Rosa,Formosa,Argentina,93,-24.88697426,-59.2909728,
Salvación,Formosa,Argentina,93,-25.25756155,-58.93716402,
La Cautiva,Corrientes,Argentina,93,-29.79401014,-58.12901914,
Villa Corral,San Juan,Argentina,93,-31.25253127,-69.44451857,
Balde de Escudero,San Luis,Argentina,93,-32.09155618,-65.56761421,
Villa Parque Cecir,Buenos Aires,Argentina,92,-34.17494704,-60.69442993,
Centinela del Mar,Buenos Aires,Argentina,92,-38.43660769,-58.2191303,
El Trigo,Buenos Aires,Argentina,92,-35.88027562,-59.40607053,
Adela,Buenos Aires,Argentina,92,-35.68235646,-57.95125681,
El Cardalito,Buenos Aires,Argentina,92,-37.08905075,-57.37730681,
Las Piedritas,Buenos Aires,Argentina,92,-36.73370499,-60.59539878,
Los Hinojales,Buenos Aires,Argentina,92,-36.41496935,-58.30342523,
Quebrada de Luna,Córdoba,Argentina,92,-30.77818421,-64.49890549,
Costa del Carmen,Córdoba,Argentina,92,-31.50755996,-63.27415738,
La Línea,Córdoba,Argentina,92,-31.90705823,-65.50630767,
Rincón de Ávila,Santa Fe,Argentina,92,-31.32465765,-60.86715713,
Kilómetro 48,Santa Fe,Argentina,92,-29.12252888,-60.38720792,
Los Paraísos,Entre Ríos,Argentina,92,-31.28941687,-59.86184253,
Colonia La Armonía,Entre Ríos,Argentina,92,-31.28163047,-58.58489107,
El Quemado,La Rioja,Argentina,92,-30.98011743,-66.34624046,
Algarrobal,Salta,Argentina,92,-23.42590436,-63.65571374,
El Colgao,Salta,Argentina,92,-23.73959828,-63.05392368,
El Carmen,Salta,Argentina,92,-25.6322191,-66.1710874,
La Arcadia,Salta,Argentina,92,-25.56184657,-66.21727512,
Roversi,Santiago del Estero,Argentina,92,-27.59232663,-61.94372968,
San Ignacio,Santiago del Estero,Argentina,92,-25.68979922,-62.93843334,
Cruz del Norte,Santiago del Estero,Argentina,92,-29.50482039,-63.59891825,
Paso de la Cina,Santiago del Estero,Argentina,92,-29.79574827,-62.80742323,
La Victoria,Santiago del Estero,Argentina,92,-29.87411424,-62.16976863,
Tranquitas,Tucumán,Argentina,92,-26.63129127,-65.05605065,
Guayabera,Misiones,Argentina,92,-27.39366131,-55.12269495,
Villa Emma,Misiones,Argentina,92,-27.23010428,-55.52952952,
La Chiquita Norte,Chaco,Argentina,92,-26.74460686,-60.30677626,
Campo del Blanco,Chaco,Argentina,92,-26.60021943,-59.7492182,
Rincón Florido,Formosa,Argentina,92,-25.45736935,-59.77767851,
Colonia Rigonato,Formosa,Argentina,92,-25.75978521,-59.35602752,
Iguaté Porá,Corrientes,Argentina,92,-28.18127309,-57.94584171,
La Cacheura,Corrientes,Argentina,92,-27.85389525,-55.84441054,
Suyuque Nuevo,San Luis,Argentina,92,-33.1376847,-66.25379841,
Butalón Norte,Neuquén,Argentina,92,-36.98655344,-70.69116911,
Villa Mascardi,Río Negro,Argentina,92,-41.34955364,-71.50904163,
El Empalme,Río Negro,Argentina,92,-40.71156085,-65.00372525,
Tatay,Buenos Aires,Argentina,91,-34.37136362,-59.94404277,
Zamudio,Buenos Aires,Argentina,91,-34.85756613,-58.89203859,
Elías Romero,Buenos Aires,Argentina,91,-34.76202261,-58.86686171,
La Paz Chica,Buenos Aires,Argentina,91,-35.34705912,-59.42891852,
Villa San Miguel,Córdoba,Argentina,91,-31.86342836,-64.37499711,
Las Palmitas,Córdoba,Argentina,91,-30.83727001,-63.51297644,
Colonia Morgan,Santa Fe,Argentina,91,-34.18398935,-61.83238908,
San Eugenio,Santa Fe,Argentina,91,-29.71282873,-60.12349369,
Paraje Molino Doll,Entre Ríos,Argentina,91,-32.28169366,-60.42922391,
Colonia Aymán,Entre Ríos,Argentina,91,-30.70771068,-57.88875644,
Cuatro Manos,Entre Ríos,Argentina,91,-32.87850113,-59.51096384,
González Calderón,Entre Ríos,Argentina,91,-32.97886127,-59.41385078,
Arroyo Brazo Largo,Entre Ríos,Argentina,91,-33.85618233,-58.8527447,
Raíces,Entre Ríos,Argentina,91,-31.93627201,-59.14688147,
Los Molles,Catamarca,Argentina,91,-27.86647509,-65.33732283,
El Sauzalito,Jujuy,Argentina,91,-22.931599,-65.74003156,
Rodeo,Jujuy,Argentina,91,-22.29971559,-65.91923031,
Quita Punco,Santiago del Estero,Argentina,91,-27.44792448,-64.38880611,
Palos Quemados,Santiago del Estero,Argentina,91,-27.19612078,-64.28100522,
Bajo Hondo,Santiago del Estero,Argentina,91,-27.95025724,-61.8468933,
El Algarrobal,Santiago del Estero,Argentina,91,-29.36321502,-63.1550093,
Leis,Misiones,Argentina,91,-27.60395391,-55.83397737,
Colonia Pastoril,Chaco,Argentina,91,-26.88919436,-59.74198488,
Los Tres Reyes,Formosa,Argentina,91,-24.80378307,-59.53200044,
Kilómetro 210,Formosa,Argentina,91,-26.2579866,-59.35511558,
La Ramada,San Luis,Argentina,91,-32.69652108,-65.57350234,
Triunvirato,Buenos Aires,Argentina,90,-34.67577372,-61.46499181,
Las Hermanas,Buenos Aires,Argentina,90,-37.81136443,-57.8447972,
La Catalina,Buenos Aires,Argentina,90,-34.98410978,-63.15670966,
San Benito,Buenos Aires,Argentina,90,-35.66769819,-59.88561363,
La Adela,Buenos Aires,Argentina,90,-36.44749264,-63.00895677,
Canteras Quilpo,Córdoba,Argentina,90,-30.85753802,-64.69372294,
Villa Elisa,Córdoba,Argentina,90,-32.83475781,-62.29525897,
El Bañado,Córdoba,Argentina,90,-31.49720726,-65.10844721,
Colonia Miramar,Córdoba,Argentina,90,-30.75011851,-62.143056,
La Cortadera,Córdoba,Argentina,90,-31.49117392,-62.91335252,
Puesto de Fierro,Córdoba,Argentina,90,-30.54939837,-63.44958842,
Colonia Nueva Norte,Santa Fe,Argentina,90,-31.31582237,-61.1531811,
Rincón del Quebracho,Santa Fe,Argentina,90,-30.70707497,-60.77927437,
Campo El Mataco,Santa Fe,Argentina,90,-30.11197879,-61.71823467,
Colonia Sol de Mayo,Santa Fe,Argentina,90,-30.97488191,-60.70282032,
Paraje La Virgen,Entre Ríos,Argentina,90,-31.91663856,-60.65360924,
Santa Ana,Entre Ríos,Argentina,90,-32.55523955,-58.39109286,
Cereales,La Pampa,Argentina,90,-36.81415842,-63.85639325,
La Aguadita,La Rioja,Argentina,90,-30.60839772,-66.66497368,
San Ramón,La Rioja,Argentina,90,-30.6049909,-66.93163189,
La Aguada de la Toma,Catamarca,Argentina,90,-27.60987416,-67.13224746,
Villamonte,Jujuy,Argentina,90,-24.10400689,-64.40096757,
Escalchi,Salta,Argentina,90,-25.15086573,-66.17362171,
Tonco,Salta,Argentina,90,-25.0786023,-65.93966824,
La Troja,Salta,Argentina,90,-25.05384957,-65.19424916,
La Zanja,Salta,Argentina,90,-25.13501043,-65.76588496,
Encón Grande,Salta,Argentina,90,-24.85176377,-65.60176424,
Coronel Manuel L. Rico,Santiago del Estero,Argentina,90,-26.38574131,-61.81228448,
Sumampa Viejo,Santiago del Estero,Argentina,90,-29.38510382,-63.43429361,
San Felipe,Santiago del Estero,Argentina,90,-27.71895358,-64.10980323,
Bajo Alegre,Santiago del Estero,Argentina,90,-26.68917544,-64.45457904,
2 de Abril,Chaco,Argentina,90,-26.16449686,-60.55244484,
Colonia Gualtieri,Chaco,Argentina,90,-26.55777049,-59.93778962,
Isla Apando,Formosa,Argentina,90,-25.40987049,-57.6183551,
El Resguardo,Formosa,Argentina,90,-25.39102578,-59.17113869,
Colonia Brougnes,Corrientes,Argentina,90,-28.06653398,-58.81923461,
Paraje Santa Rosa,Corrientes,Argentina,90,-28.94816237,-56.56070119,
Scorza Cué,Corrientes,Argentina,90,-27.34132809,-57.92872903,
Espinallar,Corrientes,Argentina,90,-27.54467753,-58.56631195,
Hilario,San Juan,Argentina,90,-31.47852815,-69.40260876,
El Forzudo,Mendoza,Argentina,90,-32.60276455,-67.28825063,
Coronel Alzogaray,San Luis,Argentina,90,-33.44756863,-65.55276019,
Taquimilán Centro,Neuquén,Argentina,90,-37.56256158,-70.2886637,
Paraje La Agraria,Buenos Aires,Argentina,89,-34.65664646,-60.84534593,
Campo Maipú,Buenos Aires,Argentina,89,-34.42054812,-60.99233982,
El Destino,Buenos Aires,Argentina,89,-35.13686741,-57.39240223,
Cuartel V,Buenos Aires,Argentina,89,-34.73779338,-58.88857274,
Camarón Chico,Buenos Aires,Argentina,89,-36.09593841,-58.10059927,
La Fortuna,Buenos Aires,Argentina,89,-35.50504632,-59.6573023,
Bella Vista,Córdoba,Argentina,89,-30.92201806,-65.1095657,
Piedras Anchas,Córdoba,Argentina,89,-30.76492901,-65.27224088,
Los Algarrobos,Córdoba,Argentina,89,-31.79919494,-64.93557532,
Colonia Beiró,Córdoba,Argentina,89,-30.6980187,-61.95261926,
Colonia Milessi,Córdoba,Argentina,89,-30.83528086,-62.13932416,
Rodeito,Córdoba,Argentina,89,-29.781829,-64.13552034,
La Vigilancia,Santa Fe,Argentina,89,-31.59511259,-61.22432695,
Colonia San Roque,Santa Fe,Argentina,89,-29.62550105,-59.9793946,
Ramblones,Entre Ríos,Argentina,89,-30.95705689,-59.23380469,
Santa Margarita del Gená,Entre Ríos,Argentina,89,-32.49212795,-58.60579904,
Santa Bárbara,La Rioja,Argentina,89,-30.5116719,-66.32130741,
Agua Colorada,Catamarca,Argentina,89,-28.56144047,-65.78026567,
Corral Blanco,Jujuy,Argentina,89,-22.47833981,-65.36992761,
Potrero de Payogasta,Salta,Argentina,89,-24.8521963,-66.03341463,
El Rosal,Salta,Argentina,89,-24.39397391,-65.76890495,
Las Cuevas,Salta,Argentina,89,-24.35249502,-66.0243339,
El Puesto,Salta,Argentina,89,-22.20933634,-64.96643951,
Sauce,Santiago del Estero,Argentina,89,-28.41085348,-63.87836932,
Tablada del Boquerón,Santiago del Estero,Argentina,89,-27.18384244,-63.60926043,
Nueva Esperanza,Santiago del Estero,Argentina,89,-27.23044384,-63.35006107,
Tobas,Santiago del Estero,Argentina,89,-28.12336366,-62.69921219,
Pozo del Garabato,Santiago del Estero,Argentina,89,-29.55994142,-63.39394666,
El Ucle,Santiago del Estero,Argentina,89,-29.6280109,-62.91600855,
Chañar Sinuchay,Santiago del Estero,Argentina,89,-29.18980762,-63.08423458,
Escaba de Arriba,Tucumán,Argentina,89,-27.62118271,-65.81715052,
Ojo de Agua,Misiones,Argentina,89,-27.49239127,-55.51816559,
Colonia El Chatón,Misiones,Argentina,89,-27.57505685,-55.24674857,
Haumonia,Chaco,Argentina,89,-27.50763958,-60.17819875,
La Negrita,Chaco,Argentina,89,-27.01341375,-60.50610121,
Colonia General Lavalle,Chaco,Argentina,89,-27.37766465,-60.85763118,
La Peligrosa,Chaco,Argentina,89,-26.1961138,-60.11832673,
Arroyo Saladillo,Chaco,Argentina,89,-27.2695671,-59.21199758,
Monte Quemado Grande,Chaco,Argentina,89,-26.13544917,-60.63975245,
San Ramón,Formosa,Argentina,89,-24.78238687,-58.79341175,
Colonia La Disciplina,Formosa,Argentina,89,-25.7899413,-59.30717427,
Pozo Cercado,Formosa,Argentina,89,-23.02785356,-62.33574151,
La Casualidad,Corrientes,Argentina,89,-30.2544978,-59.40461962,
Villa Luján,Corrientes,Argentina,89,-29.29098868,-59.13121817,
Colonia Unión,Corrientes,Argentina,89,-28.05737284,-55.83340408,
Concepción,Corrientes,Argentina,89,-29.84672693,-58.80734947,
Leleque,Chubut,Argentina,89,-42.41294726,-71.07115171,
Faro San Antonio,Buenos Aires,Argentina,88,-36.3057586,-56.77315587,
El Destino,Buenos Aires,Argentina,88,-36.90920427,-59.3459959,
Colonia Martín Fierro,Buenos Aires,Argentina,88,-35.75765146,-62.81098349,
Colonia El Arbol,Córdoba,Argentina,88,-34.3371824,-63.99906261,
Colonia San Miguel,Córdoba,Argentina,88,-33.98772472,-62.8332768,
El Carrizal,Córdoba,Argentina,88,-30.72976008,-64.59660309,
Campo Ramallo,Córdoba,Argentina,88,-30.70285944,-63.49979462,
El Quebracho,Córdoba,Argentina,88,-31.4778856,-63.73335282,
Colonia Freyre Noreste,Córdoba,Argentina,88,-31.11691964,-62.01520689,
Los Cerrillos,Córdoba,Argentina,88,-29.73745936,-63.77537216,
La Aguada,Córdoba,Argentina,88,-30.50362555,-64.10245061,
Campo Althaus,Santa Fe,Argentina,88,-29.42416649,-59.97975384,
Villa Nidia,La Rioja,Argentina,88,-31.89297045,-66.09315507,
Huasi Ciénaga,Catamarca,Argentina,88,-27.00770093,-66.86569999,
Campo Largo,Salta,Argentina,88,-22.04066848,-63.94635297,
El Carmen,Salta,Argentina,88,-25.43738334,-65.56122205,
Pozo de Piedra,Salta,Argentina,88,-23.52167728,-63.54865457,
Aguas Muertas,Salta,Argentina,88,-24.23039001,-62.68154028,
La Vuelta,Santiago del Estero,Argentina,88,-29.04957574,-64.73147063,
Santa María Este,Santiago del Estero,Argentina,88,-27.70297913,-63.4567186,
La Paulina,Santiago del Estero,Argentina,88,-28.71278608,-62.65052311,
Rama Paso,Santiago del Estero,Argentina,88,-29.21067698,-63.32850932,
Puerta del Monte,Santiago del Estero,Argentina,88,-29.23448416,-63.34603072,
Los Zelayas,Tucumán,Argentina,88,-27.2522024,-65.14130505,
La Ensenada,Tucumán,Argentina,88,-27.36622416,-65.31132907,
San Isidro,Tucumán,Argentina,88,-26.28245968,-65.25522608,
Villa Vilma,Misiones,Argentina,88,-27.31769839,-54.60910886,
La Nación,Chaco,Argentina,88,-24.65625712,-62.03412554,
Loma Florida,Chaco,Argentina,88,-26.81605287,-59.11261433,
Colonia Pampa El 11,Chaco,Argentina,88,-26.34878234,-60.6586824,
La Estrella,Formosa,Argentina,88,-24.41669765,-59.75836638,
General Uriburu,Corrientes,Argentina,88,-27.48820183,-56.96120217,
Tabai,Corrientes,Argentina,88,-29.42109984,-56.8411933,
Punta María,Tierra del Fuego,Argentina,88,-53.94255527,-67.49580347,
Atreucó Arriba,Neuquén,Argentina,88,-39.70036363,-71.08978956,
La Herradura,Chubut,Argentina,88,-45.98181872,-67.59262062,
El Turbio,Santa Cruz,Argentina,88,-51.68091861,-72.08849627,
Juncalito,Buenos Aires,Argentina,87,-36.90270212,-58.31182766,
La Mantequería,Buenos Aires,Argentina,87,-36.86376699,-59.82403083,
La Verde,Buenos Aires,Argentina,87,-36.57845068,-59.33987656,
San Manuel,Buenos Aires,Argentina,87,-37.87111282,-61.02706609,
Esquina de Argúas,Buenos Aires,Argentina,87,-37.43000464,-57.59039456,
El Tejar,Buenos Aires,Argentina,87,-35.2224393,-61.04518729,
El Crisol,Buenos Aires,Argentina,87,-34.09015778,-60.23343771,
Estación Lecueder,Córdoba,Argentina,87,-34.49608963,-64.81068447,
Villa El Chacay,Córdoba,Argentina,87,-32.89255542,-64.86795523,
Ribera de los Reartes,Córdoba,Argentina,87,-31.94649313,-64.64893983,
Colonia María Angelina,Córdoba,Argentina,87,-32.94408434,-63.74269729,
La Invernada,Córdoba,Argentina,87,-32.81569084,-64.60673722,
Colonia El Milagro Este,Córdoba,Argentina,87,-31.51881716,-62.34191669,
Las Avispas,Santa Fe,Argentina,87,-29.89641738,-61.28806731,
Campo Piaggio,Santa Fe,Argentina,87,-31.96626787,-61.32996152,
Vizcachas,Entre Ríos,Argentina,87,-32.96835311,-59.2661908,
Arroyo Burgos,Entre Ríos,Argentina,87,-31.50729225,-59.61132663,
Colonia Chica,La Pampa,Argentina,87,-37.96174135,-67.8341837,
Calera del Sauce,Catamarca,Argentina,87,-28.29460695,-65.30010625,
Jumi Pozo,Santiago del Estero,Argentina,87,-27.53139319,-64.16161777,
La Quisca,Santiago del Estero,Argentina,87,-27.42864584,-64.44867644,
Cruz Bajada,Santiago del Estero,Argentina,87,-25.69297285,-63.87254775,
Tres Cerros,Santiago del Estero,Argentina,87,-28.24437525,-64.96431069,
Viltrán,Tucumán,Argentina,87,-27.77216557,-65.19270318,
Colonia Sarmiento,Chaco,Argentina,87,-26.6370133,-60.25463587,
Legua 131,Chaco,Argentina,87,-26.5790058,-59.14396253,
Lote 12,Chaco,Argentina,87,-26.36204031,-60.50391596,
Lote 10 Sur,Chaco,Argentina,87,-27.45061657,-60.67075291,
Colonia General Paz Norte,Chaco,Argentina,87,-26.65192344,-60.1566554,
Itá Carubí,Corrientes,Argentina,87,-29.36219957,-58.87710107,
San José,Corrientes,Argentina,87,-28.93196838,-58.97314972,
Posta San Gabriel,Mendoza,Argentina,87,-32.32749962,-67.92575193,
La Tranca,San Luis,Argentina,87,-32.29551767,-67.27977261,
Santa Martina,San Luis,Argentina,87,-32.51621721,-65.1238066,
Colonia Don Antonio,San Luis,Argentina,87,-33.32408793,-65.20153034,
Costa del Catán Lil,Neuquén,Argentina,87,-39.80009078,-70.75806765,
Blancuntre,Chubut,Argentina,87,-42.62006067,-68.90430462,
San Román,Buenos Aires,Argentina,86,-38.74180992,-61.53827864,
Santo Domingo,Buenos Aires,Argentina,86,-36.71155978,-57.58616745,
Ochandío,Buenos Aires,Argentina,86,-38.35921193,-59.79327214,
Calderón,Buenos Aires,Argentina,86,-38.72240537,-62.06019245,
La Corona,Buenos Aires,Argentina,86,-35.70186123,-58.3554378,
La Lata,Buenos Aires,Argentina,86,-34.24028935,-59.13023623,
Granja Blanca,Buenos Aires,Argentina,86,-34.94235938,-59.04963381,
Egaña,Buenos Aires,Argentina,86,-36.96220235,-59.09687084,
Puente Carucho,Buenos Aires,Argentina,86,-38.41588229,-60.25640682,
Chacras de Olivia,Buenos Aires,Argentina,86,-34.03114405,-59.28239853,
Las Vizcachas,Buenos Aires,Argentina,86,-34.30096268,-59.02428442,
Villa Hermosa,Buenos Aires,Argentina,86,-33.38665375,-60.27334645,
Dos Arroyos,Córdoba,Argentina,86,-31.86978881,-64.99067094,
Campo Anchorena,Córdoba,Argentina,86,-32.99509905,-63.41494446,
La Concepción,Córdoba,Argentina,86,-31.75490927,-65.59070389,
Río Seco,Córdoba,Argentina,86,-32.82130006,-64.56377012,
El Bagual,Córdoba,Argentina,86,-30.82536087,-63.04544477,
Campo Redondo,Santa Fe,Argentina,86,-28.50718456,-59.66148385,
Kilómetro 403,Santa Fe,Argentina,86,-28.56955168,-59.39190796,
Colonia La Marta,Entre Ríos,Argentina,86,-31.03769344,-58.81178566,
Colonia El Paraíso,Entre Ríos,Argentina,86,-32.62378164,-58.7712119,
Colonia El Chañar,Entre Ríos,Argentina,86,-30.80630017,-59.59253262,
Alberto Gerchunoff,Entre Ríos,Argentina,86,-32.46673642,-58.88223655,
Amaná,La Rioja,Argentina,86,-30.05463749,-67.50443629,
El Espinillo,Catamarca,Argentina,86,-27.55757485,-66.13920277,
Cocumayo,Jujuy,Argentina,86,-23.23691653,-65.27804032,
Astilleros,Salta,Argentina,86,-24.76870603,-65.55115722,
Las Juntas,Salta,Argentina,86,-25.70653236,-65.54928572,
Rangel,Salta,Argentina,86,-23.52723226,-66.2291396,
El Sauzal,Santiago del Estero,Argentina,86,-27.48839504,-64.58202567,
Itatí,Santiago del Estero,Argentina,86,-25.71168081,-63.20716388,
Kilómetro 1255,Santiago del Estero,Argentina,86,-25.8550845,-62.71691012,
El Rincón,Santiago del Estero,Argentina,86,-25.66306669,-62.55553255,
Chañar Pozo,Santiago del Estero,Argentina,86,-28.27286398,-64.67711644,
San Serafín,Santiago del Estero,Argentina,86,-26.42223793,-63.72452816,
Loaj,Santiago del Estero,Argentina,86,-27.90647187,-63.84359959,
Navarro,Santiago del Estero,Argentina,86,-29.1809564,-63.2159389,
Santa Luisa,Tucumán,Argentina,86,-26.86294888,-64.76502538,
Taco Rodeo,Tucumán,Argentina,86,-27.69932698,-65.47259634,
El 47,Tucumán,Argentina,86,-26.95707233,-65.66093737,
Los Ceibos,Tucumán,Argentina,86,-27.5098943,-65.36788817,
Pampa El Mollal,Chaco,Argentina,86,-26.53279357,-61.02981095,
Colonia Pampa Galpón,Chaco,Argentina,86,-26.65351281,-60.47844941,
Pampa Mitre,Chaco,Argentina,86,-26.96244589,-61.16641932,
Santa Elena,Chaco,Argentina,86,-27.02277098,-61.2306699,
El Churcalito,Formosa,Argentina,86,-24.07409813,-60.8524658,
Colonia Napenay,Formosa,Argentina,86,-25.16821561,-59.68978359,
Paso Martínez,Corrientes,Argentina,86,-27.52158329,-58.65495769,
Loma Villanueva,Corrientes,Argentina,86,-27.69058339,-57.83239808,
Colonia Sauce,Corrientes,Argentina,86,-29.3536957,-59.23552372,
Ñatiu,Corrientes,Argentina,86,-29.58503243,-57.42823731,
Poti Malal,Mendoza,Argentina,86,-35.86881511,-69.94698467,
Intihuasi,San Luis,Argentina,86,-32.82692945,-65.96986886,
La Paloma,Buenos Aires,Argentina,85,-38.0429614,-61.31663943,
Ombú,Buenos Aires,Argentina,85,-37.13033412,-62.02547015,
Mouras,Buenos Aires,Argentina,85,-36.32847119,-62.22216944,
Río Chico,Córdoba,Argentina,85,-31.27427879,-64.01338556,
La Sara,Córdoba,Argentina,85,-33.603051,-64.4169448,
Villa Marcelina,Córdoba,Argentina,85,-33.6478244,-64.42335556,
Chacras Sur,Córdoba,Argentina,85,-31.46263684,-63.68327197,
Barranca de los Loros,Córdoba,Argentina,85,-31.98348741,-65.05410657,
Colonia El Trabajo,Córdoba,Argentina,85,-31.33065022,-62.3776463,
Kilómetro 581,Córdoba,Argentina,85,-31.39385002,-62.73902597,
Cosme Norte,Córdoba,Argentina,85,-31.71873907,-64.10510709,
Ojo de Agua,Córdoba,Argentina,85,-32.45118139,-63.61458952,
La Hortensia,Santa Fe,Argentina,85,-28.41861271,-59.30760403,
Campo Rasetto,Santa Fe,Argentina,85,-32.65501564,-61.14362838,
La Emma,Santa Fe,Argentina,85,-28.70392173,-61.33844879,
Punta del Monte,Entre Ríos,Argentina,85,-33.06859606,-59.64467917,
Chamaicó,La Pampa,Argentina,85,-35.04977833,-64.9490144,
Castro Barros,La Rioja,Argentina,85,-30.57889374,-65.72711029,
4 Esquinas,La Rioja,Argentina,85,-31.80644025,-65.87292267,
San José,La Rioja,Argentina,85,-31.69861245,-66.48623594,
La Estancita,Catamarca,Argentina,85,-28.82165224,-65.43658553,
Agua de las Palomas,Catamarca,Argentina,85,-27.62090984,-66.1241964,
Oratorio,Jujuy,Argentina,85,-22.09891821,-66.13246866,
Las Peras,Jujuy,Argentina,85,-23.41188403,-65.34980379,
Miraflores,Salta,Argentina,85,-25.34628271,-64.63897807,
El Sausalito,Salta,Argentina,85,-24.871674,-66.14486697,
Banda Grande,Salta,Argentina,85,-25.41456738,-66.23753579,
Baritú,Salta,Argentina,85,-22.49884192,-64.76868236,
Palmita de Gerez,Santiago del Estero,Argentina,85,-27.67998556,-63.96806086,
El Tacial,Santiago del Estero,Argentina,85,-28.51179456,-64.79562196,
Punua,Santiago del Estero,Argentina,85,-28.33694945,-64.15610996,
La Bolsa,Santiago del Estero,Argentina,85,-26.09202854,-64.34187087,
La Ciénaga,Tucumán,Argentina,85,-26.6652757,-65.10107595,
Sauce Huascho,Tucumán,Argentina,85,-26.98544259,-65.44978819,
Lote 11,Formosa,Argentina,85,-25.78682066,-59.46500357,
La Angelina,San Luis,Argentina,85,-34.36200481,-65.32807678,
Ojo de Agua,Neuquén,Argentina,85,-39.6388079,-69.98860568,
El Santuario,Neuquén,Argentina,85,-39.89522913,-70.71953852,
Nuevo León,Río Negro,Argentina,85,-40.74588536,-64.24880324,
D'Orbigny,Buenos Aires,Argentina,84,-37.67654557,-61.70774434,
La Delfina,Buenos Aires,Argentina,84,-34.94325564,-61.15866087,
Vallimanca,Buenos Aires,Argentina,84,-36.34289922,-61.03302382,
Don Cipriano,Buenos Aires,Argentina,84,-35.49370665,-57.77104906,
La Protegida,Buenos Aires,Argentina,84,-36.2751253,-60.72693553,
Santa Marta,Buenos Aires,Argentina,84,-36.37698927,-60.53689932,
Colonia La Juanita,Córdoba,Argentina,84,-34.59149694,-63.88295203,
Campo Minetti,Córdoba,Argentina,84,-31.71344962,-63.10550834,
Boca de Río,Córdoba,Argentina,84,-31.91564339,-65.11125058,
Colonia Severina,Córdoba,Argentina,84,-31.15279163,-62.71115922,
La Herradura,Córdoba,Argentina,84,-32.54985448,-63.11988135,
Colonia Reina Margarita,Santa Fe,Argentina,84,-30.86930136,-61.27851267,
San Miguel,Santa Fe,Argentina,84,-31.42676138,-61.57639803,
Villa Divisa de Mayo,Santa Fe,Argentina,84,-33.54836848,-61.66914335,
El Cacique,Santa Fe,Argentina,84,-29.32165421,-61.39833561,
Colonia Oficial 15,Entre Ríos,Argentina,84,-30.89387058,-58.5150213,
La Tablada,Entre Ríos,Argentina,84,-32.60366918,-59.60154078,
Molino,Entre Ríos,Argentina,84,-32.40820121,-58.27702396,
Carrizal,Entre Ríos,Argentina,84,-32.36249456,-60.40495315,
Bella Vista,La Rioja,Argentina,84,-30.50582317,-66.25872052,
Los Angeles,Catamarca,Argentina,84,-28.4521438,-65.95043812,
El Pueblito,Catamarca,Argentina,84,-28.28717107,-67.15915997,
San Francisco,Catamarca,Argentina,84,-28.34900277,-65.88221828,
Pozo del Bajo,Catamarca,Argentina,84,-28.0241941,-65.24097406,
Llulluchayoc,Jujuy,Argentina,84,-22.54878914,-65.38750856,
San Roque,Jujuy,Argentina,84,-23.25418892,-65.35654567,
Chimpa,Salta,Argentina,84,-26.05114478,-65.87979222,
Pringles,Salta,Argentina,84,-25.39064414,-64.06520009,
La Entrada,Salta,Argentina,84,-23.73097515,-62.79038914,
Balbuena,Salta,Argentina,84,-22.79117295,-63.05362684,
El Tunquelén,Santiago del Estero,Argentina,84,-25.76685688,-62.39640449,
La Candelaria,Santiago del Estero,Argentina,84,-27.73758007,-63.53770525,
El Mistol,Santiago del Estero,Argentina,84,-28.36016449,-63.97773271,
Santo Domingo de Cisneros,Santiago del Estero,Argentina,84,-27.17771065,-63.14600911,
Las Mangas,Santiago del Estero,Argentina,84,-29.53132893,-63.98992753,
Lolita Norte,Tucumán,Argentina,84,-26.88364496,-64.95128804,
La Florida,Tucumán,Argentina,84,-27.22751685,-65.60118854,
San Fernando,Tucumán,Argentina,84,-26.22094419,-65.44162904,
Campo Alto,Chaco,Argentina,84,-25.99972423,-60.23558293,
El Triunfo,Chaco,Argentina,84,-24.65565228,-62.42662379,
Pampa Almirón,Chaco,Argentina,84,-25.75502702,-60.71436636,
Lote 88,Chaco,Argentina,84,-27.50857299,-60.75222207,
El Salado,Chaco,Argentina,84,-27.52920513,-59.14682627,
Arroyo Portillo,Corrientes,Argentina,84,-30.21214831,-58.17546498,
Frontera,Corrientes,Argentina,84,-27.91118542,-57.85796453,
Paso Lovera,Corrientes,Argentina,84,-27.57450597,-58.63615171,
Valle de Pancanta,San Luis,Argentina,84,-32.89795852,-66.11029217,
Country Club Los Medanos,Buenos Aires,Argentina,83,-38.84435341,-62.73690198,
Colonia La Perla,Buenos Aires,Argentina,83,-33.97056332,-61.07597742,
Cuartel VIII,Buenos Aires,Argentina,83,-35.23121148,-58.9074387,
San Pablo,Buenos Aires,Argentina,83,-34.14797736,-60.35412872,
La Gilda,Córdoba,Argentina,83,-33.20816132,-64.25844399,
Santa Teresa,Córdoba,Argentina,83,-31.05574554,-63.97784777,
El Estanque,Córdoba,Argentina,83,-30.55698012,-64.302522,
Colonia Santa Paula,Córdoba,Argentina,83,-32.93927351,-63.89972902,
Plaza Colazo,Córdoba,Argentina,83,-31.94284542,-63.36487119,
Campo Columbo,Córdoba,Argentina,83,-30.87928229,-63.83615494,
Los Chañares,Córdoba,Argentina,83,-30.50667423,-64.17614945,
Cuatro Bocas,Santa Fe,Argentina,83,-31.22107212,-60.21402208,
Campo Huber,Santa Fe,Argentina,83,-29.58511722,-59.8379825,
Gualeguaycito,Entre Ríos,Argentina,83,-31.0696664,-58.13756441,
La Te,Entre Ríos,Argentina,83,-30.36863881,-58.80362952,
El Chimango,Entre Ríos,Argentina,83,-30.92263479,-59.45256122,
Paso de las Piedras,Entre Ríos,Argentina,83,-31.7088258,-60.0913174,
Colonia Tuyutí,Entre Ríos,Argentina,83,-32.20565513,-58.78326401,
Traru Lauquen,La Pampa,Argentina,83,-37.44005023,-64.99654564,
Santa Lucía,La Rioja,Argentina,83,-30.47553744,-66.33974575,
Balde de la Viuda,La Rioja,Argentina,83,-31.86560903,-66.46810827,
Vicuñayoc,Jujuy,Argentina,83,-23.03636429,-65.6401664,
Los Naranjos,Salta,Argentina,83,-23.11911035,-64.67638152,
La Mora,Salta,Argentina,83,-23.03734619,-62.91954092,
Cerro Negro de Tirao,Salta,Argentina,83,-24.99233073,-65.8614537,
Toro Pozo,Santiago del Estero,Argentina,83,-26.51170027,-63.54945598,
Pozo Cavado,Santiago del Estero,Argentina,83,-27.67171281,-64.44919385,
Pampa Muyoj,Santiago del Estero,Argentina,83,-28.20059129,-63.49389924,
Rearte Sur,Tucumán,Argentina,83,-26.37372405,-65.55562149,
Santa Lucía,Chaco,Argentina,83,-24.90058143,-62.63765825,
Las Rosas,Chaco,Argentina,83,-26.94185066,-58.75215215,
Julio Cué,Formosa,Argentina,83,-24.98425481,-58.73358344,
El Tránsito,Corrientes,Argentina,83,-29.36525927,-59.1842398,
Santa Bárbara,Corrientes,Argentina,83,-28.10513879,-57.65115876,
Laurel,Corrientes,Argentina,83,-28.19363628,-56.25022408,
Dique Ullum,San Juan,Argentina,83,-31.46342668,-68.65284613,
Parque Chachingo,Mendoza,Argentina,83,-33.04949718,-68.75143473,
Cajón de Almanza,Neuquén,Argentina,83,-38.1435452,-70.52954502,
Irene,Buenos Aires,Argentina,82,-38.55457553,-60.69629825,
Siempre Amigos,Buenos Aires,Argentina,82,-37.0397666,-59.8539816,
Chenaut,Buenos Aires,Argentina,82,-34.24768488,-59.21733259,
Paraje Yamahuida,Buenos Aires,Argentina,82,-36.85172576,-57.67651112,
La Florida,Buenos Aires,Argentina,82,-36.66522256,-58.97054804,
El Pajón,Buenos Aires,Argentina,82,-35.49555292,-59.3904411,
Las Islas,Buenos Aires,Argentina,82,-34.04137331,-59.08158169,
Plaza de Mercedes,Córdoba,Argentina,82,-30.97835511,-63.26068823,
Media Luna Sur,Córdoba,Argentina,82,-31.25458115,-63.88346465,
La Costa,Córdoba,Argentina,82,-29.76027388,-63.64402565,
Ituzaingó,Santa Fe,Argentina,82,-30.78141145,-61.17494024,
Las Jaulas,Entre Ríos,Argentina,82,-31.82704338,-60.60531814,
Colonia Puente del Gualeguaychú,Entre Ríos,Argentina,82,-32.14770545,-58.56808954,
Banderas,Entre Ríos,Argentina,82,-30.82063788,-59.24197879,
Palo a Pique,Entre Ríos,Argentina,82,-30.42345702,-58.89871198,
Colonia Leven,La Pampa,Argentina,82,-37.93630452,-63.90847602,
Colpes,Catamarca,Argentina,82,-28.06549192,-65.81263434,
Río Chico,Catamarca,Argentina,82,-28.93926575,-65.3426599,
Quera,Jujuy,Argentina,82,-23.10082688,-65.76357596,
Lavalle,Salta,Argentina,82,-23.23982629,-62.66986363,
Bella Vista,Salta,Argentina,82,-22.43434067,-62.69056802,
Santo Domingo,Santiago del Estero,Argentina,82,-28.36778352,-63.47746957,
Punta Corral,Santiago del Estero,Argentina,82,-28.51999161,-63.52461518,
Lote 1,Santiago del Estero,Argentina,82,-28.53851649,-62.05398298,
La Granada,Santiago del Estero,Argentina,82,-29.44922953,-63.24174492,
Monte Bello,Tucumán,Argentina,82,-27.21590076,-65.0915362,
Los Díaz,Tucumán,Argentina,82,-27.42519726,-65.08389791,
Los Toneles,Tucumán,Argentina,82,-27.36241629,-65.72015677,
El Picaso,Chaco,Argentina,82,-26.8342165,-61.6188921,
Campo Philipon,Chaco,Argentina,82,-27.17398456,-59.26074401,
El Colchón,Chaco,Argentina,82,-25.64348248,-60.36456172,
El Retiro,Chaco,Argentina,82,-25.58778603,-60.96840635,
Güemes,Chaco,Argentina,82,-25.77441674,-60.81552731,
Toundaian,Chaco,Argentina,82,-26.29740969,-60.75564558,
Pozo de los Patos,Formosa,Argentina,82,-24.11462995,-61.94807333,
San Carlos,Formosa,Argentina,82,-25.02168531,-58.85590119,
La Unión Sur,Formosa,Argentina,82,-26.19473949,-59.31711541,
Loma Alta,Corrientes,Argentina,82,-28.41471818,-57.96466953,
San Antonio,Corrientes,Argentina,82,-30.14889569,-59.25045242,
Batel Araujo,Corrientes,Argentina,82,-29.42178901,-58.9960827,
Rincón del Ombú,Corrientes,Argentina,82,-29.46626261,-57.83615392,
Colonia Buen Retiro,Corrientes,Argentina,82,-30.36372932,-57.77978529,
El Ceibal,Corrientes,Argentina,82,-28.09783319,-58.72040276,
El Chacay,Mendoza,Argentina,82,-35.36056382,-69.5849851,
La Amarga,Neuquén,Argentina,82,-39.46523231,-70.20960726,
Río Percey,Chubut,Argentina,82,-42.85502838,-71.43187161,
Erize,Buenos Aires,Argentina,81,-37.39492142,-62.80344435,
Baudrix,Buenos Aires,Argentina,81,-35.23992374,-60.30241505,
La Vizcaina,Buenos Aires,Argentina,81,-36.4238954,-61.23364535,
La Noria,Buenos Aires,Argentina,81,-35.16512302,-58.78826857,
Ingeniero Beaugey,Buenos Aires,Argentina,81,-35.50290409,-62.23480195,
Estancia Lolen,Buenos Aires,Argentina,81,-37.92145231,-61.97641772,
Colonia Artalejos,Buenos Aires,Argentina,81,-37.43547995,-60.48917357,
Cuartel VI,Buenos Aires,Argentina,81,-35.33648471,-59.22404714,
Cuartel XIX,Buenos Aires,Argentina,81,-34.57368738,-59.33438497,
Las Tahonas,Buenos Aires,Argentina,81,-35.35235444,-57.38240406,
4 de Noviembre,Buenos Aires,Argentina,81,-34.1427196,-60.78240101,
El Mangrullo,Buenos Aires,Argentina,81,-35.76632476,-60.03953962,
El Quintón,Buenos Aires,Argentina,81,-34.18112348,-59.50103748,
Colonia Rivadavia,Buenos Aires,Argentina,81,-38.67408037,-59.49961408,
Santa Catalina,Buenos Aires,Argentina,81,-39.32575033,-62.70768356,
Cuartel V,Buenos Aires,Argentina,81,-33.99187932,-59.18371765,
Cinco Montes,Buenos Aires,Argentina,81,-35.47781185,-58.7582666,
Las Tapias,Córdoba,Argentina,81,-32.80921298,-64.75299001,
Pretot Freyre,Córdoba,Argentina,81,-33.88583403,-64.52987005,
Santa Rita,Córdoba,Argentina,81,-32.92337904,-64.46469539,
Barranca Colorada,Córdoba,Argentina,81,-31.35000652,-63.7252865,
Puesto de Afuera,Córdoba,Argentina,81,-31.13381302,-63.52045847,
Campo Yañez,Córdoba,Argentina,81,-31.46102751,-63.29631,
Colonia El Porvenir,Córdoba,Argentina,81,-31.12385717,-62.38239067,
Colonia Lavarello,Córdoba,Argentina,81,-31.02597942,-61.95313454,
Colonia La Verde,Córdoba,Argentina,81,-32.7604818,-62.49894093,
El Ucle,Córdoba,Argentina,81,-32.10440966,-62.66096497,
San Bernardo,Santa Fe,Argentina,81,-30.88917754,-60.57397722,
Campo Durando,Santa Fe,Argentina,81,-31.84740641,-61.91831668,
Estación La Esmeralda,Entre Ríos,Argentina,81,-30.30324289,-58.65310525,
Tres Bocas,Entre Ríos,Argentina,81,-32.71476517,-59.68710197,
Paso La Gama,Entre Ríos,Argentina,81,-32.03109084,-59.96114065,
Colonia Sedna,Entre Ríos,Argentina,81,-31.4546158,-60.11531396,
Rincón Lucas Sur,Entre Ríos,Argentina,81,-31.65344874,-59.10586229,
Tuyubil,La Rioja,Argentina,81,-28.57897285,-67.197394,
Puesto Dichoso,La Rioja,Argentina,81,-31.91995171,-66.53915392,
La Huertita,Catamarca,Argentina,81,-28.25111695,-65.27988868,
Coyaguaima,Jujuy,Argentina,81,-22.76941734,-66.44090764,
La Manga,Jujuy,Argentina,81,-24.19118,-64.84762311,
Las Pichanas,Jujuy,Argentina,81,-24.56999976,-65.00283544,
Ciénaga Grande,Jujuy,Argentina,81,-22.45352008,-66.06053389,
Sansana,Jujuy,Argentina,81,-22.15822263,-65.56145718,
Suripujio,Jujuy,Argentina,81,-22.19065814,-65.32223066,
Los Tres Pozos,Salta,Argentina,81,-24.71750337,-63.04660158,
La Emboscada,Salta,Argentina,81,-23.34197382,-63.61038889,
Misión Iwayayuk,Salta,Argentina,81,-23.67483415,-62.4715673,
Campo Contardi,Santiago del Estero,Argentina,81,-28.96938314,-62.90055048,
Campo Alegre,Santiago del Estero,Argentina,81,-26.63271949,-63.08072073,
Colonia María Luisa,Santiago del Estero,Argentina,81,-27.67553466,-64.15772237,
Villa Matoque,Santiago del Estero,Argentina,81,-25.83208271,-63.79448902,
El Rosario,Santiago del Estero,Argentina,81,-27.28638755,-63.18244577,
Pozo Grande de Ambargasta,Santiago del Estero,Argentina,81,-29.31812616,-64.05135971,
El Barrial,Santiago del Estero,Argentina,81,-29.74294587,-63.35348186,
Los Ovejeros,Santiago del Estero,Argentina,81,-27.49682883,-64.7083564,
Villa Nueva,Tucumán,Argentina,81,-26.64242936,-64.8371159,
Lazarte,Tucumán,Argentina,81,-27.51519894,-65.17286238,
Rincón del Zorro,Chaco,Argentina,81,-27.0298738,-58.8105723,
Santos Lugares,Chaco,Argentina,81,-25.91701803,-60.09344299,
Monte Quemado Chico,Chaco,Argentina,81,-26.21017825,-60.56844267,
Pampa Leguizamón,Chaco,Argentina,81,-26.86208162,-61.25906154,
Comunidad Aborigen Wichi,Formosa,Argentina,81,-23.41879778,-61.93576878,
Colonia Llano,Corrientes,Argentina,81,-27.50392577,-58.49716697,
Laguna Vitel,Buenos Aires,Argentina,80,-35.53677816,-58.14296465,
Sauce Chico,Buenos Aires,Argentina,80,-38.67049323,-62.45689094,
El Deslinde,Buenos Aires,Argentina,80,-35.09131542,-58.59308853,
La Armonía,Buenos Aires,Argentina,80,-34.86207983,-60.00659325,
La Prosperidad,Buenos Aires,Argentina,80,-36.43558274,-62.25564072,
Altamira,Buenos Aires,Argentina,80,-34.66988293,-59.3675264,
Virgen de la Loma,Buenos Aires,Argentina,80,-36.81835386,-60.385727,
Colonia Langueyú,Buenos Aires,Argentina,80,-36.92489808,-59.05418038,
La Verde,Buenos Aires,Argentina,80,-34.07716486,-60.97131166,
Colonia Manuel 1°,Buenos Aires,Argentina,80,-36.43252236,-62.68172404,
Los Surgentes,Buenos Aires,Argentina,80,-38.66567132,-62.84019134,
Chuña Huasi,Córdoba,Argentina,80,-29.93370759,-64.11256035,
Pavín,Córdoba,Argentina,80,-33.65521503,-63.77083656,
Paso del Sauce,Córdoba,Argentina,80,-31.42798974,-63.73518519,
Campo Baudin,Córdoba,Argentina,80,-31.74560926,-63.17622187,
Colonia Hogar,Córdoba,Argentina,80,-30.85222841,-64.27169072,
Colonia El Carmen,Santa Fe,Argentina,80,-32.74865256,-61.21127336,
Campo Meshler,Santa Fe,Argentina,80,-29.89575317,-62.01358712,
El Redomón,Entre Ríos,Argentina,80,-31.09672526,-58.26962596,
Colonia Las Tunas,Entre Ríos,Argentina,80,-30.34020689,-58.2147453,
Colonia Oficial 17,Entre Ríos,Argentina,80,-30.55595083,-58.08906204,
Arroyo Hondo,Entre Ríos,Argentina,80,-33.54733356,-58.62470866,
General Güemes,Entre Ríos,Argentina,80,-31.40576024,-59.95640304,
Colonia General Urquiza,Entre Ríos,Argentina,80,-32.27564794,-58.45088659,
San Lorenzo,La Rioja,Argentina,80,-29.34164806,-66.36735332,
El Potrerillo,La Rioja,Argentina,80,-28.3959407,-67.70192624,
San Rafael,La Rioja,Argentina,80,-31.8256648,-66.37680437,
La Puerta de Tatón,Catamarca,Argentina,80,-27.36649872,-67.50050255,
Casti,Jujuy,Argentina,80,-22.1720355,-65.44134667,
Chamical,Salta,Argentina,80,-24.95019521,-65.26366322,
Calvimonte,Salta,Argentina,80,-25.11271014,-65.41920029,
El Bajo,Santiago del Estero,Argentina,80,-26.45343463,-62.75073078,
San Juan,Santiago del Estero,Argentina,80,-27.61285655,-64.21751801,
San José,Santiago del Estero,Argentina,80,-26.72438948,-64.32038988,
Paso de los Oscares,Santiago del Estero,Argentina,80,-29.26250818,-63.20470988,
San Lorenzo,Santiago del Estero,Argentina,80,-27.63913053,-64.97286495,
Lomas Blancas,Santiago del Estero,Argentina,80,-29.28657295,-63.15331583,
Pozo 43,Tucumán,Argentina,80,-26.75693442,-64.62934348,
Las Mesadas,Tucumán,Argentina,80,-27.09601749,-65.56425001,
Ibatín,Tucumán,Argentina,80,-27.21842722,-65.58226648,
Ex Fortín Arenales,Chaco,Argentina,80,-25.07618765,-61.25157966,
Pozo Colorado,Chaco,Argentina,80,-26.0669863,-60.50729528,
La Lomita,Chaco,Argentina,80,-26.43611508,-59.84756326,
San Cayetano,Formosa,Argentina,80,-23.82345854,-60.97854617,
Colonia Soto,Corrientes,Argentina,80,-27.88495615,-58.80670063,
Virocam,Corrientes,Argentina,80,-28.28262447,-55.95126531,
Balde del Rosario,San Juan,Argentina,80,-30.32093837,-67.69683523,
Resurrección,Mendoza,Argentina,80,-32.17071336,-68.21515177,
El Manantial,San Luis,Argentina,80,-33.13731411,-66.13507345,
Las Palomas,San Luis,Argentina,80,-32.06462376,-65.47377763,
Olascoaga,Buenos Aires,Argentina,79,-35.2373944,-60.61107298,
El Boquerón,Buenos Aires,Argentina,79,-37.10161735,-58.59073939,
Cuartel II,Buenos Aires,Argentina,79,-37.88722243,-58.12215488,
Colonia San Luis,Buenos Aires,Argentina,79,-34.52814743,-60.73586975,
La Florentina,Buenos Aires,Argentina,79,-37.8215106,-60.85932495,
Las Toscas,Buenos Aires,Argentina,79,-38.32921068,-58.34733787,
Las Calaveras,Buenos Aires,Argentina,79,-37.906328,-59.37070806,
Almacén de Basso,Buenos Aires,Argentina,79,-33.63682919,-59.78557897,
Mallín,Córdoba,Argentina,79,-31.29702185,-64.57325436,
De la Serna,Córdoba,Argentina,79,-34.37610241,-64.69208053,
Arroyo de Álvarez Norte,Córdoba,Argentina,79,-31.56279579,-63.17632825,
Campo Agüero,Córdoba,Argentina,79,-32.20726019,-63.81105934,
Esther,Santa Fe,Argentina,79,-31.04069259,-60.6451918,
Villa Sol de Mayo,Santa Fe,Argentina,79,-33.87396455,-61.81364654,
Aldea San Francisco,Entre Ríos,Argentina,79,-31.96122667,-60.63525994,
La Esmeralda,Entre Ríos,Argentina,79,-30.29974112,-58.66579218,
La Libertad,Entre Ríos,Argentina,79,-30.48609665,-58.57931435,
Montoya,Entre Ríos,Argentina,79,-32.6402119,-59.87290737,
Colonia San Miguel,La Pampa,Argentina,79,-36.67303932,-63.663949,
Talva,La Rioja,Argentina,79,-30.71027165,-66.18510652,
El Bosquecillo,Catamarca,Argentina,79,-29.57282421,-65.31661405,
La Quinta,Catamarca,Argentina,79,-29.04528818,-65.35209311,
San Bernardo de las Zorras,Salta,Argentina,79,-24.42529144,-65.82715293,
Santa Rosa,Santiago del Estero,Argentina,79,-25.97616771,-63.61685473,
El 20,Santiago del Estero,Argentina,79,-28.04095036,-63.0533621,
Minguecho,Santiago del Estero,Argentina,79,-29.43632152,-63.84399543,
San Juan,Santiago del Estero,Argentina,79,-29.44180888,-63.34106912,
Guaipe Guaipe,Santiago del Estero,Argentina,79,-28.03089807,-63.41321164,
Horquetas,Misiones,Argentina,79,-26.16177787,-54.04369272,
Colonia Campo del Banco,Chaco,Argentina,79,-27.76412828,-61.21047343,
Pozo del Bayo,Chaco,Argentina,79,-25.43002905,-60.41524755,
Puente San Pedro,Chaco,Argentina,79,-27.31857665,-58.7667515,
Colonia Cano,Formosa,Argentina,79,-26.8534673,-58.32631953,
El Piquete,Formosa,Argentina,79,-25.53275449,-58.92764277,
9 de Julio,Formosa,Argentina,79,-25.56336619,-59.10301893,
El Algarrobo,Formosa,Argentina,79,-22.99401455,-62.14312984,
Albardón,Corrientes,Argentina,79,-27.6958156,-58.62733024,
Campo Pernizza,Corrientes,Argentina,79,-29.93436423,-59.40279847,
Riachuelo San José,Corrientes,Argentina,79,-27.43057981,-58.50021598,
Colonia Gotusso,Corrientes,Argentina,79,-28.47058048,-58.45862168,
San Vicente,Corrientes,Argentina,79,-28.00643767,-56.21528487,
Villa Nueva,San Juan,Argentina,79,-31.05275012,-69.4925163,
Las Juntas,San Juan,Argentina,79,-30.73016023,-67.58612623,
Mina Ethel,Mendoza,Argentina,79,-36.00918392,-68.82991516,
Martín de Loyola,San Luis,Argentina,79,-35.71245303,-66.35385659,
Lago Moreno,Río Negro,Argentina,79,-41.1017575,-71.49628432,
Fofo Cahuel,Chubut,Argentina,79,-42.40821166,-70.53071486,
Estación Arenales,Buenos Aires,Argentina,78,-34.27088513,-61.29362167,
Boca de la Sierra,Buenos Aires,Argentina,78,-37.0699304,-59.76310933,
El Triángulo,Buenos Aires,Argentina,78,-33.97937616,-59.59618449,
La Paloma,Buenos Aires,Argentina,78,-34.01594172,-59.45791257,
El 43,Buenos Aires,Argentina,78,-36.21176614,-61.07685968,
El Morejón,Buenos Aires,Argentina,78,-34.20975923,-59.037642,
El Chiripá,Buenos Aires,Argentina,78,-35.90100916,-60.08882868,
Bacacay,Buenos Aires,Argentina,78,-35.65127729,-61.02725439,
La Blanqueada,Buenos Aires,Argentina,78,-35.47500421,-60.94253093,
Cerro Chato,Buenos Aires,Argentina,78,-37.2718866,-59.22695194,
San Antonio,Buenos Aires,Argentina,78,-37.10018201,-59.3188365,
Covello,Buenos Aires,Argentina,78,-36.22325423,-59.72778932,
Ranqueles,Córdoba,Argentina,78,-34.84265864,-64.10031716,
Ischilín Viejo,Córdoba,Argentina,78,-30.56787803,-64.40548109,
Colonia La Mariucha,Córdoba,Argentina,78,-32.56757397,-62.08299153,
Los Álvarez,Córdoba,Argentina,78,-31.21621201,-63.48352695,
Los Tres Árboles,Córdoba,Argentina,78,-31.86767484,-63.90861982,
Las Vertientes,Córdoba,Argentina,78,-31.51124053,-64.5340212,
Stephenson,Santa Fe,Argentina,78,-33.41434099,-60.55942324,
Achaval Rodríguez,Santa Fe,Argentina,78,-29.8877159,-61.57180345,
Kilómetro 320,Santa Fe,Argentina,78,-28.84564663,-60.11242148,
Caraguatay,Santa Fe,Argentina,78,-29.41107263,-60.13125835,
Estación Escriña,Entre Ríos,Argentina,78,-32.5921302,-58.90592828,
Colonia Santa Juana,Entre Ríos,Argentina,78,-30.64666541,-58.12576686,
Colonia Santa Lucía,Entre Ríos,Argentina,78,-30.90350034,-58.51818905,
Buena Vista,Entre Ríos,Argentina,78,-32.66645931,-59.61282007,
La Cuadra,Entre Ríos,Argentina,78,-33.06117661,-59.52197087,
Arroyo Martínez,Entre Ríos,Argentina,78,-33.64736351,-58.59572358,
Colonia Oficial Nº 13,Entre Ríos,Argentina,78,-30.67063936,-59.17963332,
Isla El Espinillo,Entre Ríos,Argentina,78,-32.91658492,-60.65337288,
Anchico Nuevo,La Rioja,Argentina,78,-29.57518556,-66.43621466,
Amanao,Catamarca,Argentina,78,-27.53497313,-66.50533689,
La Aguada,Catamarca,Argentina,78,-27.74781354,-67.21300554,
Dos Pocitos,Catamarca,Argentina,78,-28.07126187,-65.26432509,
El Pelícano,Salta,Argentina,78,-22.79793466,-64.35187553,
La Falda,Salta,Argentina,78,-22.23559812,-64.93056601,
Paaj Pozo,Santiago del Estero,Argentina,78,-25.9107595,-63.45300583,
Guatana,Santiago del Estero,Argentina,78,-28.68279454,-65.02029372,
Los Encantos,Santiago del Estero,Argentina,78,-29.67870182,-62.04571089,
La Ramada,Santiago del Estero,Argentina,78,-28.99405045,-63.52865813,
Diaspa,Santiago del Estero,Argentina,78,-28.19047995,-63.70566754,
La Ramadita,Santiago del Estero,Argentina,78,-28.22760182,-64.15036429,
Santa Rosa,Tucumán,Argentina,78,-26.66460707,-64.80697587,
Sud de Sandoval,Tucumán,Argentina,78,-27.4400873,-65.32705105,
Ancajuli,Tucumán,Argentina,78,-26.56389748,-65.55664073,
Picada Finlandesa,Misiones,Argentina,78,-27.50585854,-55.25753985,
Colonia Pampa Loca,Chaco,Argentina,78,-26.70320734,-60.50218478,
El Toroltay,Chaco,Argentina,78,-25.79508821,-60.41041193,
La Unión Sur,Chaco,Argentina,78,-26.01335974,-60.49237332,
Villa Fortuny,Chaco,Argentina,78,-25.89358159,-60.60755113,
Colonia Tres Naciones,Chaco,Argentina,78,-26.44509041,-60.54094293,
Colonia Blas Parera,Chaco,Argentina,78,-27.04787123,-60.27740664,
Paraje La Pampa,Formosa,Argentina,78,-24.50175641,-60.65856952,
El Saladillo,Formosa,Argentina,78,-26.10061002,-59.05267352,
Tataré,Corrientes,Argentina,78,-27.4640825,-57.46418811,
San Gregorio,Corrientes,Argentina,78,-29.50456488,-59.39080963,
Los Puestos,San Juan,Argentina,78,-30.67896696,-68.3182299,
Colonia Gelman,Mendoza,Argentina,78,-34.64573827,-67.948061,
Paraje La Patagonia,Neuquén,Argentina,78,-38.5180404,-69.72540874,
Bahía Bonita,Neuquén,Argentina,78,-38.64998235,-68.4541318,
Cangallo,Buenos Aires,Argentina,77,-37.21595241,-58.68250434,
Falcone,Buenos Aires,Argentina,77,-35.57925048,-58.37827454,
Voluntad,Buenos Aires,Argentina,77,-37.449528,-60.67619415,
Campo Balestraset,Buenos Aires,Argentina,77,-34.54698704,-60.97113585,
Monsalvo,Buenos Aires,Argentina,77,-36.88098684,-57.36049101,
La Magdalena,Buenos Aires,Argentina,77,-34.08334796,-60.63972359,
Los Toldos,Buenos Aires,Argentina,77,-36.50701638,-58.19598444,
Tacuarí,Buenos Aires,Argentina,77,-34.2114965,-60.31023461,
La Macarena,Buenos Aires,Argentina,77,-34.23693146,-59.07453049,
San Antonio,Córdoba,Argentina,77,-30.38694578,-65.08835471,
Colonia Dolores,Córdoba,Argentina,77,-32.76160513,-63.95707106,
Villa Viso,Córdoba,Argentina,77,-31.3652621,-65.10547182,
Colonia La Providencia,Córdoba,Argentina,77,-33.95137381,-63.61356343,
La Victoria Este,Córdoba,Argentina,77,-30.1350969,-63.44406995,
Tintinaco,Córdoba,Argentina,77,-30.7170734,-63.7928744,
Barrio Cicarelli,Santa Fe,Argentina,77,-32.60830881,-61.32418585,
Colonia Alberdi,Santa Fe,Argentina,77,-33.35487981,-60.36791365,
La Selva,Santa Fe,Argentina,77,-29.05640088,-59.94367449,
San Estanislao,Santa Fe,Argentina,77,-32.90859419,-61.51856355,
Colonia El Almagro,Santa Fe,Argentina,77,-28.63472713,-61.79432972,
La Viruela,Santa Fe,Argentina,77,-28.0489341,-60.3923548,
Chañar,Entre Ríos,Argentina,77,-31.26515364,-58.66843634,
Rincón Santa María,Entre Ríos,Argentina,77,-32.40916488,-58.47764241,
Hinojal,Entre Ríos,Argentina,77,-32.33365055,-60.16341803,
Colonia La Gerónima,Entre Ríos,Argentina,77,-31.79179992,-58.87488412,
Las Catas,La Rioja,Argentina,77,-29.19922145,-66.02055187,
Atiles,La Rioja,Argentina,77,-30.75939696,-66.67123241,
La Calera,La Rioja,Argentina,77,-31.23000455,-66.55678663,
La Candelaria,Catamarca,Argentina,77,-28.69430691,-65.43144842,
Sisi Huasi,Catamarca,Argentina,77,-28.69592049,-65.82700115,
Anjuli,Catamarca,Argentina,77,-28.67617766,-65.27426695,
Severino,Jujuy,Argentina,77,-24.35120614,-65.20095726,
Patacal,Jujuy,Argentina,77,-23.70312797,-65.53468778,
Acosta,Salta,Argentina,77,-25.7729404,-65.34196054,
Abra del Sauce,Salta,Argentina,77,-22.61861346,-65.1904563,
La Junta,Salta,Argentina,77,-23.11773852,-64.49207656,
El Espinillo,Salta,Argentina,77,-23.90139354,-62.61398693,
Isca Yacu Semaul,Santiago del Estero,Argentina,77,-27.04691172,-64.6183948,
Puesto del Medio,Santiago del Estero,Argentina,77,-27.99158642,-65.08473665,
Fortuna,Santiago del Estero,Argentina,77,-27.50046487,-63.08389649,
Árbol Blanco,Santiago del Estero,Argentina,77,-26.83606844,-61.96235,
Santa María,Tucumán,Argentina,77,-26.4505965,-64.74101343,
Alto del Puesto,Tucumán,Argentina,77,-27.67521941,-65.52218873,
La Media Luna,Chaco,Argentina,77,-26.12513483,-60.10215477,
San Juancito,Chaco,Argentina,77,-24.47217898,-62.2670153,
Lote 11,Chaco,Argentina,77,-27.04972855,-60.53473523,
Lote 6,Chaco,Argentina,77,-26.83077396,-59.60335217,
Lote 20,Formosa,Argentina,77,-25.36304437,-59.69280974,
Isla Azul,Formosa,Argentina,77,-24.99234353,-58.49497752,
Baibiene,Corrientes,Argentina,77,-29.60426413,-58.16503155,
Paso Pucheta,Corrientes,Argentina,77,-29.01238361,-58.31550818,
Puerto Canoa,Neuquén,Argentina,77,-39.74469504,-71.47996618,
Las Chacras,Neuquén,Argentina,77,-37.05465454,-69.84163406,
Carro Quebrado,Neuquén,Argentina,77,-39.17845232,-69.9282612,
Leubucó,Buenos Aires,Argentina,76,-36.8743768,-63.04212079,
La Emma,Buenos Aires,Argentina,76,-37.88854754,-60.05179231,
La Bélgica,Buenos Aires,Argentina,76,-36.93813329,-58.64093519,
El Silencio,Buenos Aires,Argentina,76,-34.08701743,-59.70854193,
Gobernador Andonaegui,Buenos Aires,Argentina,76,-34.17909271,-59.3078015,
La Reforma,Buenos Aires,Argentina,76,-38.06717923,-57.9715954,
La Colorada,Buenos Aires,Argentina,76,-36.68076202,-57.30118613,
Santa Elena,Buenos Aires,Argentina,76,-37.34413505,-60.6055625,
Sol de Mayo,Buenos Aires,Argentina,76,-35.2101472,-59.49460888,
Manantiales Chicos,Buenos Aires,Argentina,76,-33.86757762,-60.31183825,
Tabaquillo,Córdoba,Argentina,76,-30.76801567,-64.93558802,
General Soler,Córdoba,Argentina,76,-33.94166458,-64.24458193,
La Lagunilla,Córdoba,Argentina,76,-33.12679018,-64.56803738,
Campo El Taco,Córdoba,Argentina,76,-31.90090283,-62.95207685,
Bajo Chico,Córdoba,Argentina,76,-31.69819252,-64.31986187,
Colonia Compiani,Córdoba,Argentina,76,-32.56809649,-62.67812788,
Fortín Tacurú,Santa Fe,Argentina,76,-28.08878374,-61.15643279,
Balneario Arocena,Santa Fe,Argentina,76,-32.08359498,-60.93775011,
Campo Seveso,Santa Fe,Argentina,76,-31.78705455,-61.99935166,
Colonia San Emilio,Entre Ríos,Argentina,76,-32.08908294,-60.40419242,
Charigüé,Entre Ríos,Argentina,76,-32.90682908,-60.63049925,
El Quebracho,La Rioja,Argentina,76,-29.22159988,-65.97506645,
Las Talas,La Rioja,Argentina,76,-30.38170795,-66.3029385,
Minas de Culampajá,Catamarca,Argentina,76,-26.95584874,-66.97373277,
Pozo del Campo,Catamarca,Argentina,76,-28.03196939,-65.31631122,
Puesto del Medio,Catamarca,Argentina,76,-28.10508052,-65.23602625,
Vizcarra,Jujuy,Argentina,76,-23.15342986,-65.54794178,
Huichaira,Jujuy,Argentina,76,-23.57693143,-65.43271121,
Pozo Cercado,Salta,Argentina,76,-23.3599313,-63.82583697,
San Lucas,Salta,Argentina,76,-25.86732344,-66.03449954,
San Marcos Norte,Salta,Argentina,76,-22.38284652,-65.09224567,
Los Gallardo,Santiago del Estero,Argentina,76,-27.45115095,-64.58121331,
El Simbol,Santiago del Estero,Argentina,76,-26.18886912,-62.92742262,
Pozo del Monte,Santiago del Estero,Argentina,76,-29.25225012,-63.45543198,
Colonia Tres y Cuatro,Tucumán,Argentina,76,-27.06799121,-65.44367506,
Montañita,Tucumán,Argentina,76,-26.97388782,-65.38077102,
El Rodeo,Tucumán,Argentina,76,-27.5525919,-65.24724332,
Quilmes,Tucumán,Argentina,76,-26.50022243,-66.00834303,
3 de Mayo,Misiones,Argentina,76,-26.79064877,-54.90146674,
Limita,Chaco,Argentina,76,-27.23279349,-58.75106524,
El Ñandubay,Chaco,Argentina,76,-25.35752922,-60.62937498,
Pozo El Zapallar,Chaco,Argentina,76,-25.26916067,-60.8524539,
Colonia José Mármol,Chaco,Argentina,76,-26.99525076,-60.67838168,
Campo Blanco,Chaco,Argentina,76,-26.22805426,-59.44883709,
Lote 10,Chaco,Argentina,76,-27.37484438,-60.64062817,
La Esperanza,Formosa,Argentina,76,-23.54177228,-61.4208225,
Laguna Pucú,Corrientes,Argentina,76,-29.17472494,-59.12707118,
Kilómetro 517,Corrientes,Argentina,76,-27.9776105,-55.85088615,
Campana Mahuida,Neuquén,Argentina,76,-38.19313395,-70.60884278,
Lileo,Neuquén,Argentina,76,-37.22337376,-70.76197647,
El Sótano,Río Negro,Argentina,76,-40.8602079,-65.13019697,
Barrio Las Margaritas,Buenos Aires,Argentina,75,-34.18472595,-60.69898759,
Capitán Castro,Buenos Aires,Argentina,75,-35.91240846,-62.22422799,
El Torito,Buenos Aires,Argentina,75,-33.96018893,-59.51436096,
El Nacional,Buenos Aires,Argentina,75,-33.91138878,-60.13105272,
El Poleo,Buenos Aires,Argentina,75,-37.79209018,-60.13583129,
La Brava,Buenos Aires,Argentina,75,-37.90303988,-57.97568838,
La Lechuza,Buenos Aires,Argentina,75,-35.08587165,-59.28782314,
Colonia Bargas,Buenos Aires,Argentina,75,-39.64016043,-62.60057197,
La Colorada,Buenos Aires,Argentina,75,-36.48326778,-58.62154911,
Santa Rosa,Buenos Aires,Argentina,75,-35.090293,-58.45881705,
Villa Marta,Buenos Aires,Argentina,75,-35.32028342,-59.78387145,
La Mascota,Buenos Aires,Argentina,75,-38.79193849,-62.66122172,
Rafael García,Córdoba,Argentina,75,-31.64510003,-64.25939869,
Paso Grande,Córdoba,Argentina,75,-31.1280028,-65.08910669,
Campo Grande,Córdoba,Argentina,75,-30.0495202,-63.54498748,
Colonia San José de Aguas Coloradas,Córdoba,Argentina,75,-31.90279063,-63.05010035,
Totorillas,Córdoba,Argentina,75,-29.86834056,-64.16570204,
El Fortín,Santa Fe,Argentina,75,-30.96088445,-61.66219663,
La Escondida,Santa Fe,Argentina,75,-33.8628846,-61.91128907,
Campo Oitana,Santa Fe,Argentina,75,-31.83326404,-61.64875002,
Campo Furlan,Entre Ríos,Argentina,75,-31.63494179,-59.96897851,
Las Colinas,Entre Ríos,Argentina,75,-31.78730867,-60.56208668,
El Shincal,Catamarca,Argentina,75,-27.68771824,-67.19410976,
Sauzalito,Jujuy,Argentina,75,-23.28626403,-65.96718165,
Independencia,Salta,Argentina,75,-25.08915316,-63.20220469,
Pozo Verde,Salta,Argentina,75,-23.63129751,-63.35867571,
Ventura Pampa,Santiago del Estero,Argentina,75,-28.44595887,-63.88053309,
Pampa Charquina,Santiago del Estero,Argentina,75,-27.08184851,-63.16158643,
El Azul,Santiago del Estero,Argentina,75,-26.20699655,-64.39718057,
El Saladillo,Santiago del Estero,Argentina,75,-26.26141538,-64.20280852,
El Cerro,Santiago del Estero,Argentina,75,-29.16465629,-63.77017048,
Ingenio Fronterita,Tucumán,Argentina,75,-27.03092713,-65.46039241,
Lote 3,Chaco,Argentina,75,-27.34522391,-60.51687175,
El Pavao,Formosa,Argentina,75,-24.93647195,-59.58126496,
Colonia Roda,Formosa,Argentina,75,-25.99394588,-59.57008919,
La Floresta,Corrientes,Argentina,75,-29.82786468,-59.14930913,
Buta Billón,Mendoza,Argentina,75,-36.23848717,-69.68174155,
El Algarrobal,San Luis,Argentina,75,-32.71146605,-65.46703989,
Las Bandurrias,Buenos Aires,Argentina,74,-37.11401613,-61.45205765,
Chirramberro,Buenos Aires,Argentina,74,-35.38736239,-57.51887995,
Colonia El Balde,Buenos Aires,Argentina,74,-35.91113462,-63.13239995,
La Matilde,Buenos Aires,Argentina,74,-33.74182994,-59.86294074,
El Empalme,Buenos Aires,Argentina,74,-37.54765667,-59.18860507,
Chañaritos Dos,Córdoba,Argentina,74,-31.13257962,-64.95703576,
Pichanas,Córdoba,Argentina,74,-30.79864977,-65.17335228,
Isla de San Antonio,Córdoba,Argentina,74,-30.02906159,-64.41749326,
Colonia La Leoncita,Córdoba,Argentina,74,-32.11786263,-62.56273802,
Balneario Laguna Paiva,Santa Fe,Argentina,74,-31.2722617,-60.62673199,
Soutomayor,Santa Fe,Argentina,74,-30.93601485,-61.1648411,
Campo Caffaro,Santa Fe,Argentina,74,-29.97622918,-62.00202004,
Colonia Alcorta,Santa Fe,Argentina,74,-30.28353926,-61.33897499,
Colonia Fink,Entre Ríos,Argentina,74,-31.20373931,-58.62317796,
Cuchilla Redonda,Entre Ríos,Argentina,74,-33.08859553,-59.09660106,
Montoya,Entre Ríos,Argentina,74,-32.51986092,-59.86974936,
Corrales,Entre Ríos,Argentina,74,-32.5794785,-60.03070096,
Tercera Sección de Islas,Entre Ríos,Argentina,74,-33.08829064,-60.22382827,
Colonia La Mora,Entre Ríos,Argentina,74,-31.43964999,-58.60588102,
Bajo Verde,La Rioja,Argentina,74,-30.37993181,-66.59333404,
Los Morteros,Catamarca,Argentina,74,-28.5900038,-65.62460216,
Tacana,Catamarca,Argentina,74,-28.6491359,-65.58304028,
Agua Chica,Jujuy,Argentina,74,-23.0519386,-65.78403839,
Muyayoc,Jujuy,Argentina,74,-22.85044432,-65.29728276,
San Ignacio,Salta,Argentina,74,-23.14925498,-63.70916118,
Las Juntas,Salta,Argentina,74,-22.85295568,-62.62951306,
El Toro,Salta,Argentina,74,-24.1807266,-65.87381173,
Chañarito,Santiago del Estero,Argentina,74,-26.56731183,-63.46650945,
La Unión,Santiago del Estero,Argentina,74,-26.14820485,-62.82859204,
El Cambiado,Santiago del Estero,Argentina,74,-26.70092782,-64.1647866,
La Chirquita,Santiago del Estero,Argentina,74,-29.3050121,-63.99311723,
Báez,Santiago del Estero,Argentina,74,-29.52897223,-63.54482119,
Arenales,Tucumán,Argentina,74,-27.02144807,-65.12180561,
Colonia Choromoro,Tucumán,Argentina,74,-26.4165887,-65.28848862,
El Tigre,Misiones,Argentina,74,-27.26204035,-54.93514388,
Santa María,Chaco,Argentina,74,-25.37367732,-62.02598604,
Mallín de los Caballos,Neuquén,Argentina,74,-38.70124814,-70.24012067,
Valle Verde,Río Negro,Argentina,74,-37.62345363,-68.03379407,
José Benito Casas,Buenos Aires,Argentina,73,-40.4353207,-62.54412305,
El Hinojal,Buenos Aires,Argentina,73,-37.24713404,-58.27916098,
Cuartel VII,Buenos Aires,Argentina,73,-34.32524144,-59.74731976,
El Gualicho,Buenos Aires,Argentina,73,-36.21562739,-59.04475736,
Campo Tozzi,Buenos Aires,Argentina,73,-35.2189475,-59.40298263,
La Porteña,Buenos Aires,Argentina,73,-35.25298445,-59.000141,
Alambrado de Fierro,Buenos Aires,Argentina,73,-34.77938322,-58.9369511,
Colonia Los Álamos,Buenos Aires,Argentina,73,-39.5512259,-62.64383965,
Paraje La Púa,Buenos Aires,Argentina,73,-36.4174763,-63.20523182,
Tercera Sección de Islas,Buenos Aires,Argentina,73,-34.07585138,-58.44389806,
Colonia Traicó,Buenos Aires,Argentina,73,-38.83544335,-63.3087382,
El Parador de la Montaña,Córdoba,Argentina,73,-32.10043489,-64.46933898,
Campo La Alejandra,Córdoba,Argentina,73,-32.64744486,-63.16360663,
Colonia La Monona,Córdoba,Argentina,73,-33.82639441,-63.64118233,
El Potrero,Córdoba,Argentina,73,-31.37355596,-65.36981758,
Sagrada Familia,Córdoba,Argentina,73,-31.36009063,-65.0205115,
Pozo de la Loma,Córdoba,Argentina,73,-31.2859955,-63.30171453,
Colonia Frontera Norte,Córdoba,Argentina,73,-31.10817339,-62.76473798,
Campo Donnet,Santa Fe,Argentina,73,-31.7930764,-61.5465336,
Paso Potrillo,Entre Ríos,Argentina,73,-31.14833035,-59.78676161,
El Malagueño,Entre Ríos,Argentina,73,-31.70154852,-59.46426345,
Colonia Anguinán,La Rioja,Argentina,73,-29.25057674,-67.44382953,
La Torre,La Rioja,Argentina,73,-30.20452323,-67.60221894,
El Tala,La Rioja,Argentina,73,-31.61418597,-66.42359215,
Navaguín,Catamarca,Argentina,73,-29.08979483,-65.43316967,
Rincón de Ipizca,Catamarca,Argentina,73,-28.85208251,-65.56193364,
Yunka Suma,Catamarca,Argentina,73,-27.38422782,-65.9834755,
Albigasta,Catamarca,Argentina,73,-28.58420077,-65.21969343,
San Juan,Salta,Argentina,73,-22.72625303,-65.23187466,
Salar de Pocitos,Salta,Argentina,73,-24.37479062,-66.99389091,
Monte Rico,Santiago del Estero,Argentina,73,-26.32708537,-62.95417743,
Esteco,Santiago del Estero,Argentina,73,-26.23998107,-63.75684882,
Jume Esquina,Santiago del Estero,Argentina,73,-27.65748572,-63.59010293,
El Laurel,Santiago del Estero,Argentina,73,-28.93074749,-63.89962845,
Monte Quemado,Santiago del Estero,Argentina,73,-26.1569427,-64.41027739,
Tagamampa,Santiago del Estero,Argentina,73,-27.39061388,-64.84927242,
Suncho Pozo,Santiago del Estero,Argentina,73,-28.12914536,-63.99143173,
Alto Verde,Tucumán,Argentina,73,-27.82704607,-65.26669203,
Los Arrieta,Tucumán,Argentina,73,-27.46275905,-65.53152599,
Alto Las Flores,Tucumán,Argentina,73,-27.46688866,-65.53857521,
Pampa Gamba,Chaco,Argentina,73,-26.58479139,-60.51035774,
El Silencio,Chaco,Argentina,73,-26.09229589,-60.95230405,
San Manuel,Chaco,Argentina,73,-25.44536208,-60.63974578,
Tres Mojones,Formosa,Argentina,73,-26.46605474,-58.51404203,
Copo Blanco,Formosa,Argentina,73,-25.56190035,-59.27755661,
Estero Patiño,Formosa,Argentina,73,-25.58398879,-59.31577823,
Kilómetro 935,Mendoza,Argentina,73,-33.43871093,-67.67727408,
Nahuel Mapá,San Luis,Argentina,73,-34.7857388,-66.17633056,
Pozo del Gualicho,Neuquén,Argentina,73,-38.35495426,-70.54699842,
Villa María,Buenos Aires,Argentina,72,-34.88822503,-60.34748048,
San Mauricio,Buenos Aires,Argentina,72,-35.51077319,-63.18828529,
Arroyo de los Huesos,Buenos Aires,Argentina,72,-37.02136397,-59.56310367,
Cañada de los Toros,Buenos Aires,Argentina,72,-34.11457049,-59.61945454,
Cañada Marta,Buenos Aires,Argentina,72,-33.928738,-60.036387,
Reserva,Buenos Aires,Argentina,72,-37.82598363,-61.2212266,
El Destino,Buenos Aires,Argentina,72,-35.94644393,-57.99837329,
Los Jagüeles,Buenos Aires,Argentina,72,-35.52679904,-57.65744478,
Blandengues,Buenos Aires,Argentina,72,-34.54190005,-61.25297205,
Cuartel XVI,Buenos Aires,Argentina,72,-34.67183017,-59.65301993,
Anasagasti,Buenos Aires,Argentina,72,-35.00800624,-59.39042431,
Ingeniero Williams,Buenos Aires,Argentina,72,-34.89441998,-59.3728276,
Pourtalé,Buenos Aires,Argentina,72,-37.01941757,-60.59079091,
Tres Bonetes,Buenos Aires,Argentina,72,-40.15279248,-62.42594852,
Emiliano Reynoso,Buenos Aires,Argentina,72,-35.54887363,-59.87447256,
Los Cardales,Buenos Aires,Argentina,72,-34.8528798,-59.72694084,
El Remanso,Buenos Aires,Argentina,72,-36.99063177,-59.30508746,
La Rabia,Buenos Aires,Argentina,72,-35.37529384,-59.88942208,
Campo Espie,Buenos Aires,Argentina,72,-39.28658748,-62.82331286,
Villa Flor Serrana,Córdoba,Argentina,72,-31.39054525,-64.59568872,
La Margarita,Córdoba,Argentina,72,-32.09882081,-63.31471242,
Colonia Orcavi,Córdoba,Argentina,72,-33.52976324,-64.37481092,
Marull,Córdoba,Argentina,72,-30.1843935,-63.14271721,
San Gerónimo Sur,Córdoba,Argentina,72,-31.36548101,-64.92709557,
Campo Bertoni,Santa Fe,Argentina,72,-31.10786453,-61.8120128,
Colonia Falucho,Santa Fe,Argentina,72,-34.0769845,-62.45384946,
Cantón de Zárate,Santa Fe,Argentina,72,-31.58776313,-61.30222711,
Campo San José,Santa Fe,Argentina,72,-29.52141223,-60.61214884,
Las Mercedes,Entre Ríos,Argentina,72,-33.16313212,-58.90095762,
La Selva,Entre Ríos,Argentina,72,-30.88818494,-59.62067094,
Raices al Sud,Entre Ríos,Argentina,72,-32.16161538,-59.24192044,
Lucas Sur Segundo,Entre Ríos,Argentina,72,-31.52683659,-58.81670598,
El Quimilo,Catamarca,Argentina,72,-29.89935208,-65.39790481,
Las Escaleras,Jujuy,Argentina,72,-24.10767153,-65.14495749,
Piul,Salta,Argentina,72,-25.00715371,-65.98850743,
Santa Bárbara,Salta,Argentina,72,-25.9286981,-65.71893723,
Matancillas del Valle Delgado,Salta,Argentina,72,-22.64519462,-65.17069816,
San Felipe,Salta,Argentina,72,-22.30282644,-64.98310102,
Los Santillán,Santiago del Estero,Argentina,72,-26.91049165,-64.69081138,
San Roque,Santiago del Estero,Argentina,72,-26.74467561,-63.94550787,
Kilómetro 499,Santiago del Estero,Argentina,72,-28.23933446,-62.7580445,
9 de Julio,Santiago del Estero,Argentina,72,-26.85325641,-63.16527785,
El Once,Tucumán,Argentina,72,-26.81076608,-64.68289529,
El Tío,Tucumán,Argentina,72,-26.58240696,-65.87639507,
Talapazo,Tucumán,Argentina,72,-26.3969028,-66.03372186,
Tres Quebrachos,Tucumán,Argentina,72,-26.25701525,-65.50071021,
Lote 45,Chaco,Argentina,72,-27.01988827,-60.48720769,
Campo Roffo,Chaco,Argentina,72,-26.40258822,-59.37685729,
Las Bravas,Chaco,Argentina,72,-25.74044574,-60.0101761,
Kilómetro 575,Chaco,Argentina,72,-26.86923382,-59.52928436,
Colonia El Silencio,Formosa,Argentina,72,-25.39499756,-59.95593793,
Puerto Araza,Corrientes,Argentina,72,-27.28336177,-58.45860881,
María Carapé,Corrientes,Argentina,72,-30.12360486,-58.07724168,
Cabeza de Novillo,San Luis,Argentina,72,-32.38203887,-65.38616276,
Pozo  Frío,San Luis,Argentina,72,-32.62070688,-65.60016576,
Aucapán Abajo,Neuquén,Argentina,72,-39.64059847,-71.03284413,
Tierras Blancas,Neuquén,Argentina,72,-37.18821915,-70.74672361,
Pilquiniyeu,Río Negro,Argentina,72,-41.83174926,-68.35125818,
Yutuyaco,Buenos Aires,Argentina,71,-36.98732041,-63.13202791,
La Sofía,Buenos Aires,Argentina,71,-35.69936076,-61.16943849,
Cuartel II,Buenos Aires,Argentina,71,-37.14218757,-58.5228841,
Martín Fierro,Buenos Aires,Argentina,71,-37.2326333,-59.82375525,
La Noria,Buenos Aires,Argentina,71,-37.90111824,-61.14540579,
San Nicanor,Buenos Aires,Argentina,71,-35.71748484,-57.63091828,
Alegre,Buenos Aires,Argentina,71,-35.45427368,-58.26677541,
Kilómetro 70,Buenos Aires,Argentina,71,-35.29771431,-58.46406809,
El Moro,Buenos Aires,Argentina,71,-36.36856239,-61.63781331,
La Providencia,Buenos Aires,Argentina,71,-35.02253236,-58.23106377,
El Despunte,Buenos Aires,Argentina,71,-35.90497861,-58.90989888,
Cañada de Roca,Buenos Aires,Argentina,71,-34.5291307,-59.16961819,
Puricelli,Buenos Aires,Argentina,71,-34.73648441,-59.34448809,
Maguire,Buenos Aires,Argentina,71,-33.95453164,-60.29582496,
Luján del Río,Buenos Aires,Argentina,71,-35.70732536,-57.35702345,
Nueva Esperanza,Buenos Aires,Argentina,71,-34.10234227,-58.78917101,
La Palma,Buenos Aires,Argentina,71,-35.67317907,-60.37159129,
Country Área 60,Buenos Aires,Argentina,71,-35.11817419,-58.10384986,
El Tropiezo,Córdoba,Argentina,71,-30.65042502,-64.8563283,
Colonia Adela,Córdoba,Argentina,71,-31.71254666,-63.25437835,
Colonia Madreselva,Córdoba,Argentina,71,-31.0622995,-62.58599855,
Campo La Chingola,Santa Fe,Argentina,71,-34.18007346,-61.74581821,
Antonio Pini,Santa Fe,Argentina,71,-29.07536258,-61.73737649,
Portugalete,Santa Fe,Argentina,71,-30.20920697,-61.36934225,
Bella Unión,Entre Ríos,Argentina,71,-30.68174018,-58.56268585,
Campo Vasalle,Entre Ríos,Argentina,71,-32.81336593,-59.1751687,
Cuatro Bocas,Entre Ríos,Argentina,71,-30.63067196,-59.33453545,
Don Cristóbal Primero,Entre Ríos,Argentina,71,-32.22497194,-59.80910623,
Sauce Medio,Entre Ríos,Argentina,71,-31.8064915,-60.4050406,
Colonia El Sauzal,La Pampa,Argentina,71,-37.70893429,-67.73989943,
Chelcos,La Rioja,Argentina,71,-31.21731407,-66.39034649,
Mesada de Zárate,Catamarca,Argentina,71,-27.11353126,-67.67924171,
El Saladillo,Salta,Argentina,71,-24.58130524,-65.0187175,
Payogastilla,Salta,Argentina,71,-25.7120058,-66.00541631,
Esteros,Santiago del Estero,Argentina,71,-26.6310623,-63.65993052,
Yacu Hichacuna,Santiago del Estero,Argentina,71,-27.79013757,-63.48726222,
Oncán,Santiago del Estero,Argentina,71,-29.46457874,-63.98787397,
El Ñorco,Tucumán,Argentina,71,-26.48037246,-65.50435895,
El Simbolar,Tucumán,Argentina,71,-26.24504391,-65.33303395,
Barrio Santa Teresita,Misiones,Argentina,71,-26.48356853,-54.65873574,
Colonia Sol de Mayo,Misiones,Argentina,71,-27.09883952,-55.19842861,
Pampa Grande,Chaco,Argentina,71,-26.5236178,-60.57329626,
Campo Nuevo,Chaco,Argentina,71,-26.17575116,-59.84014765,
El Trébol,Formosa,Argentina,71,-23.93965232,-61.87197237,
Country Club San Justo,Tierra del Fuego,Argentina,71,-54.02812256,-68.54355532,
Arroyo Ventana,Río Negro,Argentina,71,-41.66544135,-66.09424756,
Comandante Martín Guerrico,Río Negro,Argentina,71,-39.00517037,-67.73037931,
Colonia Confluencia,Río Negro,Argentina,71,-38.97125234,-67.99213951,
Colonia Reig,Río Negro,Argentina,71,-38.97480725,-64.13241438,
Krabbe,Buenos Aires,Argentina,70,-37.78274156,-61.14288556,
Santa Clara,Buenos Aires,Argentina,70,-36.82671005,-61.76534398,
Etchegoyen,Buenos Aires,Argentina,70,-34.4285124,-59.07767936,
De Arias,Buenos Aires,Argentina,70,-34.67410474,-59.09343602,
La Salada,Buenos Aires,Argentina,70,-37.5362766,-60.69071667,
Calfucurá,Buenos Aires,Argentina,70,-37.4856416,-57.43611012,
Balneario Los Ángeles,Buenos Aires,Argentina,70,-38.66756186,-59.00221354,
Colonia La Beba,Buenos Aires,Argentina,70,-39.82943065,-62.70164076,
La Haydée,Buenos Aires,Argentina,70,-35.37185918,-63.29279697,
El Descanso,Buenos Aires,Argentina,70,-33.84236286,-59.95412794,
Francisco Magnano,Buenos Aires,Argentina,70,-35.65503451,-62.50153991,
La Carlota,Buenos Aires,Argentina,70,-39.32117078,-62.50077403,
Arroyo San Antonio,Córdoba,Argentina,70,-32.25622512,-64.60779805,
Lutti,Córdoba,Argentina,70,-32.31849827,-64.7469859,
Los Quebrachitos,Córdoba,Argentina,70,-31.19574103,-64.36441428,
Punta del Agua,Córdoba,Argentina,70,-33.5746923,-64.10422597,
Colonia La Argentina,Córdoba,Argentina,70,-30.98510633,-63.01601386,
Los Troncos,Córdoba,Argentina,70,-31.36347086,-63.79192051,
Tres Pozos,Córdoba,Argentina,70,-30.90841435,-63.57630227,
Colonia Palo Labrado,Córdoba,Argentina,70,-31.05841432,-62.03585381,
El Jumeal,Córdoba,Argentina,70,-31.86197639,-62.92233065,
Campo Almendra,Santa Fe,Argentina,70,-31.33061711,-61.98067966,
Pueblo Ferré,Entre Ríos,Argentina,70,-31.44442975,-58.42351258,
El Sauce,Entre Ríos,Argentina,70,-33.48542406,-58.94448322,
Camino al Ñandubaysal,Entre Ríos,Argentina,70,-33.05157174,-58.44283206,
Cortaderas,La Rioja,Argentina,70,-30.54672786,-66.23835189,
Huasimayo,Catamarca,Argentina,70,-28.38184555,-65.86513222,
La Quebrada,Catamarca,Argentina,70,-26.68638166,-66.45818205,
Ampascachi,Salta,Argentina,70,-25.35265322,-65.5282293,
Hito 1,Salta,Argentina,70,-21.99971097,-62.82373828,
Las Conchas,Salta,Argentina,70,-25.99261128,-65.83113526,
San Ramón,Santiago del Estero,Argentina,70,-26.45388992,-63.2947773,
Pozo Dulce,Santiago del Estero,Argentina,70,-29.06683978,-62.02969123,
El Tobiano,Santiago del Estero,Argentina,70,-28.83998178,-62.32697792,
San Pedro,Santiago del Estero,Argentina,70,-28.30798487,-62.25312761,
San Luis Oeste,Santiago del Estero,Argentina,70,-27.81660214,-63.13669462,
Suri Pozo,Santiago del Estero,Argentina,70,-27.70832283,-63.08873698,
El Espinal,Tucumán,Argentina,70,-27.71169164,-65.07969734,
El Mistol,Tucumán,Argentina,70,-27.79760397,-65.40953303,
Colonia Ensanche Norte,Formosa,Argentina,70,-25.19111631,-59.87014,
Maestra Blanca Gómez,Formosa,Argentina,70,-25.16178694,-59.78717067,
Kilómetro 224,Formosa,Argentina,70,-26.14697493,-59.42343071,
Vaca Cuá,Corrientes,Argentina,70,-29.66585339,-57.96789907,
San Antonio,Corrientes,Argentina,70,-29.74875986,-57.55129518,
Mechanquil,Mendoza,Argentina,70,-36.2278903,-69.85990005,
El Vidalino,Mendoza,Argentina,70,-34.63019322,-67.98478394,
Río de las Tunas,Mendoza,Argentina,70,-33.38544083,-69.36286407,
Bahía Creek,Río Negro,Argentina,70,-41.08319992,-63.9326016,
El Pozo Salado,Río Negro,Argentina,70,-40.92449446,-64.12695709,
Martín Fierro,Río Negro,Argentina,70,-39.01947923,-67.85089285,
Nicolás Kronlund,Santa Cruz,Argentina,70,-51.83594739,-71.67019291,
Manantial Espejo,Santa Cruz,Argentina,70,-48.86186726,-69.58078003,
Los Angeles,Buenos Aires,Argentina,69,-34.45714531,-60.18029208,
El Destierro,Buenos Aires,Argentina,69,-36.60857597,-59.56408676,
Encina,Buenos Aires,Argentina,69,-35.12751452,-62.3912131,
San Miguel,Buenos Aires,Argentina,69,-34.27350238,-59.80210298,
La Corina,Buenos Aires,Argentina,69,-36.06274886,-57.89832529,
La Belén,Buenos Aires,Argentina,69,-35.82207877,-57.95581078,
El Tabaré,Buenos Aires,Argentina,69,-36.00914696,-59.69865389,
La Verde,Buenos Aires,Argentina,69,-35.79613733,-58.5905946,
Newton,Buenos Aires,Argentina,69,-35.93140576,-58.77461549,
Speratti,Buenos Aires,Argentina,69,-35.00253174,-58.99928898,
El Pampero,Buenos Aires,Argentina,69,-37.96577648,-58.68882008,
Las Lechuzas,Buenos Aires,Argentina,69,-35.99781408,-58.40950833,
Chapaleofú,Buenos Aires,Argentina,69,-36.64013029,-59.14867451,
La Atalaya,Buenos Aires,Argentina,69,-35.9966916,-62.60399645,
Villa Oeste,Córdoba,Argentina,69,-32.41694241,-63.28345835,
Isleta Cabral,Córdoba,Argentina,69,-32.53891969,-63.31690378,
Kilómetro 545,Córdoba,Argentina,69,-33.9921083,-64.01100514,
Los Jagüeles Sud,Córdoba,Argentina,69,-33.50475787,-64.50496642,
Pozo El Chaya,Córdoba,Argentina,69,-31.2266752,-62.6212603,
Kilómetro 15,Córdoba,Argentina,69,-31.48626108,-64.01040197,
Colonia Roccia,Santa Fe,Argentina,69,-30.88975795,-61.4233059,
El Laurel,Santa Fe,Argentina,69,-30.97855187,-60.06615337,
Kilómetro 54,Santa Fe,Argentina,69,-28.19046746,-59.29283395,
La Clara,Santa Fe,Argentina,69,-30.54338807,-61.18181164,
Villa Lastenia,Santa Fe,Argentina,69,-30.68458221,-60.45995059,
Costa de San Antonio,Entre Ríos,Argentina,69,-32.6368682,-59.03863466,
Perú,La Pampa,Argentina,69,-37.66120818,-64.13924601,
Cebollar,La Rioja,Argentina,69,-29.0898293,-66.56704353,
Coraya,Jujuy,Argentina,69,-23.16341412,-65.44374545,
El Totoral,Salta,Argentina,69,-23.93912389,-62.9944571,
San José,Salta,Argentina,69,-23.70253366,-63.30043135,
Tres Horcones,Salta,Argentina,69,-24.31014029,-62.49153628,
25 de Mayo Sur,Santiago del Estero,Argentina,69,-28.8625679,-64.70465115,
Lote 59,Santiago del Estero,Argentina,69,-28.27941813,-62.58164665,
El Jume,Santiago del Estero,Argentina,69,-29.41988277,-63.70753226,
Casilla del Medio,Santiago del Estero,Argentina,69,-27.20931043,-64.75767277,
El Cachi,Santiago del Estero,Argentina,69,-27.84575654,-63.50616173,
Villa Pujio,Tucumán,Argentina,69,-27.72006547,-65.00938981,
Nueva España,Tucumán,Argentina,69,-27.26902159,-65.21825047,
Los Décima,Tucumán,Argentina,69,-27.4276755,-65.02198462,
Los Herrera,Tucumán,Argentina,69,-27.41022698,-65.06714234,
El Infiernillo,Tucumán,Argentina,69,-26.74052493,-65.77296702,
La Hoyada,Tucumán,Argentina,69,-26.68919563,-65.52643884,
El Brasil,Chaco,Argentina,69,-24.99292745,-62.63599455,
El Zanjón,Chaco,Argentina,69,-25.70864537,-60.72422001,
Los Milagros,Chaco,Argentina,69,-25.75872492,-60.1562385,
Lote 13,Chaco,Argentina,69,-27.22971728,-60.57712452,
La Esperanza,Chaco,Argentina,69,-26.80334955,-59.94432361,
Alto Alegre,Formosa,Argentina,69,-23.98717543,-60.82452639,
Colonia San Pedro,Formosa,Argentina,69,-25.68456692,-59.95602701,
San Lorencito,Corrientes,Argentina,69,-27.92363253,-58.36095938,
Aquino,Corrientes,Argentina,69,-30.29567646,-59.17952465,
Loma Alta,Corrientes,Argentina,69,-29.08765845,-57.08016797,
Colonia Los Valencianos,San Juan,Argentina,69,-30.60061143,-67.41570887,
Lago Yehuín,Tierra del Fuego,Argentina,69,-54.36075938,-67.78416527,
Médanos Blancos,Buenos Aires,Argentina,68,-34.76333674,-60.23862021,
Picheuta,Buenos Aires,Argentina,68,-34.88954393,-60.05980558,
Kilómetro 95,Buenos Aires,Argentina,68,-34.29726956,-61.44746707,
Santa Rosa,Buenos Aires,Argentina,68,-36.72387288,-57.99789407,
La Victoria,Buenos Aires,Argentina,68,-37.05076219,-57.12086796,
Los Zorzales,Buenos Aires,Argentina,68,-36.9516633,-57.09226884,
La Josefa,Buenos Aires,Argentina,68,-34.62147252,-62.97928425,
La Capilla,Buenos Aires,Argentina,68,-36.21662252,-59.37173042,
San Martín,Buenos Aires,Argentina,68,-35.02574842,-57.75316725,
Blanca Chica,Buenos Aires,Argentina,68,-36.84151209,-60.44854219,
El Clavo,Buenos Aires,Argentina,68,-35.43991613,-60.10855912,
Miralejos,Buenos Aires,Argentina,68,-34.4714675,-59.03257062,
La Rinconada,Córdoba,Argentina,68,-31.06795854,-64.78977456,
Los Leones,Córdoba,Argentina,68,-30.31461854,-65.12349282,
Cinco Esquinas,Córdoba,Argentina,68,-32.86224337,-64.27493748,
Pozo del Chañar,Córdoba,Argentina,68,-32.0568977,-65.27825822,
Arroyo de Álvarez Centro,Córdoba,Argentina,68,-31.5894664,-63.15312868,
Colonia San Antonio,Santa Fe,Argentina,68,-32.49219065,-61.49103915,
Cuatro Esquinas,Santa Fe,Argentina,68,-33.26044344,-61.894348,
El Farolito,Santa Fe,Argentina,68,-29.28051106,-59.70535354,
Colonia San Justo,Entre Ríos,Argentina,68,-31.08629219,-58.23529131,
Carpinchorí,Entre Ríos,Argentina,68,-30.71810294,-58.63416715,
Colonia Máximo Castro,Entre Ríos,Argentina,68,-30.81013124,-59.44289586,
El Guanaco,La Pampa,Argentina,68,-36.3094728,-64.27971107,
Colonia Ortiz de Ocampo,La Rioja,Argentina,68,-30.96278508,-66.17669303,
Los Bordos,La Rioja,Argentina,68,-30.33860055,-66.37451795,
Alcázar,La Rioja,Argentina,68,-30.36442927,-66.54698076,
Los Vegas,Catamarca,Argentina,68,-27.98996289,-65.93941746,
El Quemado,Jujuy,Argentina,68,-24.10459112,-64.82402471,
El Cóndor,Jujuy,Argentina,68,-22.38831941,-65.33798985,
Calete,Jujuy,Argentina,68,-23.25462027,-65.3378817,
Chañarcito,Jujuy,Argentina,68,-23.7583011,-65.47145031,
Amaicha,Salta,Argentina,68,-25.54524734,-66.3882817,
Simbol Pozo,Santiago del Estero,Argentina,68,-28.70652643,-64.10494239,
Taqueyoj,Santiago del Estero,Argentina,68,-28.55466379,-63.41669636,
San Javier,Santiago del Estero,Argentina,68,-26.72739193,-63.99441381,
Tabianita,Santiago del Estero,Argentina,68,-27.52801024,-62.88567767,
El Sauce,Santiago del Estero,Argentina,68,-26.21045537,-64.19820318,
Chañar Pozo del Medio,Santiago del Estero,Argentina,68,-27.39001424,-64.68136096,
Puesto de Beltrán,Santiago del Estero,Argentina,68,-28.30060471,-64.22587303,
Loma Bola,Tucumán,Argentina,68,-26.82189731,-65.3709459,
Salto Chávez,Misiones,Argentina,68,-27.27140869,-54.92315794,
Aldea Guapoy,Misiones,Argentina,68,-25.86201039,-54.55541857,
Pampa Galván,Chaco,Argentina,68,-27.28489767,-61.16101633,
El Descanso,Chaco,Argentina,68,-25.64089854,-61.01646176,
La Indiana,Chaco,Argentina,68,-25.86688345,-60.65664511,
Pampa Oculta,Chaco,Argentina,68,-26.75695716,-60.92563865,
Paso del Oso,Chaco,Argentina,68,-26.69278377,-59.84586224,
Santa Marta,Chaco,Argentina,68,-26.84556411,-59.9994202,
Colonia San Isidro,Formosa,Argentina,68,-24.92407566,-58.9974486,
Colonia El Chajá,Formosa,Argentina,68,-26.14792189,-58.95324773,
Yuquerí,Corrientes,Argentina,68,-28.87783399,-58.0401057,
La 38,Corrientes,Argentina,68,-27.96442746,-56.00560163,
Media Luna,Neuquén,Argentina,68,-39.43348223,-70.4860272,
Barrio Calle Ciega Nº6,Río Negro,Argentina,68,-39.03997864,-67.75633002,
Las Palmitas,Buenos Aires,Argentina,67,-35.21802202,-58.57112813,
Las Chacras,Buenos Aires,Argentina,67,-35.81352627,-61.22063935,
Las Mostazas,Buenos Aires,Argentina,67,-38.27003871,-61.35304278,
Dos Hermanos,Buenos Aires,Argentina,67,-34.47292745,-62.09364787,
El Monasterio,Buenos Aires,Argentina,67,-35.15995846,-60.99532749,
La Carmen,Buenos Aires,Argentina,67,-35.17020313,-61.2303073,
Ringuelet,Buenos Aires,Argentina,67,-35.0470996,-59.31794072,
Mojón del Palo,Buenos Aires,Argentina,67,-38.44879582,-59.00590106,
Fondeadero Riacho Azul,Buenos Aires,Argentina,67,-39.84009279,-62.29457716,
Francisco Ayerza,Buenos Aires,Argentina,67,-33.83692688,-60.56198763,
Gornatti,Buenos Aires,Argentina,67,-33.73821114,-60.48419791,
Colonia Martín Fierro,Buenos Aires,Argentina,67,-36.78348665,-59.1421247,
La Argentina,Buenos Aires,Argentina,67,-35.69244589,-59.45644695,
Esquina de Crotto,Buenos Aires,Argentina,67,-36.29979128,-57.38076563,
El Barrialito,Córdoba,Argentina,67,-30.8516738,-65.17126579,
Nazca,Córdoba,Argentina,67,-34.84009279,-64.48649463,
Colonia Los Vascos,Córdoba,Argentina,67,-33.05864264,-61.94101757,
Las Ensenadas,Córdoba,Argentina,67,-33.34324159,-64.42156736,
Cañada de Machado Sur,Córdoba,Argentina,67,-31.52376123,-63.69007761,
Aurelia Norte,Santa Fe,Argentina,67,-31.37542519,-61.36098233,
Estación San Agustín,Santa Fe,Argentina,67,-31.68023577,-60.87827516,
San Isidoro,Santa Fe,Argentina,67,-28.64993236,-61.70598203,
El Retiro,Santa Fe,Argentina,67,-33.03393447,-60.85199123,
Kilómetro 392,Santa Fe,Argentina,67,-28.21968955,-59.98206881,
Paraje La Cigüeña,Santa Fe,Argentina,67,-29.91767887,-60.21504434,
El Salado,Entre Ríos,Argentina,67,-31.18601375,-59.52239881,
Kilómetro 969,Catamarca,Argentina,67,-29.4297276,-64.97060862,
Abralaite,Jujuy,Argentina,67,-23.16914697,-65.7938776,
Chaupi Rodeo,Jujuy,Argentina,67,-22.93103578,-65.31094419,
Hornaditas,Jujuy,Argentina,67,-22.49512734,-65.38402785,
El Mirador,Salta,Argentina,67,-24.3415383,-62.42663865,
Puente de Plata,Salta,Argentina,67,-25.95144004,-64.72067786,
El Potrero,Salta,Argentina,67,-24.2778438,-65.77333048,
Urutaú,Santiago del Estero,Argentina,67,-25.71427729,-63.04224847,
Las Palmeras,Santiago del Estero,Argentina,67,-27.67907389,-64.52341563,
Balbuena,Santiago del Estero,Argentina,67,-29.52339285,-63.73193339,
El Porvenir,Santiago del Estero,Argentina,67,-26.25550511,-64.15950159,
Pampa del Cielo,Chaco,Argentina,67,-27.15680173,-61.14080464,
El Simbolar,Chaco,Argentina,67,-25.4570332,-60.5134255,
Lote 71,Chaco,Argentina,67,-25.64246874,-60.90513369,
Pampa San Martín,Chaco,Argentina,67,-25.96507207,-60.697573,
Yapeyú,Chaco,Argentina,67,-25.70730503,-60.86625045,
Lote 18,Chaco,Argentina,67,-27.13890118,-60.40319843,
Loma Clavel,Formosa,Argentina,67,-25.78642388,-58.82489354,
Colonia El Naranjito,Formosa,Argentina,67,-26.22042465,-58.68102891,
Campo Alegre,Formosa,Argentina,67,-25.13257696,-60.33219899,
Colonia Pairirí,Corrientes,Argentina,67,-30.1502019,-58.43553765,
Irupé,Corrientes,Argentina,67,-29.82358534,-57.74913114,
Fortuna,Corrientes,Argentina,67,-30.28914781,-57.66853259,
Timboy,Corrientes,Argentina,67,-30.35679883,-57.70639995,
El Porvenir,San Luis,Argentina,67,-32.60952957,-65.02291578,
Las Lomas,San Luis,Argentina,67,-32.57736462,-65.87550625,
Sierra Pailemán,Río Negro,Argentina,67,-41.19056791,-65.97610034,
Teniente General Eustoquio Frías,Río Negro,Argentina,67,-40.27677641,-64.16107391,
Barrio Tronelli,Río Negro,Argentina,67,-38.71005849,-68.16366492,
Costa Bonita,Buenos Aires,Argentina,66,-38.55997363,-58.62848178,
Mira Pampa,Buenos Aires,Argentina,66,-35.8701943,-63.37367163,
Lazzarino,Buenos Aires,Argentina,66,-36.92010045,-59.71995596,
Paraje La Brava,Buenos Aires,Argentina,66,-37.72031815,-57.93022946,
Calvo,Buenos Aires,Argentina,66,-38.76435285,-61.41733234,
La Florida,Buenos Aires,Argentina,66,-37.11557914,-57.1565942,
La Suerte,Buenos Aires,Argentina,66,-37.23464429,-60.71408697,
Barrientos,Buenos Aires,Argentina,66,-35.36429068,-59.07146279,
Los Vasquitos,Buenos Aires,Argentina,66,-35.09575249,-59.56731934,
El Fortín,Buenos Aires,Argentina,66,-39.46873374,-62.65506876,
San Pedro de Toyos,Córdoba,Argentina,66,-30.45421223,-64.44489498,
San Severo,Córdoba,Argentina,66,-33.53865363,-63.04747461,
La Sierrita,Córdoba,Argentina,66,-32.13348918,-64.43728186,
Alto Castilla,Córdoba,Argentina,66,-31.12161822,-64.19182625,
El Bañado,Córdoba,Argentina,66,-30.28777339,-64.44820461,
Huascha,Córdoba,Argentina,66,-30.60420844,-64.74335477,
La Emilia,Córdoba,Argentina,66,-33.9494319,-63.1826127,
El Faro,Córdoba,Argentina,66,-31.6545725,-65.09851148,
Monte Redondo,Córdoba,Argentina,66,-31.48968637,-62.16516556,
Campo Los Terceranos,Córdoba,Argentina,66,-31.85305342,-62.53112718,
Las Astillas,Córdoba,Argentina,66,-30.90705492,-63.88033417,
Colonia Candelaria,Santa Fe,Argentina,66,-32.96234297,-61.18850696,
Campo La Delia,Santa Fe,Argentina,66,-34.22937269,-61.62452518,
La Blanca,Santa Fe,Argentina,66,-30.19325423,-60.49092193,
Campo Riberi,Santa Fe,Argentina,66,-32.23742359,-61.58481418,
Las Aves,Santa Fe,Argentina,66,-29.81046425,-60.43504863,
La Hierra,Entre Ríos,Argentina,66,-30.45605705,-58.40603258,
Barrio de la Costa,Entre Ríos,Argentina,66,-33.06086309,-59.18401717,
Arroyo Sagastume Grande,Entre Ríos,Argentina,66,-33.65953401,-58.72272191,
Valle Hermoso,La Rioja,Argentina,66,-31.61906376,-66.60314296,
Arrayanal,Jujuy,Argentina,66,-23.86251148,-65.0919179,
El Carril,Jujuy,Argentina,66,-24.35461292,-65.34781433,
Cabra Corral,Salta,Argentina,66,-25.27064332,-65.33275813,
El Rosado,Salta,Argentina,66,-22.12242764,-62.97143017,
Gobernador Manuel Solá,Salta,Argentina,66,-24.59190876,-65.84387006,
Toro Pozo,Santiago del Estero,Argentina,66,-27.20853543,-63.82997928,
Ledesma,Santiago del Estero,Argentina,66,-27.63372132,-63.0092669,
El Quebrachal,Santiago del Estero,Argentina,66,-29.42183897,-64.11972936,
Tacko Yuraj,Santiago del Estero,Argentina,66,-26.57134527,-64.17040494,
Los Porongos,Santiago del Estero,Argentina,66,-30.04097046,-62.50109458,
Totora,Santiago del Estero,Argentina,66,-28.59633815,-63.5214008,
Alto de Medinas,Tucumán,Argentina,66,-26.40975093,-65.08616069,
Colonia 9 Sur,Tucumán,Argentina,66,-26.89571171,-65.03262349,
Zárate Sur,Tucumán,Argentina,66,-26.22565726,-65.39488675,
El Palmar,Chaco,Argentina,66,-27.14011367,-61.54933714,
Colonia Puerta del León Sur,Chaco,Argentina,66,-27.61650512,-61.07014565,
Fortín Brown,Chaco,Argentina,66,-25.87215791,-59.97025889,
Loma Alta,Chaco,Argentina,66,-26.38963386,-59.67793739,
Kilómetro 25,Chaco,Argentina,66,-27.32783509,-59.65225222,
El Totoral,Formosa,Argentina,66,-23.56951581,-62.08765018,
Las Cañitas,Formosa,Argentina,66,-26.17555862,-59.222859,
Cañada Rica II,Formosa,Argentina,66,-23.27364076,-62.26068756,
La Pampa,Formosa,Argentina,66,-22.98828617,-62.14324249,
Palmitas,Corrientes,Argentina,66,-29.32666387,-58.80221506,
Las Cuchillas,Corrientes,Argentina,66,-30.30514094,-59.21874566,
Angostura,Corrientes,Argentina,66,-27.60507623,-57.47449365,
Las Liebres,San Juan,Argentina,66,-31.88858829,-66.89348179,
El Marcado,Mendoza,Argentina,66,-33.08923758,-68.18887964,
Las Isletas,San Luis,Argentina,66,-33.80371282,-65.54494812,
San Cabao,Neuquén,Argentina,66,-39.91770791,-71.10589054,
Norumbega,Buenos Aires,Argentina,65,-35.53511906,-60.79439119,
Villa Laza,Buenos Aires,Argentina,65,-36.77257771,-59.91171881,
La Sofía,Buenos Aires,Argentina,65,-36.67280026,-59.49124409,
Necol,Buenos Aires,Argentina,65,-35.20576764,-62.27011804,
Justet,Buenos Aires,Argentina,65,-35.24441892,-62.7304148,
San José,Buenos Aires,Argentina,65,-38.25870852,-58.12493639,
El Siglo,Buenos Aires,Argentina,65,-37.9929782,-57.92251183,
Kilómetro 90,Buenos Aires,Argentina,65,-34.95538487,-59.2162774,
La Razón,Buenos Aires,Argentina,65,-35.80331635,-59.72025097,
Renacó,Buenos Aires,Argentina,65,-35.62137719,-59.53346999,
Beladrich,Buenos Aires,Argentina,65,-33.96838955,-59.8427148,
La Tribu Chica,Buenos Aires,Argentina,65,-35.63099928,-60.38240913,
Villa Champaquí,Córdoba,Argentina,65,-32.00377438,-64.70483406,
Los Hormigueros,Córdoba,Argentina,65,-30.52247683,-64.9901046,
Piedrita Blanca,Córdoba,Argentina,65,-30.80667791,-65.43045208,
El Quemado,Córdoba,Argentina,65,-31.43987116,-65.50445977,
Campo 25 de Mayo,Córdoba,Argentina,65,-31.88040335,-62.82372634,
Colonia Las Palmeras,Córdoba,Argentina,65,-31.82666252,-62.39256568,
La Juanita,Entre Ríos,Argentina,65,-31.87504841,-60.64895608,
Colonia Izquierdo,Entre Ríos,Argentina,65,-31.837808,-58.50814661,
Colonia La Lata,Entre Ríos,Argentina,65,-31.10948604,-58.83023276,
Puerto Campichuelo,Entre Ríos,Argentina,65,-32.69384019,-58.18479645,
La Ramadita,La Rioja,Argentina,65,-29.59149781,-66.6941663,
Cuesta de Vicuña Pampa,Catamarca,Argentina,65,-26.97736585,-66.91093069,
Tres Cruces,Salta,Argentina,65,-24.15924611,-65.85788879,
Lomas de Zamora,Santiago del Estero,Argentina,65,-27.72435697,-64.53102896,
Lote 53,Santiago del Estero,Argentina,65,-28.30001219,-62.08477206,
Cañada de Robles,Santiago del Estero,Argentina,65,-27.38290519,-64.62419569,
Kilómetro 11,Misiones,Argentina,65,-27.30880889,-54.36239615,
Colonia Jacarandá II,Chaco,Argentina,65,-27.6578302,-61.33681624,
Puerto El Zapallar,Chaco,Argentina,65,-26.31297014,-59.38030713,
Cuatro Árboles,Chaco,Argentina,65,-26.90294076,-59.89974743,
La Mocha,Formosa,Argentina,65,-23.49668318,-61.62818386,
Laguna Acebal,Formosa,Argentina,65,-25.31745616,-59.63220416,
El Pombero,Formosa,Argentina,65,-25.37192375,-58.66532805,
Colonia La Unión,Formosa,Argentina,65,-25.46454735,-58.79878218,
Loma El Quebranto,Formosa,Argentina,65,-25.65155746,-58.76304898,
La Concepción,Corrientes,Argentina,65,-29.84281234,-59.40093444,
La Rinconada,Corrientes,Argentina,65,-30.23170449,-59.40389482,
Guayú,Corrientes,Argentina,65,-27.29954028,-58.1828548,
Paso Aguirre,Corrientes,Argentina,65,-28.14515638,-58.25084915,
Yuru Cuá,Corrientes,Argentina,65,-28.71880959,-56.84139618,
Puchuzún,San Juan,Argentina,65,-31.13997028,-69.46939582,
Villa del Sol,Neuquén,Argentina,65,-38.57112608,-68.50166319,
Los Chacayes,Neuquén,Argentina,65,-37.20525939,-70.7765947,
Ojos de Agua,Río Negro,Argentina,65,-41.5563512,-69.86936833,
Pilquiniyeu del Limay,Río Negro,Argentina,65,-40.51623118,-70.02584998,
Roberto Cano,Buenos Aires,Argentina,64,-34.08771886,-60.66767978,
La Porota,Buenos Aires,Argentina,64,-37.2544163,-62.69124922,
Campomar,Buenos Aires,Argentina,64,-36.95675332,-59.49960732,
La Tinta,Buenos Aires,Argentina,64,-37.60604961,-59.51380633,
Fra Pal,Buenos Aires,Argentina,64,-38.33560096,-61.60891833,
La Legua,Buenos Aires,Argentina,64,-38.170027,-60.98197728,
San Carlos,Buenos Aires,Argentina,64,-37.93901395,-61.68405697,
El Bote,Buenos Aires,Argentina,64,-35.68875163,-57.48514955,
San José,Buenos Aires,Argentina,64,-35.20259433,-63.04972626,
La Fe,Buenos Aires,Argentina,64,-34.20192589,-59.40841174,
San Bernardo,Buenos Aires,Argentina,64,-36.30875829,-60.4475839,
Mari Lauquen,Buenos Aires,Argentina,64,-36.12920662,-62.97804875,
Colonia Anita,Córdoba,Argentina,64,-31.11992819,-62.234323,
Cerro Blanco,Córdoba,Argentina,64,-31.35290445,-64.66010657,
Colonia Médici,Santa Fe,Argentina,64,-32.59708668,-61.37703626,
Campo Gimbatti,Santa Fe,Argentina,64,-32.8947818,-61.71388675,
Campo Santa Isabel,Santa Fe,Argentina,64,-32.5025159,-61.6924465,
Campo Fiant,Santa Fe,Argentina,64,-28.26430846,-59.26517945,
San Ricardo,Santa Fe,Argentina,64,-33.0287445,-61.60184854,
Jacinta,Entre Ríos,Argentina,64,-32.866294,-59.32906975,
Colonia Taboada,Entre Ríos,Argentina,64,-31.31548307,-59.66084432,
Campo Centella,Entre Ríos,Argentina,64,-32.75777,-58.45451237,
Ojeda,La Pampa,Argentina,64,-35.30694142,-64.00607989,
Atreucó,La Pampa,Argentina,64,-37.12912201,-63.81448491,
La Puma,La Pampa,Argentina,64,-35.88934539,-63.82889589,
El Monte,La Rioja,Argentina,64,-30.47629869,-66.60845875,
Potrero de los Córdoba,Catamarca,Argentina,64,-28.89268524,-65.47160547,
Río Potrero,Catamarca,Argentina,64,-27.40105225,-65.98033044,
San Agustín,Salta,Argentina,64,-23.16002744,-64.19602596,
Desemboque,Salta,Argentina,64,-22.80583567,-62.94027114,
La Paloma,Santiago del Estero,Argentina,64,-26.40930446,-63.3052957,
Mistolito,Santiago del Estero,Argentina,64,-27.26983583,-64.10638517,
Granadero Gatica,Santiago del Estero,Argentina,64,-26.87240879,-62.7166898,
Río Viejo,Santiago del Estero,Argentina,64,-29.29811228,-63.2713331,
Las Higueras,Tucumán,Argentina,64,-26.41149208,-64.78916149,
El Churqui,Tucumán,Argentina,64,-26.50083735,-64.80251543,
El Tuscal,Tucumán,Argentina,64,-27.44894198,-65.64926885,
Las Arquitas,Tucumán,Argentina,64,-26.58541721,-65.50064493,
Bajo Verde,Chaco,Argentina,64,-24.31660702,-61.87574815,
La Gloria,Chaco,Argentina,64,-26.05158052,-60.20782352,
Montevideo,Chaco,Argentina,64,-24.56571353,-62.15112028,
Pampa Nueva,Chaco,Argentina,64,-25.95273555,-60.85891536,
El Mistolar,Formosa,Argentina,64,-24.24171872,-61.94163635,
El Simbolar Norte,Formosa,Argentina,64,-24.37536983,-60.68347816,
Pirayú,Corrientes,Argentina,64,-28.88293577,-56.4016797,
La Gloriosa,Mendoza,Argentina,64,-33.60927095,-67.42568429,
El Retiro,Mendoza,Argentina,64,-32.56471189,-67.8063141,
Piedras Blancas,Mendoza,Argentina,64,-33.97271945,-69.1010897,
El Chañar,San Luis,Argentina,64,-33.04276297,-66.36575231,
Las Rosas,San Luis,Argentina,64,-32.60161571,-65.05608853,
Labra,Neuquén,Argentina,64,-38.03907363,-69.57638384,
Mallín Quemado,Neuquén,Argentina,64,-38.56962881,-70.13062061,
Barrio La Barda,Río Negro,Argentina,64,-39.05080134,-67.2174614,
Pedro Próspero Lasalle,Buenos Aires,Argentina,63,-37.98581499,-60.58041805,
Las Piedras,Buenos Aires,Argentina,63,-37.26327656,-58.12434006,
San José,Buenos Aires,Argentina,63,-37.01434908,-58.45484929,
San Laureano,Buenos Aires,Argentina,63,-36.86175819,-58.71260454,
Corti,Buenos Aires,Argentina,63,-38.62187874,-62.0596403,
Paraje El Gliptodonte,Buenos Aires,Argentina,63,-37.589387,-57.99330068,
Sáenz Valiente,Buenos Aires,Argentina,63,-33.92492646,-59.46750582,
La Reducción,Buenos Aires,Argentina,63,-35.88618587,-57.56659054,
Cuartel VIII,Buenos Aires,Argentina,63,-34.93038377,-59.96693567,
Nueva Suiza,Buenos Aires,Argentina,63,-35.07125571,-62.25219679,
Cuartel VII,Buenos Aires,Argentina,63,-36.30462268,-59.31805953,
Colonia La Pinta,Córdoba,Argentina,63,-33.51235403,-64.02835691,
Altautina,Córdoba,Argentina,63,-31.78981397,-65.16719644,
Los Espinillos,Córdoba,Argentina,63,-31.69745782,-65.10313756,
Pachango,Córdoba,Argentina,63,-31.59036586,-65.17845581,
Campo Costa,Córdoba,Argentina,63,-33.4792688,-62.9569677,
Oratorio Morante,Santa Fe,Argentina,63,-33.43009124,-60.41215414,
Rabiola,Santa Fe,Argentina,63,-33.62571999,-61.81232769,
El Ensayo,Santa Fe,Argentina,63,-32.55830283,-61.33712176,
La Penca,Santa Fe,Argentina,63,-31.71081302,-61.43650246,
Cuchilla,Entre Ríos,Argentina,63,-33.04818827,-59.29249549,
El Cardón,La Rioja,Argentina,63,-29.50527778,-67.75581492,
Culampajá,Catamarca,Argentina,63,-26.99958151,-66.96578172,
Orosmayo,Jujuy,Argentina,63,-22.55688759,-66.35678717,
San Juan de Oros,Jujuy,Argentina,63,-22.2256867,-66.24874539,
Juan Galán,Jujuy,Argentina,63,-24.21201881,-65.41118747,
Tilquiza,Jujuy,Argentina,63,-24.07680459,-65.27993897,
Curva del Turco,Salta,Argentina,63,-24.50911781,-63.11669856,
Brea Puñuna,Santiago del Estero,Argentina,63,-27.52959992,-64.67535735,
Las Lajitas,Tucumán,Argentina,63,-26.41796235,-64.94386364,
Anjuana,Tucumán,Argentina,63,-26.41183881,-65.99867618,
Chulca,Tucumán,Argentina,63,-26.19676708,-65.47211633,
Loma Alta,Chaco,Argentina,63,-27.76750137,-59.25896734,
Teniente General Rosendo María Fraga,Formosa,Argentina,63,-23.7520647,-62.15285565,
Rincón Tranquera General,Corrientes,Argentina,63,-28.95138596,-57.96992465,
Riachuelito,Corrientes,Argentina,63,-27.53817673,-58.30534564,
Colonia San Antonio,San Juan,Argentina,63,-32.02086019,-68.39114757,
El Puesto,San Luis,Argentina,63,-32.34668574,-65.46776535,
Bahía Canicul,Neuquén,Argentina,63,-39.7593443,-71.42997446,
Ranquil Vega,Neuquén,Argentina,63,-37.07077594,-69.77973908,
Yala Laubat,Chubut,Argentina,63,-42.75914512,-68.86755233,
Colhué Huapi,Chubut,Argentina,63,-45.71257271,-68.9280543,
Langueyú,Buenos Aires,Argentina,62,-36.66995637,-58.52854617,
Cuartel II,Buenos Aires,Argentina,62,-35.14835559,-60.51357935,
Paraje Santa Teresita,Buenos Aires,Argentina,62,-36.66270392,-57.42939952,
Kilómetro 83,Buenos Aires,Argentina,62,-34.92558879,-59.14211157,
Campomar,Buenos Aires,Argentina,62,-38.5893737,-58.85570903,
Boca del Tigre,Buenos Aires,Argentina,62,-36.38685383,-59.00279991,
Paraje La Salteña,Buenos Aires,Argentina,62,-38.51805591,-59.65032237,
Blas de Rosales,Córdoba,Argentina,62,-31.25942652,-63.87633597,
Colonia Los Ceibos,Córdoba,Argentina,62,-34.56463372,-63.50100696,
La Patria,Córdoba,Argentina,62,-31.51824551,-65.50451072,
Oratorio de Peralta,Córdoba,Argentina,62,-31.49542148,-63.39729987,
Rodeo de Piedra,Córdoba,Argentina,62,-31.98547104,-65.0022935,
Campo López,Córdoba,Argentina,62,-31.68345783,-62.69066156,
Los Potreros,Córdoba,Argentina,62,-32.15378419,-64.03811717,
Colonia La Lola,Córdoba,Argentina,62,-33.73159728,-62.78539866,
Los Cerrillos,Santa Fe,Argentina,62,-31.2993386,-60.26295975,
Pueblo Viejo,Santa Fe,Argentina,62,-34.1739547,-62.05118852,
Cuatro Bocas,Santa Fe,Argentina,62,-28.84234621,-59.86009226,
Campo Morzán,Santa Fe,Argentina,62,-28.66422375,-59.4608307,
Los Tres Reyes,Santa Fe,Argentina,62,-31.63755403,-60.97139493,
Las Higueritas,Santa Fe,Argentina,62,-31.81734565,-61.16618898,
Campo Grillo,Santa Fe,Argentina,62,-29.79451402,-61.96304738,
Campo Risso,Santa Fe,Argentina,62,-32.97813563,-61.11300099,
La Querencia,Entre Ríos,Argentina,62,-31.07319075,-58.43822029,
Colonia Oficial 16,Entre Ríos,Argentina,62,-30.670803,-58.01593798,
Las Moscas,Entre Ríos,Argentina,62,-32.20359252,-59.03109143,
Rincón del Gená,Entre Ríos,Argentina,62,-32.52914796,-58.55811259,
Trili,La Pampa,Argentina,62,-35.91139351,-63.64078623,
La Chimenea,La Rioja,Argentina,62,-30.68418795,-66.39955518,
Los Aguirre,La Rioja,Argentina,62,-30.8049599,-66.09086725,
El Sauce,Catamarca,Argentina,62,-28.76515246,-65.47641974,
El Tala,Catamarca,Argentina,62,-28.32657982,-65.89694628,
Los Troncos,Catamarca,Argentina,62,-27.96398766,-65.47835663,
San José,Jujuy,Argentina,62,-22.13460286,-65.4681564,
Colonia Zanja del Tigre,Salta,Argentina,62,-23.1916561,-64.21219704,
Timboirenda,Salta,Argentina,62,-22.25150997,-63.59474128,
El Mistol,Salta,Argentina,62,-23.61297793,-63.47085811,
Martínez del Tineo,Salta,Argentina,62,-23.90949978,-64.06170988,
Horcones,Salta,Argentina,62,-25.72072478,-64.90432146,
La Almona,Salta,Argentina,62,-25.96508387,-64.51265536,
Santa Rosa de Tastil,Salta,Argentina,62,-24.45077938,-65.95182911,
San Juan de Minas,Salta,Argentina,62,-22.10895851,-65.12364525,
Ahí Veremos,Santiago del Estero,Argentina,62,-25.72930273,-63.46662548,
San Pablo,Santiago del Estero,Argentina,62,-28.81419552,-62.07218968,
El Árbol,Santiago del Estero,Argentina,62,-29.22874477,-63.71653788,
Pampa Pozo,Santiago del Estero,Argentina,62,-26.49530441,-64.5165828,
Las Zanjas,Tucumán,Argentina,62,-26.40101659,-64.63486768,
Colonia 10,Tucumán,Argentina,62,-26.81932231,-65.01096044,
El Achico,Tucumán,Argentina,62,-27.83916369,-65.30085029,
Las Lomitas,Tucumán,Argentina,62,-27.57287444,-65.1913791,
Casa de Tejas,Tucumán,Argentina,62,-26.10220223,-65.30061336,
La Sierrita,Misiones,Argentina,62,-27.72187477,-55.72103897,
La Bolsa,Chaco,Argentina,62,-27.38211352,-61.62668423,
Colonia El 44,Chaco,Argentina,62,-25.97551296,-60.53896707,
Colonia Winter,Chaco,Argentina,62,-26.36838803,-59.26563729,
Tres Boliches,Chaco,Argentina,62,-27.48967067,-60.84352889,
El Arenal,Chaco,Argentina,62,-26.79388664,-61.44486877,
Itacumbú,Corrientes,Argentina,62,-30.32400871,-57.69565821,
Estingana,Corrientes,Argentina,62,-29.32880917,-56.72132442,
Los Reyunos,Mendoza,Argentina,62,-34.57558059,-68.70610245,
Sierra de Huantraico,Neuquén,Argentina,62,-37.46412807,-69.65868125,
Posada de los Lagos,Buenos Aires,Argentina,61,-35.14934201,-58.04734544,
Marucha,Buenos Aires,Argentina,61,-35.62994025,-62.22937981,
Manantiales,Buenos Aires,Argentina,61,-35.76433436,-58.06805106,
Los Aromos,Buenos Aires,Argentina,61,-36.05443466,-60.02518972,
Tres Cardos,Buenos Aires,Argentina,61,-37.77656605,-60.73415269,
Los Callejones,Buenos Aires,Argentina,61,-34.75586076,-62.18378247,
Berseé,Buenos Aires,Argentina,61,-36.40579121,-61.81087595,
La Floresta,Buenos Aires,Argentina,61,-38.17151966,-58.43363093,
Tome y Traiga,Buenos Aires,Argentina,61,-38.11678246,-58.85262896,
La Tehuelche,Buenos Aires,Argentina,61,-37.55974305,-57.84800311,
La Rápida,Buenos Aires,Argentina,61,-35.13527981,-59.50215764,
Girondo,Buenos Aires,Argentina,61,-35.99757836,-61.62340032,
La Blanqueada,Buenos Aires,Argentina,61,-35.89431738,-61.92765136,
El Solcito,Buenos Aires,Argentina,61,-37.29747008,-58.96451982,
Islas,Buenos Aires,Argentina,61,-35.56780922,-60.35737101,
Pueblitos,Buenos Aires,Argentina,61,-35.63748032,-60.10995435,
San Gregorio,Córdoba,Argentina,61,-31.00162333,-64.71077303,
Santo Domingo,Córdoba,Argentina,61,-30.44741225,-65.08251996,
Ongamira,Córdoba,Argentina,61,-30.77459231,-64.4049158,
Las Tres Colonias Unidas,Córdoba,Argentina,61,-34.08503373,-63.30236471,
Colonia El Carmen,Córdoba,Argentina,61,-33.0971008,-64.43086773,
Santa Rita,Córdoba,Argentina,61,-30.97654009,-63.07061941,
Cañada La Negra,Córdoba,Argentina,61,-32.31245853,-65.10156894,
Pampa del Mercado,Córdoba,Argentina,61,-31.37957788,-63.15601584,
Colonia Maunier Sur,Córdoba,Argentina,61,-30.69055791,-62.11969166,
Pampa Alta,Córdoba,Argentina,61,-31.78033501,-64.6368806,
Macha,Córdoba,Argentina,61,-30.56567381,-64.13877449,
Ojo de Agua,Córdoba,Argentina,61,-30.46428581,-64.1371439,
Colonia Desmochado Afuera,Santa Fe,Argentina,61,-33.0192912,-61.27266731,
Campo Ristorto,Santa Fe,Argentina,61,-30.91681872,-61.484855,
Rincón del Pintado,Santa Fe,Argentina,61,-31.39913781,-60.84126692,
Kilómetro 213,Santa Fe,Argentina,61,-29.80125836,-60.27209943,
Colonia San Huberto,Entre Ríos,Argentina,61,-31.89128929,-58.56619664,
San Justo,Entre Ríos,Argentina,61,-31.13824781,-58.12070468,
Fraternidad,Entre Ríos,Argentina,61,-30.66170202,-58.13201165,
Colonia San Lorenzo,Entre Ríos,Argentina,61,-31.15527007,-58.91777367,
Loma Limpia,Entre Ríos,Argentina,61,-30.81766924,-59.04044432,
Colonia Oficial 18,Entre Ríos,Argentina,61,-30.30786685,-58.81876566,
Altamirano Norte,Entre Ríos,Argentina,61,-32.03367365,-59.19961272,
Talamuyuna,La Rioja,Argentina,61,-29.7238871,-66.8540278,
Balde de Pacheco,La Rioja,Argentina,61,-30.66213117,-66.06443279,
Chañar Viejo,La Rioja,Argentina,61,-30.54556043,-65.98587837,
Las Juntas,Catamarca,Argentina,61,-29.07605863,-65.52363861,
Los Mogotes,Catamarca,Argentina,61,-29.30758217,-65.55420212,
Agua Amarilla,Catamarca,Argentina,61,-26.79404068,-66.49163286,
El Palmar,Jujuy,Argentina,61,-24.06960052,-64.58394362,
Chiyayoc,Salta,Argentina,61,-22.72096104,-65.19971318,
Valle Delgado,Salta,Argentina,61,-22.70070598,-65.18399075,
Abra de San Antonio,Salta,Argentina,61,-22.17504609,-64.93472413,
Ahí Veremos,Santiago del Estero,Argentina,61,-26.57037831,-62.12905007,
San Antonio de los Cáceres,Santiago del Estero,Argentina,61,-28.09918914,-64.45106646,
El Fisco,Santiago del Estero,Argentina,61,-27.6601114,-62.48463065,
Gaucho de Güemes,Santiago del Estero,Argentina,61,-29.47783585,-63.4978698,
El Mistol,Santiago del Estero,Argentina,61,-28.94615576,-63.71500779,
Ashpa Sinchi,Santiago del Estero,Argentina,61,-28.15761184,-63.94830952,
Ampa,Santiago del Estero,Argentina,61,-28.08202859,-63.3351779,
Huachana,Santiago del Estero,Argentina,61,-28.221551,-64.11622905,
Kilómetro 37,Tucumán,Argentina,61,-26.26476355,-64.8042049,
Tres Pozos,Tucumán,Argentina,61,-27.67955856,-65.06132284,
Taficillo,Tucumán,Argentina,61,-26.69290867,-65.26852947,
Colonia Tañigo,Chaco,Argentina,61,-27.54616944,-61.37331866,
Santa Carmen,Chaco,Argentina,61,-25.87240728,-60.11735048,
Pampa Aguará,Chaco,Argentina,61,-26.56500138,-60.33453174,
Lote 7,Chaco,Argentina,61,-26.72644493,-59.65537277,
Bolsa de Palomo,Formosa,Argentina,61,-24.19121515,-62.1008808,
Alto Alegre,Formosa,Argentina,61,-25.56363516,-59.84612618,
Comunidad 7 de Junio,Formosa,Argentina,61,-23.24513052,-62.22021205,
La Marta,Corrientes,Argentina,61,-29.59877394,-59.28143011,
Río Grande,Mendoza,Argentina,61,-35.96463387,-69.73897153,
Cajón del Curi Leuvú,Neuquén,Argentina,61,-36.96425509,-70.39062767,
Mallín Grande,Chubut,Argentina,61,-43.49647674,-71.23199158,
Paso Huemules,Chubut,Argentina,61,-45.91545918,-71.64310798,
Chacay Este,Chubut,Argentina,61,-42.85366398,-67.95356385,
Chimen Aike,Santa Cruz,Argentina,61,-51.70735503,-69.28590958,
Bella Vista,Santa Cruz,Argentina,61,-49.06441729,-68.31542784,
Paraje Juan Vicente,Buenos Aires,Argentina,60,-37.7622509,-58.14647693,
La Tortuga,Buenos Aires,Argentina,60,-33.86347939,-59.49697228,
El Mataco,Buenos Aires,Argentina,60,-34.80050182,-60.66109778,
Guerrero,Buenos Aires,Argentina,60,-35.9709359,-57.84941032,
San Carlos,Buenos Aires,Argentina,60,-35.04616001,-62.19198578,
Colonia General Pinto,Buenos Aires,Argentina,60,-34.79944359,-61.86630944,
Dos Naciones,Buenos Aires,Argentina,60,-37.76959092,-58.64388952,
La Guitarra,Buenos Aires,Argentina,60,-37.8502508,-59.00582993,
Loma Verde,Buenos Aires,Argentina,60,-37.31181838,-57.91918348,
Santa María,Buenos Aires,Argentina,60,-35.51722172,-58.69223285,
La Porteña,Buenos Aires,Argentina,60,-36.36485334,-62.71922668,
Primera Junta,Buenos Aires,Argentina,60,-35.91680402,-62.63649915,
La Llosa,Buenos Aires,Argentina,60,-35.18704475,-59.97279515,
Los Alfalfares,Buenos Aires,Argentina,60,-38.80590655,-62.75136395,
Barrio Cerrado La Mata,Buenos Aires,Argentina,60,-37.37568732,-59.05413251,
Colonia Santo Tomás,Córdoba,Argentina,60,-32.70636689,-63.7964637,
Colonia La Providencia,Córdoba,Argentina,60,-32.88870777,-64.16013148,
San Ernesto,Córdoba,Argentina,60,-33.38366865,-64.24865295,
Capilla San Antonio,Córdoba,Argentina,60,-31.5102494,-62.82080405,
Ninte,Córdoba,Argentina,60,-30.93387845,-63.81654115,
San Lorenzo,Córdoba,Argentina,60,-30.87587097,-64.19756044,
La Tigra,Córdoba,Argentina,60,-32.03728602,-62.4686759,
Negro Huasi,Córdoba,Argentina,60,-30.91551983,-64.7344841,
San Francisco,Córdoba,Argentina,60,-31.24329239,-64.24872294,
La Fronterita,Santa Fe,Argentina,60,-31.17579221,-61.47414079,
Rastreador Fournier,Santa Fe,Argentina,60,-33.86570202,-61.67936424,
Las Chañas,Santa Fe,Argentina,60,-28.69465091,-61.27456161,
La Clara,Santa Fe,Argentina,60,-30.02053747,-60.64667028,
Colonia El Carmen,Entre Ríos,Argentina,60,-32.04888355,-58.39647316,
Rincón del Cinto,Entre Ríos,Argentina,60,-32.63154051,-58.57874457,
La Argentina,Entre Ríos,Argentina,60,-33.54599631,-59.31367426,
El Cantadero,La Rioja,Argentina,60,-29.18114421,-66.80462557,
Bajo de Lucas,La Rioja,Argentina,60,-30.38509344,-66.26104814,
Las Higueritas,Catamarca,Argentina,60,-28.31084005,-65.1680746,
Candado Grande,Salta,Argentina,60,-22.52441428,-64.44016741,
La Curvita,Salta,Argentina,60,-22.10735043,-62.82851626,
Las Mojarras,Salta,Argentina,60,-25.75212439,-64.81513039,
Kilómetro 613,Santiago del Estero,Argentina,60,-27.6492366,-63.8945215,
Sanavirones,Santiago del Estero,Argentina,60,-28.73820615,-62.22885906,
Beltrán,Santiago del Estero,Argentina,60,-28.58719477,-64.43149175,
El Rosado,Santiago del Estero,Argentina,60,-26.57774171,-64.06877343,
El Ceibal,Tucumán,Argentina,60,-27.39653572,-65.63624888,
El Vizcacheral,Tucumán,Argentina,60,-27.22061796,-65.19253113,
La Fortaleza,Misiones,Argentina,60,-27.43307016,-55.57969283,
Pampa Roldán,Chaco,Argentina,60,-27.1409176,-61.27200062,
Tres Lagunas,Chaco,Argentina,60,-25.89793725,-59.94224156,
La Pastoril,Chaco,Argentina,60,-26.75345719,-59.60659075,
Lote 20,Chaco,Argentina,60,-26.87640488,-59.4796741,
Campo Riaño,Chaco,Argentina,60,-26.61385047,-59.90392992,
Las Banderitas,Formosa,Argentina,60,-23.94396354,-60.83720592,
El Ceibo,Corrientes,Argentina,60,-29.83833978,-58.04400271,
Campo Bordón,Corrientes,Argentina,60,-30.20027036,-59.41811021,
Cuay Chico,Corrientes,Argentina,60,-28.79881402,-56.3497605,
Colonia Romero,Corrientes,Argentina,60,-27.6628037,-57.52488896,
Toro Ratay,Corrientes,Argentina,60,-28.84759031,-58.09726174,
San Horacio,Corrientes,Argentina,60,-27.98863018,-55.8000675,
El Balde,San Luis,Argentina,60,-33.12002712,-65.96768966,
Nueva Escocia,San Luis,Argentina,60,-33.78288654,-65.71682222,
El Mangrullo,San Luis,Argentina,60,-33.98683373,-65.13848613,
Laguna Larga,San Luis,Argentina,60,-32.61888447,-65.74433448,
Pulmari,Neuquén,Argentina,60,-39.09736479,-70.99536935,
Puerto La Unión,Neuquén,Argentina,60,-39.7337793,-71.52009863,
Charra Ruca,Neuquén,Argentina,60,-37.13487645,-70.61721168,
Barda Negra,Neuquén,Argentina,60,-39.12279003,-69.86774187,
Río Villegas,Río Negro,Argentina,60,-41.57785595,-71.50251317,
Barrio El Labrador,Río Negro,Argentina,60,-38.66688568,-68.24293855,
Pichincha,Buenos Aires,Argentina,59,-34.57919848,-62.35163066,
Paraje La Sal,Buenos Aires,Argentina,59,-37.26034845,-62.99213054,
Los Cardos,Buenos Aires,Argentina,59,-37.73346435,-58.03125806,
La California,Buenos Aires,Argentina,59,-36.08640532,-57.72079534,
Campo de Bardengo,Buenos Aires,Argentina,59,-34.94434618,-60.17692184,
Loma de Roldán,Buenos Aires,Argentina,59,-36.31966275,-57.74386626,
Parravicini,Buenos Aires,Argentina,59,-36.45796871,-57.75827571,
Bella Vista,Buenos Aires,Argentina,59,-36.17961182,-61.64543991,
José Ferrari,Buenos Aires,Argentina,59,-35.29142214,-57.8616815,
El Chajá,Buenos Aires,Argentina,59,-37.01638889,-57.48989942,
Nahuel Rucá,Buenos Aires,Argentina,59,-37.58201338,-57.54759491,
El Combate,Buenos Aires,Argentina,59,-36.54715097,-60.2925968,
La Cercanía,Buenos Aires,Argentina,59,-37.85513757,-57.53272841,
Churqui Cañada,Córdoba,Argentina,59,-30.17374081,-63.92689089,
Paso Gardien,Córdoba,Argentina,59,-32.89994598,-63.89442758,
Los Medanitos,Córdoba,Argentina,59,-31.57865625,-65.53885466,
Chacras Norte,Córdoba,Argentina,59,-31.40457664,-63.69069524,
Los Morteritos,Córdoba,Argentina,59,-31.581284,-65.0558949,
Piedra Pintada,Córdoba,Argentina,59,-31.92141138,-65.14656616,
San Isidro,Córdoba,Argentina,59,-32.14787945,-65.10544424,
Colonia Nueva Údine,Córdoba,Argentina,59,-31.0747925,-62.32801385,
Jerónimo Cortés,Córdoba,Argentina,59,-30.97704992,-62.50402077,
Bajo Grande,Córdoba,Argentina,59,-31.61820041,-64.2069364,
Río de Bustos,Córdoba,Argentina,59,-30.43712917,-64.07078961,
Colonia Santa Rita,Córdoba,Argentina,59,-33.03709797,-63.01962684,
Potro Muerto,Córdoba,Argentina,59,-32.12026944,-62.42794181,
Campo Morello,Santa Fe,Argentina,59,-31.61632679,-61.54675851,
Estación María Juana,Santa Fe,Argentina,59,-31.71484379,-61.73028193,
La Vertiente,Santa Fe,Argentina,59,-29.10588127,-59.71432167,
Santa Anita,Santa Fe,Argentina,59,-31.75185559,-62.13747133,
Campo El Danubio,Santa Fe,Argentina,59,-31.89824806,-61.51287952,
Moreira,Entre Ríos,Argentina,59,-31.12317304,-58.57840454,
Palavecino,Entre Ríos,Argentina,59,-32.94617936,-58.6400165,
Colonia Santa Teresita,Entre Ríos,Argentina,59,-32.32762448,-58.53207407,
Tres de Mayo,La Rioja,Argentina,59,-31.84048165,-66.13705817,
La Chacarita de los Padres,Catamarca,Argentina,59,-28.45190467,-65.84624898,
Pasajes,Jujuy,Argentina,59,-22.80241947,-65.82432182,
Río Catre,Jujuy,Argentina,59,-23.91081202,-65.20032643,
Villa Carolina,Jujuy,Argentina,59,-24.27125965,-64.73131733,
Molulo,Jujuy,Argentina,59,-23.56516099,-65.15932168,
San Lucas,Jujuy,Argentina,59,-23.61070028,-65.0422608,
Chocoite,Jujuy,Argentina,59,-22.36935298,-65.75880289,
San Fernando de Escoipe,Salta,Argentina,59,-25.18482722,-65.74078059,
San Martín,Salta,Argentina,59,-25.18510887,-65.81214798,
Talamuyo,Salta,Argentina,59,-25.14753803,-64.23824253,
Lipeo,Salta,Argentina,59,-22.43112802,-64.73844978,
San Antonio,Santiago del Estero,Argentina,59,-29.75772062,-63.38864116,
Yacanioj,Santiago del Estero,Argentina,59,-28.68703579,-62.96213261,
Alto Bello,Santiago del Estero,Argentina,59,-28.23780902,-64.83155299,
Tinajerayoj,Santiago del Estero,Argentina,59,-27.76016593,-62.7283992,
El Cardonal,Santiago del Estero,Argentina,59,-29.29986207,-63.79005735,
Taco Pozo,Santiago del Estero,Argentina,59,-26.22943471,-64.099607,
Requelme,Tucumán,Argentina,59,-26.29956493,-64.79099727,
La Iguana,Tucumán,Argentina,59,-27.82497932,-65.05458811,
Caspichango,Tucumán,Argentina,59,-27.0734172,-65.49570507,
La Cruz,Misiones,Argentina,59,-27.44826148,-55.57508725,
Pindo,Chaco,Argentina,59,-27.14145468,-58.8202497,
Pampa La Porteña,Chaco,Argentina,59,-26.89220294,-61.11980244,
El Paraisal,Chaco,Argentina,59,-26.02795174,-60.65016145,
Villa Jardín,Chaco,Argentina,59,-26.68201723,-59.14775771,
Colonia La Dificultad,Chaco,Argentina,59,-26.66252732,-59.72604329,
Colonia La Tambora,Chaco,Argentina,59,-26.65223876,-59.9962479,
Valencia,Corrientes,Argentina,59,-27.38560625,-57.7304057,
Manantiales,Corrientes,Argentina,59,-27.92405695,-58.02806379,
Itá Corá,Corrientes,Argentina,59,-28.90445018,-58.1690401,
Rincón de Meza,Corrientes,Argentina,59,-27.55983468,-58.38077083,
El Volcán,San Juan,Argentina,59,-30.3270767,-68.69743211,
La Betania,Mendoza,Argentina,59,-35.62306313,-67.40771909,
Costa Anzorena,Mendoza,Argentina,59,-33.47458019,-68.80832261,
Liborio Luna,San Luis,Argentina,59,-33.5858296,-65.63993403,
Abra Ancha,Neuquén,Argentina,59,-39.31979764,-70.93643289,
Costa del Chubut,Chubut,Argentina,59,-42.60393502,-70.45703029,
Delfín Huergo,Buenos Aires,Argentina,58,-37.32110752,-63.23438473,
Villa Lago Epecuén,Buenos Aires,Argentina,58,-37.13315158,-62.80942921,
El Porvenir,Buenos Aires,Argentina,58,-37.1890715,-58.14163075,
Cuartel II,Buenos Aires,Argentina,58,-35.12952279,-58.29561581,
Monasterio,Buenos Aires,Argentina,58,-35.77336245,-57.93076139,
9 de Julio,Buenos Aires,Argentina,58,-35.49184102,-57.89619502,
Cuartel III,Buenos Aires,Argentina,58,-34.86871141,-60.17033407,
Santa Isabel,Buenos Aires,Argentina,58,-36.134044,-60.617897,
Invernadas,Buenos Aires,Argentina,58,-36.95059024,-57.23140933,
La Blanqueada,Buenos Aires,Argentina,58,-35.1559821,-59.40002976,
Mulcahy,Buenos Aires,Argentina,58,-35.49360406,-60.71203168,
Campo Belgrano,Buenos Aires,Argentina,58,-36.72920954,-60.27794238,
La Carmelita,Buenos Aires,Argentina,58,-36.48186387,-60.81455272,
La Concepción,Buenos Aires,Argentina,58,-34.2036193,-60.9523535,
El Sexto,Buenos Aires,Argentina,58,-35.43510669,-59.21483056,
Abra Agua Blanca,Buenos Aires,Argentina,58,-37.80186021,-62.14996907,
Heavy,Buenos Aires,Argentina,58,-34.43096523,-59.65654465,
Las Víboras,Buenos Aires,Argentina,58,-36.19611,-57.4067409,
Falda del Cañete,Córdoba,Argentina,58,-31.52541095,-64.45092314,
Pinar de los Ríos,Córdoba,Argentina,58,-32.21937441,-64.74945973,
Media Luna Norte,Córdoba,Argentina,58,-31.18544227,-63.89317066,
Watt,Córdoba,Argentina,58,-34.93800826,-64.31021854,
Colonia Armando,Córdoba,Argentina,58,-32.72398717,-62.23386634,
Espinillal,Córdoba,Argentina,58,-32.76870409,-64.09102318,
Villa Herminia,Córdoba,Argentina,58,-33.37035347,-64.12691578,
Isla Larga,Córdoba,Argentina,58,-30.95726337,-63.70711528,
La Victoria Oeste,Córdoba,Argentina,58,-30.18254646,-63.48460811,
Colonia General Deheza,Córdoba,Argentina,58,-31.63058705,-63.04357589,
El Pantano,Córdoba,Argentina,58,-30.06138433,-63.98042495,
Colonia 10 de Mayo,Córdoba,Argentina,58,-32.52005254,-62.5083242,
Las Lagunitas,Córdoba,Argentina,58,-32.72483027,-62.92365897,
Colonia Los Prados,Santa Fe,Argentina,58,-33.35132904,-61.55589819,
Estación Kilómetro 501,Santa Fe,Argentina,58,-31.55451224,-61.9765397,
Pueblo Luis Berli,Santa Fe,Argentina,58,-29.19739276,-60.27952066,
Distrito Sexto,Entre Ríos,Argentina,58,-31.75430108,-58.24373361,
Cuatro Bocas,Entre Ríos,Argentina,58,-30.36573161,-58.27923824,
Paso Puerto,Entre Ríos,Argentina,58,-30.67717899,-58.80305999,
Campo La Coraza,Entre Ríos,Argentina,58,-32.79603538,-59.34536459,
Colonia San Luis,Entre Ríos,Argentina,58,-31.2142559,-59.80920833,
Colonia Puntas del Gualeguaychú,Entre Ríos,Argentina,58,-31.8268511,-58.5754075,
Quebrachitos,Entre Ríos,Argentina,58,-32.42261772,-60.12921856,
El Potrero,La Rioja,Argentina,58,-30.92086655,-66.67688121,
Salina de Busto,La Rioja,Argentina,58,-30.25821415,-67.60427736,
Aguango,La Rioja,Argentina,58,-30.44510757,-67.35985366,
El Tolar,Catamarca,Argentina,58,-27.39069752,-67.20016901,
Santa Ana de la Puna,Jujuy,Argentina,58,-23.12621041,-66.05316666,
La Poma,Jujuy,Argentina,58,-23.34367683,-65.67787128,
Alto Calilegua,Jujuy,Argentina,58,-23.56192375,-64.89743508,
Escaya,Jujuy,Argentina,58,-22.25320319,-65.71915612,
Kilómetro 90,Salta,Argentina,58,-24.56302732,-63.37381695,
Las Flacas,Salta,Argentina,58,-24.41861371,-63.94642025,
Rancagua,Salta,Argentina,58,-25.19878185,-66.18727532,
Curva de Juan,Salta,Argentina,58,-22.22162237,-63.36766126,
San Manuel,Salta,Argentina,58,-23.87800826,-63.10067234,
Brea Loma,Santiago del Estero,Argentina,58,-28.81974111,-63.81391155,
Santa Cruz,Santiago del Estero,Argentina,58,-25.87207313,-63.09921407,
Las Lechiguanas,Tucumán,Argentina,58,-27.31356087,-65.8099292,
La Cacheura,Misiones,Argentina,58,-27.99982282,-55.77028055,
Monte Quemado,Chaco,Argentina,58,-25.92934803,-60.73829661,
San Antonio,Chaco,Argentina,58,-26.72096714,-58.91000661,
Los Blanquizales,Chaco,Argentina,58,-26.76815516,-60.05917745,
El Rosillo,Formosa,Argentina,58,-23.68653885,-61.9415586,
Colonia Pampa Villanueva,Formosa,Argentina,58,-26.28026617,-59.32276036,
Ibahay,Corrientes,Argentina,58,-27.51686835,-57.40100164,
Remanso,Corrientes,Argentina,58,-29.40678723,-56.80437923,
Jesús Cué,Corrientes,Argentina,58,-27.92923002,-56.18072547,
La Cuarta Sección,Corrientes,Argentina,58,-29.77557769,-58.73377624,
Campanario,San Juan,Argentina,58,-30.37319157,-69.2010394,
Punta de Vacas,Mendoza,Argentina,58,-32.85577988,-69.76321409,
Yacimiento Vizcacheras,Mendoza,Argentina,58,-33.49076533,-68.63442545,
Aguada Pichana,Neuquén,Argentina,58,-38.47136108,-68.98367203,
Cerro Negro,Santa Cruz,Argentina,58,-48.25291844,-69.34287239,
Andant,Buenos Aires,Argentina,57,-36.56006516,-62.1390192,
El Martillo,Buenos Aires,Argentina,57,-33.878616,-59.52894096,
San Emilio,Buenos Aires,Argentina,57,-36.26557623,-60.89649577,
El Toro,Buenos Aires,Argentina,57,-35.4882705,-62.59302514,
Esteban de Luca,Buenos Aires,Argentina,57,-35.6795476,-62.34159662,
Las Gamas,Buenos Aires,Argentina,57,-33.73620037,-60.92375131,
El Espartillar,Buenos Aires,Argentina,57,-35.66907258,-58.18607913,
Colonia El Salado,Buenos Aires,Argentina,57,-35.85146841,-58.42003154,
Quilcó,Buenos Aires,Argentina,57,-37.0913362,-61.19946605,
La Rinconada,Buenos Aires,Argentina,57,-35.11776299,-61.06292327,
La Tradición,Buenos Aires,Argentina,57,-34.4324014,-63.2800347,
Cuartel V,Buenos Aires,Argentina,57,-34.77283485,-61.51818154,
Moromar,Buenos Aires,Argentina,57,-38.41931692,-58.38028826,
El Siasgo,Buenos Aires,Argentina,57,-35.69559425,-58.56723414,
Empalme  Querandíes,Buenos Aires,Argentina,57,-37.00876854,-60.39338893,
Valentín Gómez,Buenos Aires,Argentina,57,-35.64982301,-63.25509891,
Graciarena,Buenos Aires,Argentina,57,-36.6428649,-63.17488999,
La Valerosa,Buenos Aires,Argentina,57,-34.5527932,-59.53263723,
El Mirador,Buenos Aires,Argentina,57,-36.14365415,-59.79490949,
Duhau,Buenos Aires,Argentina,57,-36.11149672,-62.27779942,
El Algarrobo,Buenos Aires,Argentina,57,-39.25293801,-62.36236039,
Colonia Los Algarrobos,Córdoba,Argentina,57,-31.2564935,-63.95372786,
Colonia La Carmencita,Córdoba,Argentina,57,-33.76848113,-64.37461899,
Colonia Las Lomas,Córdoba,Argentina,57,-31.48710618,-62.99581057,
Campo Buena Esperanza,Córdoba,Argentina,57,-31.77563917,-64.19116429,
Campo Canavesio,Santa Fe,Argentina,57,-31.22791927,-61.89746519,
Tres Esquinas,Santa Fe,Argentina,57,-33.40620802,-60.47759737,
Costa del Toba,Santa Fe,Argentina,57,-29.47536714,-60.06378665,
Campo Castro,Santa Fe,Argentina,57,-32.2817233,-61.52409114,
Colonia Oficial 9,Entre Ríos,Argentina,57,-30.32763088,-58.26182186,
Sauce Norte,Entre Ríos,Argentina,57,-32.480588,-59.29452726,
San Francisco,Catamarca,Argentina,57,-28.96537659,-65.42363072,
Río Grande,Jujuy,Argentina,57,-23.14859134,-65.76122444,
Yatasto,Salta,Argentina,57,-25.59437355,-64.94427007,
Colonia  Hermelinda,Santiago del Estero,Argentina,57,-29.21368852,-62.57804498,
Pasma,Santiago del Estero,Argentina,57,-26.7068021,-63.15720291,
Percas,Santiago del Estero,Argentina,57,-28.36797802,-63.55840394,
Santo Domingo,Santiago del Estero,Argentina,57,-28.00460334,-64.49086424,
Girardet,Santiago del Estero,Argentina,57,-27.61974976,-62.1670539,
San Carlos,Santiago del Estero,Argentina,57,-26.32817304,-64.29550666,
Buena Vista,Santiago del Estero,Argentina,57,-29.40621138,-63.53077352,
La Loma,Tucumán,Argentina,57,-27.63592185,-65.08780963,
Amumpa,Tucumán,Argentina,57,-27.63716047,-65.32656277,
Pampa Tolosa,Chaco,Argentina,57,-26.07210099,-60.7392652,
Colonia San Isidro,Chaco,Argentina,57,-26.16845162,-59.60051416,
Colonia Palmira,Chaco,Argentina,57,-27.91434949,-59.31365617,
Campo Novo,Chaco,Argentina,57,-26.90471736,-59.57464217,
Colonia El Cacique,Chaco,Argentina,57,-26.99122166,-59.55434992,
Don Ovidio,Chaco,Argentina,57,-27.70576592,-59.51531999,
El Oculto,Formosa,Argentina,57,-25.10246736,-59.8174526,
Colonia El Rincón,Formosa,Argentina,57,-26.10898864,-59.09426276,
Lote 9,Formosa,Argentina,57,-25.95621107,-59.50937227,
El Chivil,Formosa,Argentina,57,-23.23931476,-62.20694709,
Dos Hermanas,Corrientes,Argentina,57,-29.0203698,-58.99310132,
Kilómetro 173,Corrientes,Argentina,57,-30.10297876,-57.66724888,
La Josefa,Mendoza,Argentina,57,-32.89978288,-67.69566596,
La Cumbre,San Luis,Argentina,57,-33.34365035,-66.11933616,
Buta Co,Neuquén,Argentina,57,-36.9120386,-69.78839526,
Fitirhuin,Chubut,Argentina,57,-42.28342306,-71.12420627,
Bahía del Fondo,Santa Cruz,Argentina,57,-46.17194017,-67.901067,
Esperanza,Santa Cruz,Argentina,57,-51.0282917,-70.77937326,
Juan F. Salaberry,Buenos Aires,Argentina,56,-35.06161548,-60.70475405,
Campo Lando,Buenos Aires,Argentina,56,-36.07713976,-60.88318327,
Los Andes,Buenos Aires,Argentina,56,-34.94719802,-62.55364397,
Chancay,Buenos Aires,Argentina,56,-35.04196869,-61.25244713,
La Loma,Buenos Aires,Argentina,56,-37.97172048,-58.5658817,
José Santos Arévalo,Buenos Aires,Argentina,56,-35.16776351,-59.23168649,
El Jagüel,Buenos Aires,Argentina,56,-37.27053748,-57.66877794,
La Colonia Nueva,Buenos Aires,Argentina,56,-37.5319684,-62.57005934,
Espora,Buenos Aires,Argentina,56,-34.52646429,-59.5763907,
Puente 11 Bocas,Buenos Aires,Argentina,56,-35.130551,-58.38508713,
Campo El Zorro,Córdoba,Argentina,56,-33.83505348,-62.53423287,
Colonia La Madera,Córdoba,Argentina,56,-33.74720252,-64.87896602,
Lagunilla,Córdoba,Argentina,56,-31.74975315,-63.95493389,
Banda Sud,Córdoba,Argentina,56,-32.25245506,-64.25142835,
La Tuna,Córdoba,Argentina,56,-30.50419924,-64.21379149,
El Bañado,Córdoba,Argentina,56,-30.34789559,-63.84332742,
El Colorado,Santa Fe,Argentina,56,-33.28815993,-60.39633662,
Campo Esperanza,Santa Fe,Argentina,56,-28.09280027,-59.23159516,
Campo Cardini,Santa Fe,Argentina,56,-32.76945997,-61.44322735,
El Bosque,Santa Fe,Argentina,56,-31.03097996,-60.86855607,
El Ceibo,Santa Fe,Argentina,56,-29.6675932,-59.78405924,
Lote 12,Santa Fe,Argentina,56,-29.18846696,-60.48506309,
Campo Molassi,Santa Fe,Argentina,56,-29.79731259,-60.13988426,
Campo Colnaghi,Santa Fe,Argentina,56,-29.82792441,-60.08455423,
Ishtilart,Entre Ríos,Argentina,56,-31.13247223,-58.11540154,
Puerto Constanza,Entre Ríos,Argentina,56,-33.828225,-59.02970798,
Campo La Virginia,Entre Ríos,Argentina,56,-32.40188241,-58.60039498,
La Araña,La Pampa,Argentina,56,-36.71167549,-64.61889042,
Puerto del Valle,La Rioja,Argentina,56,-29.7171947,-65.95722246,
Santa Cruz,La Rioja,Argentina,56,-30.58472043,-66.19224255,
Antinaco,Catamarca,Argentina,56,-27.21965466,-67.6130125,
La Isla,Catamarca,Argentina,56,-27.83440541,-65.84705352,
Balde de la Pampa,Catamarca,Argentina,56,-28.33816581,-66.54992878,
Santa Rosa,Jujuy,Argentina,56,-22.64840558,-65.84225667,
Cuesta Larga,Jujuy,Argentina,56,-24.05298965,-65.25231099,
Yacochuya Norte,Salta,Argentina,56,-26.03698101,-66.02151998,
El Sauzal,Salta,Argentina,56,-22.46605271,-63.3977064,
La Media Luna,Salta,Argentina,56,-24.24084369,-62.36479194,
San Javier,Santiago del Estero,Argentina,56,-25.7425699,-62.77516153,
La Meleada,Santiago del Estero,Argentina,56,-28.48773343,-64.35210317,
Tala Yacu,Santiago del Estero,Argentina,56,-29.48343221,-63.65262062,
Coro Pampa,Santiago del Estero,Argentina,56,-28.21314505,-64.07776259,
Los Nísperos,Tucumán,Argentina,56,-27.23200214,-65.55158887,
Santa Rosa,Tucumán,Argentina,56,-27.48897156,-65.51867671,
Avellaneda,Misiones,Argentina,56,-26.75605801,-54.69832357,
Campo Medina,Chaco,Argentina,56,-26.15427519,-59.82010041,
Lote 20 Legua A,Chaco,Argentina,56,-26.43426472,-60.68586363,
Pampa Cantón,Chaco,Argentina,56,-27.06018074,-61.00729206,
Pampa Las Flores,Chaco,Argentina,56,-27.19224747,-60.81714129,
Colonia Lamadrid,Chaco,Argentina,56,-26.72088735,-59.95690729,
Colonia Juanita,Formosa,Argentina,56,-25.14400193,-59.92098017,
Paso La Cruz,Formosa,Argentina,56,-24.51322838,-60.20043558,
Colonia Weitzel,Formosa,Argentina,56,-26.13531386,-59.54588208,
Malezal,Corrientes,Argentina,56,-29.47116509,-58.84613737,
Las Lomas,Corrientes,Argentina,56,-27.81340348,-55.96214346,
Galarcita,Corrientes,Argentina,56,-27.87133676,-58.20577725,
San Pedro del Iberá,Corrientes,Argentina,56,-28.15971362,-56.70234725,
Alto Verde,San Juan,Argentina,56,-32.25151168,-68.50872234,
Canalejas,Mendoza,Argentina,56,-35.16793209,-66.50062818,
El Sauce,San Luis,Argentina,56,-32.52294487,-65.2352967,
El Hornito,San Luis,Argentina,56,-32.34379568,-65.69490701,
San Francisco,Buenos Aires,Argentina,55,-38.06704225,-59.87357289,
San Justo,Buenos Aires,Argentina,55,-36.61242517,-58.45457333,
La Esperanza,Buenos Aires,Argentina,55,-37.7867267,-57.96925465,
Gómez de la Vega,Buenos Aires,Argentina,55,-35.08750872,-58.14797922,
San Antonio,Buenos Aires,Argentina,55,-35.39433282,-58.56920671,
Los Copetes,Buenos Aires,Argentina,55,-34.77229005,-60.16617438,
Lomas de Salomón,Buenos Aires,Argentina,55,-36.34466238,-57.63520519,
La Morocha,Buenos Aires,Argentina,55,-35.87894235,-60.32204452,
Lastra,Buenos Aires,Argentina,55,-37.41053196,-61.28026789,
Estrugamou,Buenos Aires,Argentina,55,-35.98438993,-59.52535344,
Asturias,Buenos Aires,Argentina,55,-36.17234513,-61.87538971,
Gnecco,Buenos Aires,Argentina,55,-35.69003627,-62.00338143,
Los Manueles,Buenos Aires,Argentina,55,-34.36766841,-59.30015716,
La Clemencia,Buenos Aires,Argentina,55,-33.48426613,-60.18407048,
Pehuelches,Buenos Aires,Argentina,55,-36.34180111,-62.87493247,
Chapalcó,Buenos Aires,Argentina,55,-38.64538632,-63.09657078,
Lejarraga,Buenos Aires,Argentina,55,-39.36728114,-62.84467183,
Villa La Viña,Córdoba,Argentina,55,-31.87204105,-65.03546837,
Nuñez del Prado,Córdoba,Argentina,55,-31.16243425,-63.95576724,
La Cremería,Córdoba,Argentina,55,-33.3796796,-63.3742196,
Campo Laborde,Córdoba,Argentina,55,-33.03857531,-62.05053445,
La Argentina,Córdoba,Argentina,55,-31.22437978,-65.30123372,
La Mesilla,Córdoba,Argentina,55,-30.96068807,-65.16449373,
Mogotes Ásperos,Córdoba,Argentina,55,-31.18632424,-65.24759309,
El Tostado,Córdoba,Argentina,55,-31.03176716,-63.04213332,
Puente del Cura,Córdoba,Argentina,55,-31.67840126,-64.96829374,
El Portezuelo,Córdoba,Argentina,55,-32.1604448,-65.00415582,
Colonia Frontera Sur,Córdoba,Argentina,55,-31.17697755,-62.78288618,
El Pino,Córdoba,Argentina,55,-31.94401574,-62.63602621,
Kilómetro 483,Santa Fe,Argentina,55,-31.68914268,-61.87504705,
Campo Langarica,Santa Fe,Argentina,55,-33.94668355,-62.36740501,
Campo Yaccuzzi,Santa Fe,Argentina,55,-28.54194259,-59.42293237,
Campo Periotti,Santa Fe,Argentina,55,-31.71529641,-60.99159335,
Colonia La Mora,Santa Fe,Argentina,55,-30.27772719,-60.55177946,
Estación El Redomón,Entre Ríos,Argentina,55,-31.09350924,-58.29071458,
Algarrobito Segundo,Entre Ríos,Argentina,55,-32.18804501,-60.13029074,
Colonia Lucienville,Entre Ríos,Argentina,55,-32.51995658,-58.8508677,
Paraje La Tacuara,Entre Ríos,Argentina,55,-32.68788768,-60.01046164,
Los Corrales,Catamarca,Argentina,55,-28.49340513,-65.32518102,
Loconte,Catamarca,Argentina,55,-27.25803182,-66.99240466,
Tucumanao,Catamarca,Argentina,55,-28.08224198,-66.56178302,
Lagunillas,Jujuy,Argentina,55,-22.32556881,-66.07919267,
Alfarcito,Jujuy,Argentina,55,-23.5795498,-65.34734845,
Santa Bárbara,Jujuy,Argentina,55,-23.62256125,-65.00450981,
Pampa Grande,Salta,Argentina,55,-25.86795896,-65.50802432,
Vaquería,Salta,Argentina,55,-25.68485421,-65.21740903,
Porongal,Salta,Argentina,55,-22.62098461,-64.92918031,
Pozo del Medio,Santiago del Estero,Argentina,55,-28.37365392,-62.8591507,
La Magdalena,Santiago del Estero,Argentina,55,-27.53906965,-63.10298995,
Suri Pozo,Santiago del Estero,Argentina,55,-29.60045782,-63.91295048,
Puesto del Retiro,Santiago del Estero,Argentina,55,-27.44879161,-64.7573194,
Loma Grande,Tucumán,Argentina,55,-26.43837426,-64.73440264,
Bajastiné,Tucumán,Argentina,55,-27.85495543,-65.58746256,
Chuschagasta,Tucumán,Argentina,55,-26.44060724,-65.4952665,
Aguaray Guazú,Misiones,Argentina,55,-26.15013565,-54.34052674,
Lote 14,Chaco,Argentina,55,-27.65785347,-61.25298016,
Bella Vista,Chaco,Argentina,55,-26.11684532,-60.57006172,
San Antonio,Chaco,Argentina,55,-25.64273162,-60.86097305,
Colonia La Lola,Chaco,Argentina,55,-26.70386616,-60.06858663,
Tres Palmitas,Formosa,Argentina,55,-23.98366502,-61.91588828,
Paso Tala,Corrientes,Argentina,55,-28.15944185,-57.95288962,
Arroyo El Sombrero,Corrientes,Argentina,55,-27.66874783,-58.70839947,
Medio,Corrientes,Argentina,55,-27.53151757,-58.49348515,
Yohaza,Corrientes,Argentina,55,-28.18120389,-56.00953203,
Colón,San Juan,Argentina,55,-31.42846329,-69.40841335,
Bella Vista,San Juan,Argentina,55,-31.14955209,-69.46613569,
Baldes del Sur,San Juan,Argentina,55,-30.69269936,-67.38934393,
El Zapallar,San Luis,Argentina,55,-32.28953603,-65.80411891,
Balde Retamo,San Luis,Argentina,55,-32.10689628,-65.95946938,
Pozo Cavado,San Luis,Argentina,55,-32.54915841,-66.23745586,
Pozo Cavado,San Luis,Argentina,55,-32.57629355,-65.16365521,
Chacayco Sur,Neuquén,Argentina,55,-39.31755479,-70.34536116,
Codihue,Neuquén,Argentina,55,-38.46691565,-70.49102016,
Peumayén,Río Negro,Argentina,55,-41.00313973,-70.85849639,
El Mirasol,Chubut,Argentina,55,-43.28365521,-67.76142827,
Gobernador Arias,Buenos Aires,Argentina,54,-35.5383957,-61.34660632,
Escobedo,Buenos Aires,Argentina,54,-34.33177959,-59.84168758,
San Anselmo,Buenos Aires,Argentina,54,-37.1682826,-61.7719874,
Villa del Sur,Buenos Aires,Argentina,54,-35.42552518,-58.04870568,
Yraizoz,Buenos Aires,Argentina,54,-38.13906002,-57.98617942,
Pazos Kanki,Buenos Aires,Argentina,54,-34.77489524,-62.06067797,
La Elina,Buenos Aires,Argentina,54,-35.39624154,-58.99691548,
El Venado,Buenos Aires,Argentina,54,-35.90924274,-58.16241532,
La Independencia,Buenos Aires,Argentina,54,-33.54814762,-59.90024372,
Monroe,Buenos Aires,Argentina,54,-34.45926606,-60.28915827,
Cuartel VIII,Buenos Aires,Argentina,54,-34.7834733,-59.55615552,
Claudio Molina,Buenos Aires,Argentina,54,-38.08965369,-60.34932149,
La Catalina,Buenos Aires,Argentina,54,-34.50388327,-59.24245586,
Flora,Córdoba,Argentina,54,-32.39358192,-62.17711749,
Pozo de las Yeguas,Córdoba,Argentina,54,-31.35433658,-63.31258775,
Balde de la Mora,Córdoba,Argentina,54,-31.80155468,-65.69096248,
Cuatro Esquinas,Córdoba,Argentina,54,-30.98490582,-62.21427768,
El Desquite,Córdoba,Argentina,54,-31.13414885,-62.60880912,
La Arabia,Córdoba,Argentina,54,-31.47829069,-63.95869285,
Agua Hedionda,Córdoba,Argentina,54,-29.98299227,-64.49001676,
San Vicente,Córdoba,Argentina,54,-30.4172499,-64.29151369,
Campo Foressi,Santa Fe,Argentina,54,-33.0407833,-61.36780344,
Campo Rubiolo,Santa Fe,Argentina,54,-31.20404655,-61.52260854,
Capilla Vottero,Santa Fe,Argentina,54,-31.47347538,-61.98181749,
Mauá,Santa Fe,Argentina,54,-30.77264329,-61.26177082,
La Ramada,Santa Fe,Argentina,54,-31.10587699,-61.2682312,
La Cautiva,Santa Fe,Argentina,54,-28.61894165,-61.22257042,
La Negra,Santa Fe,Argentina,54,-30.09955554,-60.44936042,
Campo La Caledonia,Santa Fe,Argentina,54,-32.12516018,-61.86395182,
Fortuna,Entre Ríos,Argentina,54,-30.66286269,-58.28204762,
Mulas Grandes,Entre Ríos,Argentina,54,-30.31871519,-59.06060582,
Arroyo Ñancay,Entre Ríos,Argentina,54,-33.3917018,-58.73868877,
Colonia San Ernesto,Entre Ríos,Argentina,54,-31.83812897,-58.6340522,
Colonia La Joya,Entre Ríos,Argentina,54,-32.23889079,-58.94769988,
El Achiral,Entre Ríos,Argentina,54,-31.35667345,-58.8056855,
Teniente General Emilio Mitre,La Pampa,Argentina,54,-36.13836476,-64.93613289,
Loma Larga,La Rioja,Argentina,54,-30.79207803,-66.53408546,
El Chañaral,Catamarca,Argentina,54,-27.70850726,-67.03865572,
Inti Cancha,Jujuy,Argentina,54,-22.15691489,-65.27686788,
Buena Vista,Salta,Argentina,54,-23.34904001,-62.77553229,
Ojo de Agua,Salta,Argentina,54,-25.89844336,-64.96208522,
El Barrialito,Santiago del Estero,Argentina,54,-27.69159831,-63.91528993,
Las Colas,Tucumán,Argentina,54,-26.22622228,-64.53127229,
Picada Vieja,Misiones,Argentina,54,-27.43057162,-55.11270726,
El Ñandubay,Chaco,Argentina,54,-27.70705463,-61.18346791,
El Algarrobal,Chaco,Argentina,54,-25.30053744,-60.54585793,
La Esperanza,Chaco,Argentina,54,-26.04015874,-60.40150085,
Campo Los Toros,Chaco,Argentina,54,-25.88975799,-60.05591256,
Campo Ugarte,Chaco,Argentina,54,-27.6896306,-60.83384426,
El Solitario,Formosa,Argentina,54,-23.46023753,-61.47100293,
Colonia 14 de Mayo,Formosa,Argentina,54,-25.1413055,-60.05176402,
Ranero Cué,Formosa,Argentina,54,-25.03179917,-59.98161723,
Colonia 5 de Octubre,Formosa,Argentina,54,-25.84586933,-59.32992188,
Rincón de Luna,Corrientes,Argentina,54,-28.46191882,-58.23268986,
El Chañar,Corrientes,Argentina,54,-29.79877357,-58.55840793,
Punta Grande,Corrientes,Argentina,54,-27.9851019,-57.9692775,
Batel Kilómetro 47,Corrientes,Argentina,54,-28.90891764,-58.65580103,
Rincón Cercado,San Juan,Argentina,54,-31.64812087,-68.37330729,
Cerro Castor,Tierra del Fuego,Argentina,54,-54.71843405,-68.00757062,
Chapua,Neuquén,Argentina,54,-37.18000395,-70.24855619,
Auquinco,Neuquén,Argentina,54,-37.32035045,-69.96680369,
Colonia 16 de Octubre,Chubut,Argentina,54,-43.12123081,-71.44920362,
Corcovado Sur,Chubut,Argentina,54,-43.57613901,-71.4524804,
Colonia Agrícola Sepaucal,Chubut,Argentina,54,-42.27166266,-67.40335733,
Coronel Boerr,Buenos Aires,Argentina,53,-35.94046109,-59.06808689,
Tres Lagunas,Buenos Aires,Argentina,53,-37.14039766,-63.00840412,
Las Pajas,Buenos Aires,Argentina,53,-36.95358393,-58.81222134,
El Porvenir,Buenos Aires,Argentina,53,-36.12039717,-61.15088469,
Rauch Nuevo,Buenos Aires,Argentina,53,-35.11826157,-60.70389159,
La Leonor,Buenos Aires,Argentina,53,-35.19164242,-58.65014569,
Drysdale,Buenos Aires,Argentina,53,-35.30411322,-62.6446397,
Santa Isabel,Buenos Aires,Argentina,53,-37.20194762,-61.66115838,
La Fe,Buenos Aires,Argentina,53,-34.87522329,-59.08165803,
Cuartel II,Buenos Aires,Argentina,53,-34.88913963,-61.51152532,
La Unión,Buenos Aires,Argentina,53,-35.46950891,-61.68687056,
Cobo,Buenos Aires,Argentina,53,-37.80262984,-57.62915036,
El Tigre,Buenos Aires,Argentina,53,-37.8515058,-59.20367779,
El Ranchito,Buenos Aires,Argentina,53,-35.8531296,-61.68374621,
Las Juanitas,Buenos Aires,Argentina,53,-35.62452461,-61.70285904,
La Angelita,Buenos Aires,Argentina,53,-37.88179283,-63.13802734,
El Arbolito,Buenos Aires,Argentina,53,-35.32114971,-59.53425765,
El Indio,Buenos Aires,Argentina,53,-38.13210203,-59.64588294,
Santa Teresa,Buenos Aires,Argentina,53,-37.15882905,-59.18588361,
El Sauce,Buenos Aires,Argentina,53,-36.37786976,-59.91531986,
Panelo,Buenos Aires,Argentina,53,-35.25072575,-59.98815718,
El Barrial,Córdoba,Argentina,53,-30.71160539,-65.4199538,
Ciénaga,Córdoba,Argentina,53,-31.34906735,-65.11540504,
Campo Ampurdán,Córdoba,Argentina,53,-33.90481557,-63.83865352,
Colonia Santa Ana,Córdoba,Argentina,53,-34.26456827,-63.5733467,
Fragueyro,Córdoba,Argentina,53,-33.71490156,-64.52856703,
Colonia Unidad,Córdoba,Argentina,53,-31.48567165,-62.25930661,
La Toscanita,Córdoba,Argentina,53,-31.68998385,-62.78261337,
Los Tajamares,Córdoba,Argentina,53,-30.34618777,-63.43274205,
Campo El Rincón,Santa Fe,Argentina,53,-33.816921,-62.29150174,
Las Taperitas,Santa Fe,Argentina,53,-28.8610999,-59.73396479,
El Chañar,Santa Fe,Argentina,53,-28.75591624,-60.92717485,
Colonia La María,Santa Fe,Argentina,53,-29.75716429,-59.95097657,
Campo La Vasconia,Santa Fe,Argentina,53,-32.36701975,-61.22197865,
Campo El Injerto,Santa Fe,Argentina,53,-31.96052502,-61.9800537,
Campo María Teresa,Santa Fe,Argentina,53,-31.97518984,-61.86687373,
Santa Felicia,Santa Fe,Argentina,53,-29.36221022,-60.24101315,
Gualeyancito,Entre Ríos,Argentina,53,-32.9260486,-58.6230606,
El Empalme,Entre Ríos,Argentina,53,-33.58441948,-58.79697126,
Estaquitas,Entre Ríos,Argentina,53,-30.83802809,-59.53144523,
Carmona,Entre Ríos,Argentina,53,-31.71918077,-60.21589676,
Colonia San Martín,Entre Ríos,Argentina,53,-32.34297572,-58.6497904,
Ivanowsky,La Pampa,Argentina,53,-36.55687523,-63.43430477,
Paso de los Algarrobos,La Pampa,Argentina,53,-36.71032512,-66.89659322,
Bajo Hondo,La Rioja,Argentina,53,-29.77724951,-66.59062927,
San Pedro,La Rioja,Argentina,53,-29.49630906,-66.44837157,
Chulo,La Rioja,Argentina,53,-30.40489288,-66.26316099,
La Suspensión,La Rioja,Argentina,53,-31.80942133,-65.97961113,
Ramblones,Catamarca,Argentina,53,-29.15395741,-65.39836394,
El Pucará,Catamarca,Argentina,53,-27.70171689,-66.01071915,
El Moreno,Catamarca,Argentina,53,-29.25512227,-65.39919008,
Yaquispampa,Jujuy,Argentina,53,-23.73678469,-65.2515793,
Puerta La Paya,Salta,Argentina,53,-25.19187716,-66.1951396,
Parani,Salta,Argentina,53,-23.22710294,-64.92612477,
La Florida,Salta,Argentina,53,-25.01296787,-65.55979394,
Vizcachani,Salta,Argentina,53,-22.13111452,-65.13458247,
Campo Verde,Santiago del Estero,Argentina,53,-27.65411369,-63.88022521,
San Bernardo,Santiago del Estero,Argentina,53,-25.99206699,-63.21641554,
Mailín,Santiago del Estero,Argentina,53,-26.01924491,-63.40188679,
Jume Viejo,Santiago del Estero,Argentina,53,-27.23349315,-63.72558772,
Santa Ana,Santiago del Estero,Argentina,53,-27.18648678,-63.4791557,
Los Ralos,Santiago del Estero,Argentina,53,-27.08726701,-64.4689802,
San Francisco,Santiago del Estero,Argentina,53,-29.34441723,-63.79056882,
El Desvío,Santiago del Estero,Argentina,53,-29.10438654,-63.48246131,
La Federación,Santiago del Estero,Argentina,53,-29.97562842,-62.07934183,
Villa de Escaba,Tucumán,Argentina,53,-27.66874613,-65.76489848,
Mora Micuna,Tucumán,Argentina,53,-27.38198184,-65.76922304,
El Mirador del Cóndor,Tucumán,Argentina,53,-26.9457947,-65.77623022,
Barra Concepción,Misiones,Argentina,53,-28.11304998,-55.56466211,
Flora,Misiones,Argentina,53,-27.04821953,-55.16424173,
Puerto Aurora,Misiones,Argentina,53,-27.49635103,-54.52343829,
Las Puertas,Chaco,Argentina,53,-25.56659094,-61.15763336,
El Palmar,Chaco,Argentina,53,-27.9241451,-60.84643293,
Campo La Emilia,Corrientes,Argentina,53,-29.94078364,-59.20663951,
Paso Hu,Corrientes,Argentina,53,-29.5761844,-59.00846888,
El Quebracho,Corrientes,Argentina,53,-29.60385684,-59.41169329,
Pay Ubre Chico,Corrientes,Argentina,53,-28.97923512,-58.19594029,
Puerto San Gará,Corrientes,Argentina,53,-27.59605688,-56.80745418,
La Cortadera,Mendoza,Argentina,53,-36.58472899,-68.53848936,
Árbol Solo,San Luis,Argentina,53,-32.50697344,-66.4873383,
Toro Negro,San Luis,Argentina,53,-32.7297684,-66.33801252,
Cerrito Blanco,San Luis,Argentina,53,-32.23463707,-65.22972189,
Pampa Alta,Santa Cruz,Argentina,53,-47.56796477,-66.26734003,
Lago Roca,Santa Cruz,Argentina,53,-50.51096107,-72.76097092,
Faro,Buenos Aires,Argentina,52,-38.7965246,-61.07038771,
La Protegida,Buenos Aires,Argentina,52,-36.56449438,-58.32671356,
Las Cañas,Buenos Aires,Argentina,52,-34.78290431,-60.5327782,
La Granja,Buenos Aires,Argentina,52,-35.56076848,-57.54142584,
La Colorada,Buenos Aires,Argentina,52,-34.95909722,-59.93899924,
La Malacara,Buenos Aires,Argentina,52,-38.24051362,-58.42966889,
La Lita,Buenos Aires,Argentina,52,-38.43119494,-58.876079,
Colonia San Pedro,Buenos Aires,Argentina,52,-37.95419371,-62.34089535,
Club de Campo La Ranita,Buenos Aires,Argentina,52,-34.48074227,-59.03689578,
Corral Quemado,Córdoba,Argentina,52,-31.00752685,-64.30068764,
Colonia Veinticinco,Córdoba,Argentina,52,-32.88768094,-61.95174498,
Pozo del Ñato,Córdoba,Argentina,52,-30.35776826,-65.21416909,
El Fortín,Córdoba,Argentina,52,-31.07217137,-63.18479373,
Arroyo de Álvarez Sur,Córdoba,Argentina,52,-31.5975812,-63.24594229,
Corral de Arroyo,Córdoba,Argentina,52,-31.79634159,-63.54862179,
Campo Lavalle,Córdoba,Argentina,52,-31.61979909,-62.17586269,
Las Juntas,Córdoba,Argentina,52,-30.30740693,-64.06083572,
Campo Vionnet,Córdoba,Argentina,52,-32.47579674,-63.02813032,
Campo Giacosa,Santa Fe,Argentina,52,-31.17593766,-61.41546471,
Rodeo Chico,Santa Fe,Argentina,52,-30.81006503,-61.34814729,
Tres Isletas,Santa Fe,Argentina,52,-28.7109825,-59.62059063,
San Vicente,Santa Fe,Argentina,52,-28.4986219,-59.26712758,
Tres Bocas,Santa Fe,Argentina,52,-28.68709572,-59.66484031,
La Rinconada,Santa Fe,Argentina,52,-30.36899629,-60.60156767,
Las Gurisas,Entre Ríos,Argentina,52,-31.08003825,-59.49110763,
El Talita,Entre Ríos,Argentina,52,-32.10180464,-59.37912025,
El Zapallar,La Rioja,Argentina,52,-29.29288814,-68.67618222,
El Cebilarcito,Catamarca,Argentina,52,-29.13832702,-65.53912041,
Las Cuevas,Catamarca,Argentina,52,-27.01719453,-66.66704068,
Ayapaso,Catamarca,Argentina,52,-28.33757477,-65.21014446,
Duraznos,Jujuy,Argentina,52,-23.61330164,-65.213681,
El Zanjón,Salta,Argentina,52,-24.88179419,-65.42895791,
Volcán Higueras,Salta,Argentina,52,-22.90426142,-65.05157247,
La Angostura,Salta,Argentina,52,-25.53564726,-66.2304084,
Pucallpa,Salta,Argentina,52,-22.27207242,-64.962001,
Luján,Santiago del Estero,Argentina,52,-25.96273314,-63.17922942,
El Palmar,Santiago del Estero,Argentina,52,-26.04112958,-62.9553563,
Buen Lugar,Santiago del Estero,Argentina,52,-27.14688779,-64.37749308,
La Esperanza,Santiago del Estero,Argentina,52,-29.32077196,-63.93381795,
Colonia Jaime,Santiago del Estero,Argentina,52,-27.79756076,-64.10283947,
Campo Grande,Tucumán,Argentina,52,-27.54860264,-65.4044308,
Pozo de la Esquina,Tucumán,Argentina,52,-27.85548528,-65.47002136,
Sauce Yaco,Tucumán,Argentina,52,-26.65475262,-65.42335987,
Puerto Península,Misiones,Argentina,52,-25.5365642,-54.1360715,
Colonia Bravo,Chaco,Argentina,52,-27.35974084,-61.1880645,
Colonia San Francisco,Chaco,Argentina,52,-26.17918009,-59.58482207,
El Pucá,Chaco,Argentina,52,-27.04095703,-61.2850817,
Colonia Mixta,Chaco,Argentina,52,-26.91377097,-59.19299456,
Colonia Ceferino Namuncurá,Formosa,Argentina,52,-24.59221739,-59.51190486,
El Cogoik,Formosa,Argentina,52,-24.76528588,-59.21054454,
El Corredero,Formosa,Argentina,52,-24.79986992,-60.66943644,
La Lata,Corrientes,Argentina,52,-29.35106707,-58.37839264,
Bañado Yatay,Corrientes,Argentina,52,-29.58767086,-57.20507883,
El Salitral,Mendoza,Argentina,52,-35.52694149,-69.03026635,
5ta Brigada,San Luis,Argentina,52,-33.7220141,-65.38070982,
El Caldén,San Luis,Argentina,52,-31.90102385,-65.85375097,
La Usina,Río Negro,Argentina,52,-39.56131778,-65.68183762,
Pilcaniyeu Viejo,Río Negro,Argentina,52,-41.02177513,-70.61527508,
San José,Santa Cruz,Argentina,52,-48.15537454,-69.46105454,
Villa Lynch Pueyrredón,Buenos Aires,Argentina,51,-36.60153157,-61.36366598,
Las Encadenadas,Buenos Aires,Argentina,51,-38.03703316,-62.46983346,
La Posta,Buenos Aires,Argentina,51,-37.10494151,-58.06545311,
El Caballito,Buenos Aires,Argentina,51,-33.97214864,-59.51845161,
Timote Chico,Buenos Aires,Argentina,51,-35.37917757,-62.24576604,
El Bonete,Buenos Aires,Argentina,51,-37.86072088,-58.69554112,
Galo Llorente,Buenos Aires,Argentina,51,-35.49297486,-61.15680919,
Villa 7 de Marzo,Buenos Aires,Argentina,51,-41.03086655,-62.75399526,
Punta Piedras,Buenos Aires,Argentina,51,-35.39848136,-57.15300476,
Puente Castex,Buenos Aires,Argentina,51,-34.14026447,-59.28135864,
El Ombú,Buenos Aires,Argentina,51,-35.11230296,-58.3506211,
Barrio Naútico Talavera,Buenos Aires,Argentina,51,-33.90068267,-59.106563,
Keidel,Buenos Aires,Argentina,51,-33.89341992,-58.91401748,
Villa Los Patos,Córdoba,Argentina,51,-32.76683762,-62.72713513,
Puesto del Gallo,Córdoba,Argentina,51,-30.61018056,-64.96872856,
Colonia Santa Catalina,Córdoba,Argentina,51,-34.59519135,-63.69128398,
Colonia Alto Verde,Córdoba,Argentina,51,-33.30090046,-63.80981294,
Colonia Las Merceditas,Córdoba,Argentina,51,-33.15837943,-63.67836126,
Godino,Córdoba,Argentina,51,-33.83193922,-63.92297225,
Agua del Tala,Córdoba,Argentina,51,-31.26301669,-65.32841149,
Parador Copina,Córdoba,Argentina,51,-31.58062825,-64.65722671,
Costa del Tambo,Córdoba,Argentina,51,-32.94708392,-64.51570415,
Las Cañitas,Córdoba,Argentina,51,-32.86487954,-64.75888026,
Las Averías,Córdoba,Argentina,51,-31.08232735,-63.06798645,
Campo Asinari,Córdoba,Argentina,51,-31.58125552,-63.36046222,
El Volcán,Córdoba,Argentina,51,-31.48242996,-64.95821608,
Pozo del Mortero,Córdoba,Argentina,51,-31.62868025,-62.78387,
Cachi Yacu,Córdoba,Argentina,51,-29.61779007,-64.06550423,
Santurce,Santa Fe,Argentina,51,-30.18656775,-61.18107727,
Campo Tardini,Santa Fe,Argentina,51,-34.12233084,-62.32453606,
Campo Don Bosco,Santa Fe,Argentina,51,-29.16596178,-61.35039118,
Independencia,Santa Fe,Argentina,51,-29.37469418,-61.73049233,
Colonia El Fortín,Santa Fe,Argentina,51,-30.79188052,-60.53230293,
Luciano Leiva,Santa Fe,Argentina,51,-30.86736726,-60.61736708,
La Clorinda,Santa Fe,Argentina,51,-31.15446763,-60.50442581,
Campo Taleb,Santa Fe,Argentina,51,-29.6219774,-60.40365235,
Atencio,Entre Ríos,Argentina,51,-30.56621182,-58.6501705,
Cuatro Bocas,Entre Ríos,Argentina,51,-32.73323066,-59.61006352,
Bañadero Oficial Burgos,Entre Ríos,Argentina,51,-31.81496114,-59.71986535,
Zenón Roca,Entre Ríos,Argentina,51,-31.54659617,-58.77315571,
Colonia Lagos,La Pampa,Argentina,51,-36.53315244,-64.48222446,
El Tropezón,La Pampa,Argentina,51,-36.70783295,-64.92006315,
Tres Cruces,La Rioja,Argentina,51,-30.74192508,-66.41897041,
Los Colorados,La Rioja,Argentina,51,-29.89395532,-67.14921419,
Las Pampitas,Catamarca,Argentina,51,-27.52381968,-66.12740474,
El Sauce,Catamarca,Argentina,51,-28.43397061,-65.35053235,
La Redonda,Jujuy,Argentina,51,-22.52889193,-65.52227307,
El Pelícano,Salta,Argentina,51,-22.69080816,-62.63803583,
Los Linares,Santiago del Estero,Argentina,51,-28.36619547,-62.54788536,
Puerta Grande,Santiago del Estero,Argentina,51,-27.67807194,-64.73162589,
Vitiaca,Santiago del Estero,Argentina,51,-26.90857389,-64.27745955,
San Luis,Santiago del Estero,Argentina,51,-27.95016957,-61.90912197,
Vinal Pozo,Santiago del Estero,Argentina,51,-26.21353623,-64.3190875,
La Florida,Santiago del Estero,Argentina,51,-27.84272529,-64.13904886,
Los Planchones,Tucumán,Argentina,51,-26.59866557,-65.42104916,
Colonia Pampa Bolsa Sur,Chaco,Argentina,51,-26.50781624,-61.08297252,
El Mojo,Chaco,Argentina,51,-25.21382299,-60.64012179,
La Esmeralda,Chaco,Argentina,51,-25.34542296,-60.78776427,
Lote 20,Chaco,Argentina,51,-27.19685119,-60.28090332,
San Antonio,Corrientes,Argentina,51,-28.09758424,-57.84807475,
Arroyito,Corrientes,Argentina,51,-28.46058702,-58.69597006,
Aguapé,Corrientes,Argentina,51,-29.36102422,-56.8028529,
Alem Cué,Corrientes,Argentina,51,-29.17470972,-57.44999496,
Yacaré,Corrientes,Argentina,51,-28.95315211,-56.73820206,
La Fortuna,Mendoza,Argentina,51,-32.91719879,-67.5941478,
Agua Nueva,Mendoza,Argentina,51,-36.25908539,-68.43180896,
Soitué,Mendoza,Argentina,51,-34.99058277,-67.8635432,
Las Lagunitas,San Luis,Argentina,51,-32.99494517,-67.08756566,
San Miguel Sur,San Luis,Argentina,51,-32.89111523,-65.04368504,
Los Lobos,San Luis,Argentina,51,-32.4716513,-65.275283,
Nahuel Niyeu,Río Negro,Argentina,51,-40.50411348,-66.56468755,
Puerto Patriada,Chubut,Argentina,51,-42.14899509,-71.5290601,
Thames,Buenos Aires,Argentina,50,-36.9253528,-63.29558037,
Santa María,Buenos Aires,Argentina,50,-37.88783045,-60.31500123,
Fair,Buenos Aires,Argentina,50,-37.06765367,-58.30308989,
Cuatro Caminos,Buenos Aires,Argentina,50,-36.44596476,-59.36545195,
San Alberto,Buenos Aires,Argentina,50,-37.67385943,-58.44740447,
El Coatí,Buenos Aires,Argentina,50,-35.78857296,-58.28595294,
El Parche,Buenos Aires,Argentina,50,-35.88674036,-60.26002298,
José María Micheo,Buenos Aires,Argentina,50,-35.88222153,-59.94582069,
Los Bosques,Buenos Aires,Argentina,50,-34.83417184,-60.99763514,
Paragüil,Buenos Aires,Argentina,50,-37.69441098,-60.98233611,
La Rinconada,Buenos Aires,Argentina,50,-35.28787323,-59.45608119,
La Aldea,Buenos Aires,Argentina,50,-37.42032024,-57.77521453,
El Faisán,Buenos Aires,Argentina,50,-35.0597891,-59.19543532,
El Naranjo,Buenos Aires,Argentina,50,-35.57076602,-59.96952232,
Juan Blaquier,Buenos Aires,Argentina,50,-35.76405549,-59.30230688,
La Margarita,Buenos Aires,Argentina,50,-35.60151375,-59.93465415,
Colegiales,Buenos Aires,Argentina,50,-33.7969286,-59.85797264,
El Espinillo,Córdoba,Argentina,50,-32.30923066,-64.64574151,
Los Guindos,Córdoba,Argentina,50,-31.97487231,-64.69823099,
Paso Cabral,Córdoba,Argentina,50,-32.41309696,-64.49856022,
San José,Córdoba,Argentina,50,-32.86082278,-63.34515723,
La Cantera,Córdoba,Argentina,50,-30.48420944,-64.3074056,
Colonia Jerusalén,Córdoba,Argentina,50,-32.8330198,-62.17796577,
Colonia San Eugenio,Córdoba,Argentina,50,-34.24760976,-63.91975391,
La Estancia,Córdoba,Argentina,50,-29.91389164,-63.85748348,
Colonia Norte,Córdoba,Argentina,50,-31.60474215,-63.83276251,
Villa Rafael Benegas,Córdoba,Argentina,50,-31.6409406,-64.95621832,
Puerta Los Montes,Córdoba,Argentina,50,-30.9281041,-62.59638606,
Abra del Manzano,Córdoba,Argentina,50,-31.23406723,-62.74087366,
Campo Nigro Norte,Córdoba,Argentina,50,-32.0314737,-63.47889814,
Belén,Córdoba,Argentina,50,-30.91953739,-64.15135737,
Colonia Norte,Santa Fe,Argentina,50,-33.43920354,-61.01778007,
Campo Iadanza,Santa Fe,Argentina,50,-32.95058137,-61.37466137,
La Christiani,Santa Fe,Argentina,50,-30.29419714,-61.75495123,
Colonia San Antonio,Entre Ríos,Argentina,50,-31.78851981,-58.26871899,
La Peregrina,Entre Ríos,Argentina,50,-33.4961167,-58.86276839,
Hucal,La Pampa,Argentina,50,-37.79114203,-64.02525366,
Jagüel del Monte,La Pampa,Argentina,50,-36.68501468,-65.7829023,
Las Piedritas,La Pampa,Argentina,50,-35.49209802,-64.84606868,
Puesto de los Conejos,La Rioja,Argentina,50,-31.56726281,-66.19547026,
La Lomita,La Rioja,Argentina,50,-31.92082239,-66.46532156,
Joyango,Catamarca,Argentina,50,-28.09670313,-66.12507382,
Sayate,Jujuy,Argentina,50,-22.88025314,-65.81079103,
La Cueva,Jujuy,Argentina,50,-22.89985635,-65.36863236,
Chorrillos,Jujuy,Argentina,50,-23.12930411,-65.36667747,
Siete Aguas,Jujuy,Argentina,50,-23.85417846,-64.41882021,
El Alisal,Salta,Argentina,50,-24.84784553,-65.71693131,
Cuatro Esquinas,Santiago del Estero,Argentina,50,-26.23119983,-62.83436615,
Pozo del Campo,Santiago del Estero,Argentina,50,-28.44465117,-64.9823716,
Inti Huasi,Santiago del Estero,Argentina,50,-29.46000514,-63.64468054,
Quimilioj,Santiago del Estero,Argentina,50,-26.15277501,-64.10605862,
Santa Teresita,Tucumán,Argentina,50,-27.20824007,-65.28171721,
La Sara,Chaco,Argentina,50,-25.53001031,-62.57676546,
Corzuela Norte,Chaco,Argentina,50,-26.89819154,-61.02809056,
Cabeza de Buey,Chaco,Argentina,50,-25.64561657,-60.47366721,
Los Ciénagos,Chaco,Argentina,50,-25.14252839,-61.25816034,
La Loma,Chaco,Argentina,50,-25.82477424,-60.03740413,
Lote 7,Chaco,Argentina,50,-26.00942108,-59.97230129,
Fortín Nuevo Pilcomayo,Formosa,Argentina,50,-23.87776705,-60.89335751,
Soldado E. Sosa,Formosa,Argentina,50,-26.38369039,-58.97330371,
Comunidad Aborigen Wichi Fwinafwas,Formosa,Argentina,50,-24.06430126,-62.03170455,
Colonia Siete Quebrachos,Formosa,Argentina,50,-25.28740531,-59.89700955,
La Soledad,Formosa,Argentina,50,-25.28109613,-60.1186277,
San Blas,Formosa,Argentina,50,-24.98334802,-58.63917964,
Itá Pucá,Corrientes,Argentina,50,-29.37159049,-57.67748273,
Colonia San Gregorio Norte,Corrientes,Argentina,50,-30.57815627,-57.94087104,
Empedrado Limpio,Corrientes,Argentina,50,-27.79040745,-58.35470432,
Viluco,Mendoza,Argentina,50,-33.90354881,-69.03421285,
Balde de Piedra,Mendoza,Argentina,50,-33.05036689,-68.06789546,
La Cienaguita,Mendoza,Argentina,50,-33.16067608,-67.86685219,
San Pedro,San Luis,Argentina,50,-32.9665413,-66.69942284,
San Isidro,San Luis,Argentina,50,-32.53558435,-65.52461097,
Nompehuén,Neuquén,Argentina,50,-39.13086811,-71.27263291,
El Chenque,Neuquén,Argentina,50,-39.18063514,-69.75649139,
Mina Santa Teresita,Río Negro,Argentina,50,-40.92810102,-69.39854014,
Rentería,Río Negro,Argentina,50,-39.34044164,-68.43734188,
Entre Lomas,Río Negro,Argentina,50,-38.21500996,-68.08053261,
El Rincón,Chubut,Argentina,50,-42.50771141,-71.46625746,
El Molle,Chubut,Argentina,50,-43.73380953,-70.03974117,
Bahía Laura,Santa Cruz,Argentina,50,-48.39389007,-66.47819406,
Cascada,Buenos Aires,Argentina,49,-37.29250009,-62.2971962,
Las Rosas,Buenos Aires,Argentina,49,-36.88385131,-59.53404349,
Paraje La Estrella,Buenos Aires,Argentina,49,-33.983881,-60.07409108,
La Verde,Buenos Aires,Argentina,49,-34.49929533,-60.5638197,
Santa Isabel,Buenos Aires,Argentina,49,-35.00074069,-59.61073622,
El Chumbado,Buenos Aires,Argentina,49,-36.02239494,-60.31725402,
Volta,Buenos Aires,Argentina,49,-34.88889913,-62.63579789,
La Indiana,Buenos Aires,Argentina,49,-36.83544398,-62.79796061,
La Luisa,Buenos Aires,Argentina,49,-38.60417478,-59.28237153,
Campo Striebeck,Buenos Aires,Argentina,49,-36.79616209,-60.31254898,
Juan Gregorio Pujol,Buenos Aires,Argentina,49,-33.67245474,-60.29424573,
San José,Buenos Aires,Argentina,49,-36.55333357,-58.77861073,
Santa Adela,Buenos Aires,Argentina,49,-36.55109839,-58.91273033,
La Amalia,Buenos Aires,Argentina,49,-34.47822092,-59.50138583,
Choique,Buenos Aires,Argentina,49,-38.46968013,-62.69582059,
Nueva Roma,Buenos Aires,Argentina,49,-38.54171824,-62.63100396,
San Pedro,Buenos Aires,Argentina,49,-36.40196728,-62.59795925,
La Cortadera,Córdoba,Argentina,49,-31.66709678,-65.37576473,
La Brianza,Córdoba,Argentina,49,-33.42548498,-64.12608749,
Tres Pozos,Córdoba,Argentina,49,-32.40773164,-64.10562505,
Pozo del Moro,Córdoba,Argentina,49,-30.85718316,-63.57923646,
San Jerónimo,Córdoba,Argentina,49,-31.60081268,-65.11144767,
Boca del Río,Córdoba,Argentina,49,-30.98868176,-62.93047525,
Campo Las Víboras,Córdoba,Argentina,49,-31.56185114,-62.62012051,
San Salvador,Córdoba,Argentina,49,-30.53377335,-63.6056712,
Colonia Iturraspe,Santa Fe,Argentina,49,-31.47869244,-61.62104695,
Colonia Albertengo,Santa Fe,Argentina,49,-34.19485347,-62.68279373,
Berreta,Santa Fe,Argentina,49,-32.93195205,-61.26221751,
Estación Rincón del Quebracho,Santa Fe,Argentina,49,-30.70811065,-60.65965639,
Colonia La Hosca,Santa Fe,Argentina,49,-30.00132439,-60.48441342,
Las Gamas,Santa Fe,Argentina,49,-29.39416982,-60.43063122,
La Josefina,Santa Fe,Argentina,49,-28.75011905,-59.8662198,
Costa Uruguay Norte,Entre Ríos,Argentina,49,-32.98245548,-58.34337028,
Sauce,Entre Ríos,Argentina,49,-32.27664414,-59.50203639,
Colonia Oficial 5,Entre Ríos,Argentina,49,-31.57522721,-58.33404272,
El Tala,La Rioja,Argentina,49,-29.61924202,-66.89748548,
La Aguada,La Rioja,Argentina,49,-30.69614771,-66.24742509,
El Rodeo,La Rioja,Argentina,49,-31.22230151,-66.73125426,
La Consulta,La Rioja,Argentina,49,-31.62147919,-66.51968071,
Río de la Dorada,Catamarca,Argentina,49,-29.28903242,-65.48654697,
Chuquisaca,Catamarca,Argentina,49,-27.1136952,-67.70282713,
El Maray,Salta,Argentina,49,-25.17943942,-65.77406414,
Los Noques,Salta,Argentina,49,-24.55515154,-65.10795698,
Campo Alegre,Salta,Argentina,49,-24.57091344,-65.37215539,
La Cabaña,Salta,Argentina,49,-25.61956521,-66.18250527,
San Francisco de Tuctuca,Salta,Argentina,49,-22.41571862,-65.25800426,
Lote 87,Santiago del Estero,Argentina,49,-26.80178424,-62.14813223,
Rumioj,Santiago del Estero,Argentina,49,-27.51117177,-64.08231804,
Yacu Hurmana,Santiago del Estero,Argentina,49,-27.71582115,-63.55470332,
San Ramón,Santiago del Estero,Argentina,49,-27.817915,-64.86728356,
El Aibal,Santiago del Estero,Argentina,49,-29.53534165,-62.51818413,
La Verde,Santiago del Estero,Argentina,49,-28.1715325,-63.76941132,
Rodeo Grande,Tucumán,Argentina,49,-26.46840044,-65.58164768,
Sierrita San José,Misiones,Argentina,49,-27.73017399,-55.7312467,
Río Yaboty,Misiones,Argentina,49,-27.14657938,-53.95413764,
El Porvenir,Misiones,Argentina,49,-26.95316199,-55.02264969,
El Atajito,Chaco,Argentina,49,-27.30578622,-58.71551824,
Campo Grande,Chaco,Argentina,49,-24.73161529,-61.93582002,
Colonia Suriz,Chaco,Argentina,49,-27.20967453,-59.22845289,
El Tacuruzal,Chaco,Argentina,49,-26.30359245,-60.08307329,
La Selva,Chaco,Argentina,49,-27.02601079,-61.07377493,
El Aibal El Silencio,Formosa,Argentina,49,-24.39299728,-61.69804623,
Paraje Mbiguá,Formosa,Argentina,49,-26.54223212,-58.50710448,
Tres Pozos Sur,Formosa,Argentina,49,-25.1637145,-60.19030322,
El Bellaco,Formosa,Argentina,49,-26.10048979,-59.65112875,
Muchas Islas,Corrientes,Argentina,49,-28.38427205,-58.79319876,
Abra Guazú,Corrientes,Argentina,49,-30.07858527,-59.40437684,
Pago Redondo,Corrientes,Argentina,49,-29.55484303,-59.19191202,
Zanjón Frías,Mendoza,Argentina,49,-32.90967188,-68.9036137,
El Carapacho,Mendoza,Argentina,49,-35.81426867,-69.18993273,
Los Pocitos,Mendoza,Argentina,49,-35.03165175,-69.39798015,
Pozo del Molle,San Luis,Argentina,49,-32.54013898,-66.14903909,
Represa del Carmen,San Luis,Argentina,49,-33.06119221,-66.97883454,
El Durazno,San Luis,Argentina,49,-33.1703068,-66.14125963,
Pampa del Tamboreo,San Luis,Argentina,49,-33.06123569,-65.98750352,
La Esperanza,San Luis,Argentina,49,-32.71546171,-65.81860382,
Quintuco,Neuquén,Argentina,49,-38.16904349,-70.31654453,
Pampa Linda,Río Negro,Argentina,49,-41.23099808,-71.77299482,
Tricaco,Río Negro,Argentina,49,-39.55503181,-67.990118,
Colonia El Gualicho,Río Negro,Argentina,49,-39.06169246,-63.97992724,
El Capricho,Buenos Aires,Argentina,48,-37.85848469,-58.3952191,
Atilio Pessagno,Buenos Aires,Argentina,48,-35.80363218,-57.78998411,
Estación Monasterio,Buenos Aires,Argentina,48,-35.76415012,-57.92180188,
Coronel Marcelino Freyre,Buenos Aires,Argentina,48,-36.48602152,-62.04383984,
La Eufemia,Buenos Aires,Argentina,48,-38.32348052,-58.05920483,
Vilela,Buenos Aires,Argentina,48,-35.84688061,-59.03509556,
La Delia,Buenos Aires,Argentina,48,-35.16060431,-61.568033,
La Esmeralda,Buenos Aires,Argentina,48,-35.22310399,-61.39510765,
Las Nutrias,Buenos Aires,Argentina,48,-38.08095904,-58.45780358,
Torres,Buenos Aires,Argentina,48,-35.14925938,-59.70447418,
La Magnolia,Buenos Aires,Argentina,48,-38.36345037,-59.15046141,
Las Tres Marías,Buenos Aires,Argentina,48,-36.03627946,-63.2785385,
La Vanguardia,Buenos Aires,Argentina,48,-33.72776537,-60.8281529,
Manantiales Grandes,Buenos Aires,Argentina,48,-33.84278226,-60.34008266,
El Tonelero,Buenos Aires,Argentina,48,-33.44689248,-60.10305293,
Los Guaycos,Buenos Aires,Argentina,48,-35.56711773,-59.4394255,
La Sortija,Buenos Aires,Argentina,48,-38.11162661,-60.68891011,
Los Agrarios,Buenos Aires,Argentina,48,-36.43098546,-62.79805971,
Colonia Marina,Buenos Aires,Argentina,48,-37.3128345,-57.01401253,
Villa San José,Córdoba,Argentina,48,-31.27287618,-64.56187678,
Tasna,Córdoba,Argentina,48,-31.62920991,-65.1575153,
Villa Río Grande,Córdoba,Argentina,48,-32.21371158,-64.56664153,
Tres Árboles,Córdoba,Argentina,48,-30.93120884,-65.03644374,
Las Tuscas,Córdoba,Argentina,48,-30.1923578,-64.8939445,
Campo Mayol,Córdoba,Argentina,48,-33.75255965,-63.5898562,
Paso El Álamo,Córdoba,Argentina,48,-32.88463369,-63.7667777,
Campo La Albina,Córdoba,Argentina,48,-32.76016258,-62.03298085,
Copina,Córdoba,Argentina,48,-31.56367303,-64.69966795,
La Vuelta,Córdoba,Argentina,48,-31.10525951,-63.31387738,
Campo Marchand,Córdoba,Argentina,48,-31.52995071,-63.26818124,
Colonia La Taperita,Córdoba,Argentina,48,-31.67225554,-62.59186215,
El Perchel,Córdoba,Argentina,48,-30.14948183,-64.03602549,
Castellano Plaza,Santa Fe,Argentina,48,-31.15515012,-61.73388405,
Colonia El Empalme,Santa Fe,Argentina,48,-33.80172244,-62.04498465,
Estación Teodelina,Santa Fe,Argentina,48,-34.14312751,-61.47640844,
Colonia Adolfo Alsina,Santa Fe,Argentina,48,-30.67920712,-61.19578799,
Colonia San José,Santa Fe,Argentina,48,-31.86936127,-61.33545142,
Los Saladillos,Santa Fe,Argentina,48,-30.72812659,-60.27736772,
Laguna del Plata,Santa Fe,Argentina,48,-30.14283925,-60.17966203,
Kilómetro 28,Santa Fe,Argentina,48,-28.42856261,-59.86384331,
La Calandria,Entre Ríos,Argentina,48,-30.79917821,-58.65049356,
Colonia San Salvador,Entre Ríos,Argentina,48,-31.57907232,-58.50546424,
Olegario Víctor Andrade,Entre Ríos,Argentina,48,-32.33015079,-59.44784936,
Corral del Negro,La Rioja,Argentina,48,-30.58351583,-66.16223321,
Los Alaniz,La Rioja,Argentina,48,-30.79754582,-65.98714221,
Patquía Viejo,La Rioja,Argentina,48,-30.16731243,-66.94483411,
Isla Larga,Catamarca,Argentina,48,-28.23338453,-65.76105446,
Campo Los Caliva,Catamarca,Argentina,48,-27.18126903,-66.93909018,
Cincel,Jujuy,Argentina,48,-22.56065334,-66.03951617,
San José,Jujuy,Argentina,48,-22.13994617,-65.47386629,
San Pedro,Santiago del Estero,Argentina,48,-28.46803424,-64.86697634,
El Molle,Santiago del Estero,Argentina,48,-28.28880425,-63.51622993,
Los Pocitos,Santiago del Estero,Argentina,48,-25.75012031,-63.22906589,
Chichillal,Santiago del Estero,Argentina,48,-27.84219069,-63.19417334,
Rumi Pozo,Santiago del Estero,Argentina,48,-29.57561952,-63.51381212,
La Cañada,Santiago del Estero,Argentina,48,-26.64921652,-64.02008978,
La Trampa,Santiago del Estero,Argentina,48,-29.58906051,-63.16404547,
Los Chorrillos,Tucumán,Argentina,48,-26.344766,-64.9405834,
Villa Batiruana,Tucumán,Argentina,48,-27.63682904,-65.74435063,
La Ilusión,Chaco,Argentina,48,-25.5385391,-62.38712305,
Pampa Grande,Chaco,Argentina,48,-26.6374415,-61.18843504,
La Argentina,Chaco,Argentina,48,-25.88474733,-60.55252629,
Pampa Regimiento,Chaco,Argentina,48,-26.48812646,-60.70330184,
Tres Banderas,Chaco,Argentina,48,-26.5003035,-59.38485425,
Lote 90,Chaco,Argentina,48,-27.23874104,-60.89615284,
Pampa Brugnoli,Chaco,Argentina,48,-26.97324485,-61.25161398,
Pampa Suárez,Chaco,Argentina,48,-26.91281868,-61.17232465,
Colonia Santa Elena,Chaco,Argentina,48,-26.92184691,-59.77341775,
La Rinconada,Formosa,Argentina,48,-23.77175115,-61.26658759,
Lagunita,Formosa,Argentina,48,-23.42023405,-61.75009999,
Colonia San Pablo,Formosa,Argentina,48,-24.57475898,-59.65732375,
Colonia Tatané,Formosa,Argentina,48,-25.25632555,-59.70777438,
Pozo Hondo,Formosa,Argentina,48,-24.34006083,-60.23572236,
Batel,Corrientes,Argentina,48,-28.30274165,-58.01969917,
Puerto Rzepecki,Corrientes,Argentina,48,-27.31500094,-57.89279595,
Urrutia,Corrientes,Argentina,48,-27.58165593,-56.29008296,
Rosado Grande,Corrientes,Argentina,48,-28.60471234,-58.56536338,
Rincón de Animas,Corrientes,Argentina,48,-30.05493937,-58.58034664,
El Sifón,San Luis,Argentina,48,-32.58525441,-65.23761237,
Punta de la Loma,San Luis,Argentina,48,-32.68022913,-65.07725417,
Pozo del Chañar,San Luis,Argentina,48,-33.22015092,-66.42638039,
Lonco Mula,Neuquén,Argentina,48,-39.14250562,-71.23259852,
Caepe Malal,Neuquén,Argentina,48,-37.17944243,-70.39414184,
Lago Hermoso,Neuquén,Argentina,48,-40.37061827,-71.4566377,
Pichi Neuquén,Neuquén,Argentina,48,-36.62564265,-70.80640134,
Barrio La Costa,Río Negro,Argentina,48,-38.90375628,-68.06520992,
Los Carrizales,Buenos Aires,Argentina,47,-35.00675844,-60.40856365,
Colonia Philippson,Buenos Aires,Argentina,47,-37.34242131,-63.16095485,
Colonia Ortíz Basualdo,Buenos Aires,Argentina,47,-37.08614743,-57.87396118,
La Colorada,Buenos Aires,Argentina,47,-34.21277164,-59.83099402,
La Luna,Buenos Aires,Argentina,47,-38.84605279,-61.22226412,
Chelforó,Buenos Aires,Argentina,47,-37.99498855,-60.89007241,
San Ceferino,Buenos Aires,Argentina,47,-35.67382158,-58.13768258,
La Unión,Buenos Aires,Argentina,47,-36.50959507,-58.03776637,
Santa Yola,Buenos Aires,Argentina,47,-37.0438055,-57.06065693,
Tamberos Unidos,Buenos Aires,Argentina,47,-34.59248093,-63.38433879,
Las Balas,Buenos Aires,Argentina,47,-34.36958379,-61.5928,
La Colorada,Buenos Aires,Argentina,47,-34.88636341,-58.76104074,
Iturregui,Buenos Aires,Argentina,47,-36.82505941,-61.12527837,
Los Chilenos,Buenos Aires,Argentina,47,-36.93478294,-60.7230099,
Albariño,Buenos Aires,Argentina,47,-36.04802222,-62.12346719,
Álvarez,Buenos Aires,Argentina,47,-35.79857544,-61.80015849,
La Victoria,Buenos Aires,Argentina,47,-36.20757719,-58.64147533,
La Zanja,Buenos Aires,Argentina,47,-36.0510565,-62.87696069,
Lértora,Buenos Aires,Argentina,47,-35.92163402,-62.97876909,
Barrio Cerrado El Retiro,Buenos Aires,Argentina,47,-35.17477337,-58.06069447,
San Ignacio (Loteo Vélez Crespo),Córdoba,Argentina,47,-32.13033093,-64.52055102,
La Candelaria,Córdoba,Argentina,47,-31.09762009,-64.85566865,
Las Abras,Córdoba,Argentina,47,-30.64471725,-65.32533233,
Las Cañadas,Córdoba,Argentina,47,-31.37088384,-65.2549376,
Laguna del Monte,Córdoba,Argentina,47,-34.1620933,-62.83229229,
Las Gamas,Córdoba,Argentina,47,-32.47894601,-64.11344824,
Paraje Krisanich,Córdoba,Argentina,47,-32.3351763,-64.18951746,
Puente Los Molles,Córdoba,Argentina,47,-32.67575058,-64.0601744,
La Penca,Córdoba,Argentina,47,-30.13267131,-63.51746829,
La Angelina,Córdoba,Argentina,47,-31.94941298,-63.77455184,
Santa Rosa,Córdoba,Argentina,47,-31.5219891,-65.03991414,
San Pedro,Córdoba,Argentina,47,-31.75442096,-64.62691972,
Campo Santa Elena,Córdoba,Argentina,47,-33.13745506,-62.95910638,
San Pedro,Santa Fe,Argentina,47,-33.70462845,-61.17927904,
Parque El Ceibal,Santa Fe,Argentina,47,-31.48150776,-60.42005768,
El Tapialito,Santa Fe,Argentina,47,-28.88225044,-59.54855038,
Vizcacheras,Santa Fe,Argentina,47,-30.23038723,-61.06236732,
La Frontera,Santa Fe,Argentina,47,-30.49481047,-61.19109403,
Campo Dalmasso,Santa Fe,Argentina,47,-30.39399222,-61.58013254,
Los Cuervos,Santa Fe,Argentina,47,-29.69211739,-59.88818195,
El 38,Santa Fe,Argentina,47,-29.48423256,-60.5437237,
Puerto Perazzo,Entre Ríos,Argentina,47,-33.6616423,-59.24338048,
Colonia Oficial Nº 22,Entre Ríos,Argentina,47,-30.92374484,-59.72712555,
Colonia San Carlos,Entre Ríos,Argentina,47,-31.19563635,-59.66677426,
Colonia Sagastume,Entre Ríos,Argentina,47,-32.04286023,-58.72347727,
Urdane,La Pampa,Argentina,47,-37.39269858,-64.00591704,
Bajo de las Palomas,La Pampa,Argentina,47,-36.30553468,-64.52238188,
Puerto Alegre,La Rioja,Argentina,47,-29.31811409,-66.77019354,
San Bernardo,La Rioja,Argentina,47,-29.44853899,-66.00820751,
Paca Tala,La Rioja,Argentina,47,-30.63698978,-66.4385787,
El Potrerillo,La Rioja,Argentina,47,-31.14360697,-66.44112793,
El Tabique,Catamarca,Argentina,47,-27.78662186,-65.87130546,
Las Palmas,Catamarca,Argentina,47,-28.74201835,-66.18123211,
Los Chañaritos,Catamarca,Argentina,47,-28.78024357,-65.76226117,
El Cortador,Catamarca,Argentina,47,-27.82193109,-65.72552964,
Toro Yaco,Catamarca,Argentina,47,-26.52001897,-66.26814936,
Pueblo Viejo,Jujuy,Argentina,47,-22.82848416,-65.37035266,
Hurcuro,Salta,Argentina,47,-23.99359841,-66.30170117,
Santa Cruz,Salta,Argentina,47,-23.21928746,-64.9346007,
Las Tortugas,Salta,Argentina,47,-24.05991776,-63.24815406,
Ovando,Salta,Argentina,47,-25.81657339,-65.06333167,
Pucará,Salta,Argentina,47,-25.77550691,-66.26781973,
El Cadillal,Santiago del Estero,Argentina,47,-26.69404615,-63.68486181,
Sol de Mayo,Santiago del Estero,Argentina,47,-26.33975912,-63.01149785,
Santa Bárbara,Santiago del Estero,Argentina,47,-27.11090611,-64.36119553,
Santa Felisa,Santiago del Estero,Argentina,47,-26.15795752,-63.98058989,
Villa Estela,Santiago del Estero,Argentina,47,-25.85717688,-63.84085135,
Nueva Trinidad,Tucumán,Argentina,47,-27.68039746,-65.41161251,
Rincón de Quilmes,Tucumán,Argentina,47,-26.48024857,-66.08051966,
Mongay,Chaco,Argentina,47,-27.0364314,-58.64603225,
La Cheogue,Chaco,Argentina,47,-25.55204817,-60.8419325,
San Lorenzo,Chaco,Argentina,47,-25.69610038,-61.09183105,
Torre del Mirador,Chaco,Argentina,47,-25.56358618,-61.29347654,
Lote 50,Chaco,Argentina,47,-26.80424539,-60.90395366,
Lote 47,Chaco,Argentina,47,-27.31604076,-60.88278559,
Pampa San Martín,Chaco,Argentina,47,-27.02335842,-61.14299079,
Colonia La Preferida,Formosa,Argentina,47,-25.08043283,-60.04225421,
El Alambrado,Formosa,Argentina,47,-23.25750454,-62.16189054,
San Benito,Corrientes,Argentina,47,-27.38402731,-58.22577858,
Dos Vías,Corrientes,Argentina,47,-30.17463793,-57.70942722,
Lomas de Galarza,Corrientes,Argentina,47,-27.50699533,-58.06381081,
Guayamas,San Juan,Argentina,47,-31.71941299,-68.1336955,
Los Compartos,San Juan,Argentina,47,-31.57176604,-68.34806127,
Coihueco,Mendoza,Argentina,47,-36.15200359,-69.78651811,
El Jarillal,San Luis,Argentina,47,-32.85273146,-67.01641927,
Eleodoro Lobos,San Luis,Argentina,47,-33.39240758,-66.01568646,
Cuatro Esquinas,San Luis,Argentina,47,-33.26925192,-66.10794895,
Cuatro Esquinas,San Luis,Argentina,47,-32.91686895,-65.23094545,
La Bajada,San Luis,Argentina,47,-31.9655611,-65.70371272,
Los Gatos,San Luis,Argentina,47,-33.1289124,-66.36080962,
Naunauco,Neuquén,Argentina,47,-37.63216702,-70.17466684,
Ñireco,Neuquén,Argentina,47,-39.1032848,-70.40177717,
Paso de los Indios,Neuquén,Argentina,47,-38.54268376,-69.41579975,
El Rincón,Río Negro,Argentina,47,-41.77426207,-71.43000056,
Lipetrén,Río Negro,Argentina,47,-41.759124,-69.78750657,
Fitamiche,Chubut,Argentina,47,-42.01985219,-70.71677852,
La Garita,Buenos Aires,Argentina,46,-37.12131073,-58.44157891,
Campo Capecce,Buenos Aires,Argentina,46,-36.46090271,-61.11236674,
Húsares,Buenos Aires,Argentina,46,-35.52318959,-62.34533668,
Pedro Nicolás Escribano,Buenos Aires,Argentina,46,-35.56461444,-57.68473719,
La Copeta,Buenos Aires,Argentina,46,-36.76509453,-61.9877004,
Balneario La Chumbeada,Buenos Aires,Argentina,46,-35.72646094,-58.77622995,
San Marcelo,Buenos Aires,Argentina,46,-35.48998678,-58.56863925,
Santos Unzué,Buenos Aires,Argentina,46,-35.74604435,-60.86038721,
Colonia Sarmiento,Buenos Aires,Argentina,46,-36.31542953,-63.20918751,
Villa Da Fonte,Buenos Aires,Argentina,46,-33.93372615,-60.33840491,
Las Palmas,Buenos Aires,Argentina,46,-35.2887922,-57.37201923,
Durazno Chico,Buenos Aires,Argentina,46,-36.91182002,-58.98670034,
La Constancia,Buenos Aires,Argentina,46,-38.45753748,-60.29825164,
Nicolás Levalle,Buenos Aires,Argentina,46,-38.85092219,-62.87924613,
Ischilín,Córdoba,Argentina,46,-30.58005495,-64.36499323,
Puesto de los Rodríguez,Córdoba,Argentina,46,-30.4939953,-64.37443304,
Colonia Regernburguer,Córdoba,Argentina,46,-33.32497562,-62.55968191,
12 de Octubre,Córdoba,Argentina,46,-33.49657992,-64.11938428,
Colonia El Fortín,Córdoba,Argentina,46,-31.1215809,-63.1784717,
Agua de Oro,Córdoba,Argentina,46,-29.81391754,-63.75561293,
Santa Isabel,Córdoba,Argentina,46,-29.77232752,-63.45947104,
El Manantial,Córdoba,Argentina,46,-32.2426499,-65.17103993,
Campo Scarafiocca,Córdoba,Argentina,46,-32.02923832,-63.65225508,
Juan Manuel Estrada,Santa Fe,Argentina,46,-31.48961306,-61.90227364,
Merceditas,Santa Fe,Argentina,46,-33.95593613,-61.31918309,
Campo Marinsalta,Santa Fe,Argentina,46,-32.86333929,-61.43853202,
Las Trojas,Santa Fe,Argentina,46,-32.81350778,-61.44684067,
Colonia La Rinconada,Santa Fe,Argentina,46,-30.96940602,-61.25277998,
Nueva Colonia Las Estacas,Santa Fe,Argentina,46,-32.327073,-61.25346236,
Colonia Santa Isabel,Entre Ríos,Argentina,46,-31.7173921,-58.19620592,
Talitas,Entre Ríos,Argentina,46,-32.89154435,-59.08027073,
Tres Esquinas,Entre Ríos,Argentina,46,-32.91621044,-58.74912556,
Algarrobito Primero,Entre Ríos,Argentina,46,-32.2996598,-59.82594306,
Mascasín,La Rioja,Argentina,46,-31.39184164,-66.97887182,
Mischango,Catamarca,Argentina,46,-28.26140868,-66.13883963,
Pisungo,Jujuy,Argentina,46,-23.07420665,-65.64272641,
Cabeza de Anta,Salta,Argentina,46,-24.91616717,-64.46166599,
La Providencia,Salta,Argentina,46,-24.63773238,-63.27108727,
El Algarrobal,Salta,Argentina,46,-24.64554996,-64.91100809,
Esteban de Urizar,Salta,Argentina,46,-23.57309118,-64.11273696,
San Roque,Santiago del Estero,Argentina,46,-28.3484449,-63.43446641,
La Candelaria,Santiago del Estero,Argentina,46,-27.98483641,-64.4919589,
Santa Rosa,Santiago del Estero,Argentina,46,-27.94686504,-64.4832285,
Kilómetro 1342,Santiago del Estero,Argentina,46,-26.1918589,-61.92737329,
La Piamontesa,Santiago del Estero,Argentina,46,-28.68813035,-62.21393171,
Nueva Luján,Santiago del Estero,Argentina,46,-27.074271,-64.04347036,
Catamarca,Santiago del Estero,Argentina,46,-27.41255245,-62.90230065,
Las Lomas,Santiago del Estero,Argentina,46,-26.4262992,-64.09069886,
La Bolsa,Tucumán,Argentina,46,-26.79888295,-65.72500976,
Saltos del Tabay,Misiones,Argentina,46,-26.99968263,-55.17892023,
La Textil,Chaco,Argentina,46,-26.61993306,-58.72030585,
El Aguaray,Chaco,Argentina,46,-27.8641165,-61.68779465,
El Recreo Sur,Chaco,Argentina,46,-25.88614425,-61.12510439,
Pampa Verde,Chaco,Argentina,46,-26.5563373,-60.71654197,
Las Mercedes,Chaco,Argentina,46,-27.96485624,-59.36728744,
Sarandí,Corrientes,Argentina,46,-29.74278417,-58.05972367,
Colonia San Joaquín,Corrientes,Argentina,46,-27.62367686,-56.22781441,
Santa Ana,Corrientes,Argentina,46,-29.85974976,-57.43504021,
Caillar Cué,Corrientes,Argentina,46,-28.18027875,-56.44020353,
Agua Cercada,San Juan,Argentina,46,-30.80485649,-67.36633429,
Cuchillaco,San Juan,Argentina,46,-30.91083637,-67.31585848,
La Jaula,Mendoza,Argentina,46,-34.66541256,-69.3181897,
Salvador Molina,Tierra del Fuego,Argentina,46,-53.65827937,-68.60159974,
Invernada Vieja,Neuquén,Argentina,46,-36.90298572,-70.70308829,
Nahuel Pan,Chubut,Argentina,46,-42.95939559,-71.17504122,
Inocencio Sosa,Buenos Aires,Argentina,45,-35.71942981,-62.10952676,
Parish,Buenos Aires,Argentina,45,-36.51819262,-59.63269172,
Colonia La Merced,Buenos Aires,Argentina,45,-38.65173809,-62.49758119,
San Luis,Buenos Aires,Argentina,45,-36.43364694,-61.01535868,
Los Álamos,Buenos Aires,Argentina,45,-35.01890345,-58.81059404,
Arroyo de Luna,Buenos Aires,Argentina,45,-34.17322596,-59.97963832,
Villa Roth,Buenos Aires,Argentina,45,-34.9018253,-62.0841367,
Achaval,Buenos Aires,Argentina,45,-35.14431416,-61.29951493,
Campesinos Unidos,Buenos Aires,Argentina,45,-34.85789787,-63.16057145,
La Margarita,Buenos Aires,Argentina,45,-34.48064508,-62.29395194,
San Genaro,Buenos Aires,Argentina,45,-34.72420847,-63.23068026,
La Blanqueada,Buenos Aires,Argentina,45,-36.05481051,-58.82597954,
Malagamba,Buenos Aires,Argentina,45,-35.07301206,-57.86528745,
San Cala,Buenos Aires,Argentina,45,-38.03095506,-59.53167912,
Ancón,Buenos Aires,Argentina,45,-35.57614185,-61.84100843,
Colonia Carlos Arias,Buenos Aires,Argentina,45,-36.06510691,-61.79536292,
El Sartén,Buenos Aires,Argentina,45,-36.38476766,-58.12082214,
La Merced,Buenos Aires,Argentina,45,-35.37880248,-59.74979455,
Río Carabelas,Buenos Aires,Argentina,45,-34.1682346,-58.71465905,
Soconcho,Córdoba,Argentina,45,-32.05409875,-64.37940224,
La Brea,Córdoba,Argentina,45,-30.71199989,-65.2550514,
La Barranca,Córdoba,Argentina,45,-30.26542023,-64.46722369,
Colonia Maipú,Córdoba,Argentina,45,-33.4704463,-63.43880902,
Salguero,Córdoba,Argentina,45,-34.23473022,-63.42443727,
Colonia 25 de Mayo,Córdoba,Argentina,45,-33.15410362,-64.65221649,
Las Petacas,Córdoba,Argentina,45,-32.47911993,-63.98602128,
Rangel,Córdoba,Argentina,45,-31.12068146,-63.77948444,
Campo Fichetti,Córdoba,Argentina,45,-31.74885135,-63.37816024,
Punta del Agua,Córdoba,Argentina,45,-31.32775093,-63.01091878,
Golpe de Agua,Córdoba,Argentina,45,-31.84020316,-64.60451783,
Colonia Santa Catalina,Córdoba,Argentina,45,-32.07874261,-63.98547527,
Los Corralitos,Córdoba,Argentina,45,-32.94256266,-62.65028242,
Colonia La Inés,Santa Fe,Argentina,45,-34.07467193,-62.61551463,
Kilómetro 742,Santa Fe,Argentina,45,-29.36503834,-60.01685345,
Campo Carbonari,Santa Fe,Argentina,45,-32.95505304,-61.41794903,
Colonia Escribano,Santa Fe,Argentina,45,-33.26212355,-60.54935924,
Cerro Centinela,La Pampa,Argentina,45,-36.65431009,-67.31336815,
Tambillos,La Rioja,Argentina,45,-29.41791376,-67.80907937,
La Esperanza de los Cerrillos,La Rioja,Argentina,45,-29.86124801,-65.64956463,
San Juancito,Jujuy,Argentina,45,-24.38331206,-64.99519055,
Liviara,Jujuy,Argentina,45,-22.52106523,-66.33768306,
Muñayoc,Jujuy,Argentina,45,-22.69948073,-66.12998154,
Lote David,Jujuy,Argentina,45,-24.30982336,-64.86750827,
Alto Verde,Salta,Argentina,45,-24.27406333,-62.58700266,
Bélgica,Santiago del Estero,Argentina,45,-25.77810853,-62.53751483,
San Martín,Santiago del Estero,Argentina,45,-27.55864299,-63.00874379,
La Unión,Santiago del Estero,Argentina,45,-29.88497255,-62.10447845,
Pozo Hondo,Tucumán,Argentina,45,-27.89020925,-65.26864996,
Quilmes Bajo,Tucumán,Argentina,45,-26.49044339,-66.00906486,
Capón Bonito,Misiones,Argentina,45,-28.06814009,-55.58134641,
Pampa Cuvalo,Chaco,Argentina,45,-26.66035201,-61.05553918,
La Pobladora,Chaco,Argentina,45,-26.54699597,-60.46545818,
Campo del Cielo,Chaco,Argentina,45,-27.61003055,-61.68167327,
Colonia Campo Hermoso,Chaco,Argentina,45,-27.59695465,-61.13205879,
Pampa Tolosa Chica,Chaco,Argentina,45,-26.10106129,-60.86926607,
El Perdido,Chaco,Argentina,45,-26.5383116,-58.98828966,
Puesto Expedición,Chaco,Argentina,45,-26.46688479,-58.90715473,
Colonia Juan José Paso Norte,Chaco,Argentina,45,-27.49061106,-60.87554484,
Colonia Nicolás Avellaneda,Chaco,Argentina,45,-27.16347905,-60.51805792,
Colonia Lamadrid Sur,Chaco,Argentina,45,-26.74661569,-59.88781043,
La Represa,Formosa,Argentina,45,-23.81617716,-61.21131645,
San Camilo,Formosa,Argentina,45,-24.60800423,-61.40918407,
San Isidro,Formosa,Argentina,45,-26.47022355,-58.84910686,
El Salado,Formosa,Argentina,45,-25.89976821,-59.28987217,
Martínez Cué,Corrientes,Argentina,45,-27.58512282,-57.46036105,
Costa Grande,Corrientes,Argentina,45,-27.97297042,-58.47464839,
Real Cué,Corrientes,Argentina,45,-28.03011297,-58.67599255,
Paso Santillán,Corrientes,Argentina,45,-29.41953856,-58.89270627,
Itá Jhasé,Corrientes,Argentina,45,-28.85837043,-58.21289621,
Caza Pava,Corrientes,Argentina,45,-28.29169886,-56.11442816,
Los Baldecitos,San Juan,Argentina,45,-30.22154297,-67.69539336,
Las Horquetas,Mendoza,Argentina,45,-34.08781561,-66.71449216,
San Pablo,San Luis,Argentina,45,-33.03767147,-66.93064929,
Dique Vulpiani,San Luis,Argentina,45,-33.66037798,-65.53804956,
El Arenal,San Luis,Argentina,45,-32.70292384,-66.01212333,
Los Comedores,San Luis,Argentina,45,-32.72870884,-65.73184371,
El Molino,Río Negro,Argentina,45,-39.15119275,-64.94504697,
Garayalde,Chubut,Argentina,45,-44.68684501,-66.62093995,
Balneario San Cayetano,Buenos Aires,Argentina,44,-38.74810827,-59.43046959,
La Sarita,Buenos Aires,Argentina,44,-33.83851839,-60.20557448,
Palo Blanco,Buenos Aires,Argentina,44,-34.86628988,-57.82267297,
El Cabildo,Buenos Aires,Argentina,44,-36.15474669,-60.82985179,
Blaquier,Buenos Aires,Argentina,44,-34.30207476,-59.69550231,
El Triángulo,Buenos Aires,Argentina,44,-35.92472513,-57.71790643,
La Primavera,Buenos Aires,Argentina,44,-37.34405611,-61.93442487,
San Carlos,Buenos Aires,Argentina,44,-35.03791393,-59.88359559,
San Pedro,Buenos Aires,Argentina,44,-37.49704316,-61.40509177,
Coraceros,Buenos Aires,Argentina,44,-36.33744615,-61.77389089,
Plaza Montero,Buenos Aires,Argentina,44,-36.14843854,-59.1460539,
El Palomar,Buenos Aires,Argentina,44,-38.12752857,-59.10315894,
Mapis,Buenos Aires,Argentina,44,-36.77166289,-61.28553567,
El 80,Buenos Aires,Argentina,44,-36.29910319,-58.09757407,
El Zorro,Buenos Aires,Argentina,44,-36.14445965,-58.69322217,
Herrera,Buenos Aires,Argentina,44,-33.50788847,-60.13825388,
Pelicurá,Buenos Aires,Argentina,44,-38.19457205,-62.68969476,
Solache,Buenos Aires,Argentina,44,-35.29381901,-60.10826542,
Puerto Las Palmas,Buenos Aires,Argentina,44,-34.01993569,-59.12800085,
Pinares Country Club,Buenos Aires,Argentina,44,-34.35073081,-59.12476242,
Villa San Lorenzo,Córdoba,Argentina,44,-32.45545312,-64.58812868,
El Campito,Córdoba,Argentina,44,-34.728413,-63.93310338,
Campo Nata,Córdoba,Argentina,44,-33.16669828,-62.41831051,
Campo Novarino,Córdoba,Argentina,44,-33.5378607,-62.63707478,
Colonia Calchaquí,Córdoba,Argentina,44,-32.80770165,-62.17269159,
Agua del Crespín,Córdoba,Argentina,44,-31.08900887,-65.0494733,
Rara Fortuna,Córdoba,Argentina,44,-30.97360612,-65.22714324,
Colonia Santa Cristina,Córdoba,Argentina,44,-33.86828252,-63.69525082,
Colonia La Tercera,Córdoba,Argentina,44,-33.29392035,-64.09620439,
Díaz,Córdoba,Argentina,44,-31.41802871,-63.77887658,
Campo La Sirena,Córdoba,Argentina,44,-31.98066347,-63.0624575,
Colonia Nueva Francia,Córdoba,Argentina,44,-31.48931866,-62.64604989,
Colonia Pico Chaco,Córdoba,Argentina,44,-32.37999596,-62.78939438,
Campo El Rafango,Santa Fe,Argentina,44,-32.40611786,-61.69610564,
La Uno,Santa Fe,Argentina,44,-28.94475223,-59.78799861,
Maizales,Santa Fe,Argentina,44,-33.31828915,-60.96372332,
Kilómetro 282,Santa Fe,Argentina,44,-29.18734189,-60.15856497,
Primer Congreso,Entre Ríos,Argentina,44,-31.31265588,-59.32537787,
Santa Inés,Entre Ríos,Argentina,44,-30.73711071,-59.36121718,
La Lata,La Rioja,Argentina,44,-29.22045084,-66.09777376,
San Rafael,La Rioja,Argentina,44,-29.55461169,-66.37330764,
Bajo Hondo,La Rioja,Argentina,44,-31.68802393,-66.01354596,
La Horqueta,Catamarca,Argentina,44,-29.50706088,-65.38077623,
Famabalasto,Catamarca,Argentina,44,-26.78519299,-66.29470963,
Catua,Jujuy,Argentina,44,-23.87012694,-67.00449687,
Agua Caliente de la Puna,Jujuy,Argentina,44,-22.84171459,-66.07978542,
Timón Cruz,Jujuy,Argentina,44,-22.1924688,-66.15861476,
San Juan,Salta,Argentina,44,-25.08558755,-64.05846515,
Esquina de Quisto,Salta,Argentina,44,-24.53926569,-64.72368694,
San Martín de Zopota,Salta,Argentina,44,-22.84190411,-63.30633186,
El Molino de Cuesta Azul,Salta,Argentina,44,-22.59186922,-65.13129933,
Canteros,Salta,Argentina,44,-25.99178627,-64.43489203,
Campo La Paz,Salta,Argentina,44,-22.37027045,-65.14650058,
San Roque,Santiago del Estero,Argentina,44,-25.99683495,-62.82411375,
Campo y Cielo,Santiago del Estero,Argentina,44,-27.00316677,-63.67099235,
Suncho Pozo Alto,Santiago del Estero,Argentina,44,-28.56743932,-62.74737714,
San Andrés del Sur,Santiago del Estero,Argentina,44,-26.79774849,-64.30602484,
El Talar,Santiago del Estero,Argentina,44,-29.1613345,-63.70267819,
Los Troncos,Santiago del Estero,Argentina,44,-27.79472591,-63.90270817,
El Espinillo,Tucumán,Argentina,44,-26.75784093,-64.97554069,
Cochuna,Tucumán,Argentina,44,-27.3207785,-65.91408325,
Invernada,Misiones,Argentina,44,-27.32678849,-55.46424159,
La Selva,Chaco,Argentina,44,-25.80736316,-60.19383025,
Monte Caseros,Chaco,Argentina,44,-25.58999409,-61.09406953,
Lote 29,Chaco,Argentina,44,-26.66991505,-60.78989959,
Colonia General Necochea,Chaco,Argentina,44,-27.10747034,-61.18952013,
Rincón Grande,Formosa,Argentina,44,-25.27435495,-58.81537922,
Paso Lucero,Corrientes,Argentina,44,-28.23945341,-57.8247383,
Capitán Joaquín Madariaga,Corrientes,Argentina,44,-29.86487603,-58.25443879,
Garay,Corrientes,Argentina,44,-30.14825332,-58.33138142,
Paraje Libertad,Corrientes,Argentina,44,-27.74367697,-56.47482061,
El Pollo,Corrientes,Argentina,44,-27.85313523,-58.37991051,
Esquivel Cué,Corrientes,Argentina,44,-27.46589969,-58.45342488,
Costa del Lago,San Juan,Argentina,44,-31.44247723,-68.67589547,
Ramblón de la Pampa,Mendoza,Argentina,44,-33.70899713,-67.43680665,
Mosmota,San Luis,Argentina,44,-33.67117859,-66.97201385,
Santa Ana,San Luis,Argentina,44,-32.03983715,-65.39482264,
Huaraco,Neuquén,Argentina,44,-37.17734604,-70.65566245,
Laguna Miranda,Neuquén,Argentina,44,-38.9032943,-70.26808047,
Río Foyel,Río Negro,Argentina,44,-41.72236484,-71.45478576,
Pichi Leufú,Río Negro,Argentina,44,-41.03370172,-70.84984236,
Piedra Clavada,Santa Cruz,Argentina,44,-46.60013155,-68.53099907,
Riera,Santa Cruz,Argentina,44,-48.40430972,-70.55192713,
El Pensamiento,Buenos Aires,Argentina,43,-38.21647779,-61.31488884,
Luro,Buenos Aires,Argentina,43,-36.65000111,-62.11710611,
Pozo del Fuego,Buenos Aires,Argentina,43,-37.20949303,-57.9571504,
Cuartel XV,Buenos Aires,Argentina,43,-35.26386803,-58.67228776,
Tejedor Chico,Buenos Aires,Argentina,43,-35.41723349,-62.47093664,
Santa Isabel,Buenos Aires,Argentina,43,-38.1323338,-57.7433571,
Las Rosas,Buenos Aires,Argentina,43,-37.59896066,-57.6864782,
Las Cascadas,Buenos Aires,Argentina,43,-38.46051531,-58.76235443,
Ortíz Basualdo,Buenos Aires,Argentina,43,-34.02973284,-60.65524815,
Colonia La Reforma,Buenos Aires,Argentina,43,-38.70745295,-63.30498799,
El Bonete,Buenos Aires,Argentina,43,-36.49550678,-58.80344022,
La Celina,Buenos Aires,Argentina,43,-33.80037754,-59.65859039,
Haras Pozo de Luna,Buenos Aires,Argentina,43,-34.17681304,-59.23274805,
Mussi,Córdoba,Argentina,43,-31.43626278,-65.06600653,
Colonia Rocha,Córdoba,Argentina,43,-34.95694597,-64.6993486,
La Colorada,Córdoba,Argentina,43,-34.55524106,-64.37668559,
Piedras Grandes,Córdoba,Argentina,43,-31.08989566,-64.52857154,
La Guarida,Córdoba,Argentina,43,-32.19788557,-65.0843986,
Arroyo de los Leones,Córdoba,Argentina,43,-31.36861172,-63.06331836,
Campo Callerio,Córdoba,Argentina,43,-31.9949165,-62.73923217,
Colonia El Fortín,Córdoba,Argentina,43,-32.0474493,-62.27201191,
La Paz,Córdoba,Argentina,43,-30.95479548,-64.23066426,
El Durazno,Córdoba,Argentina,43,-30.27579619,-64.14227716,
Puerto Muchita,Córdoba,Argentina,43,-31.88894459,-64.54786514,
Cinco Esquinas,Santa Fe,Argentina,43,-33.82342456,-62.19140585,
La Británica,Santa Fe,Argentina,43,-28.84303423,-59.56740294,
Las Norias,Santa Fe,Argentina,43,-29.50276483,-61.79304588,
Colonia Doña Mariana,Santa Fe,Argentina,43,-29.89350919,-60.41885318,
Víboras,Entre Ríos,Argentina,43,-30.38922441,-58.63577706,
Colonia El Potrero,Entre Ríos,Argentina,43,-32.98248513,-58.42034603,
El Carancho,La Pampa,Argentina,43,-37.44521568,-65.07327429,
Trampa del Tigre,La Rioja,Argentina,43,-29.43059564,-66.74679279,
Las Lomitas,La Rioja,Argentina,43,-30.40509809,-66.5726738,
Ampujaco,Catamarca,Argentina,43,-27.44193429,-66.73527519,
Puesto Corral Grande,Jujuy,Argentina,43,-22.82496824,-66.39655142,
Churquiaguada,Jujuy,Argentina,43,-23.0720377,-65.38702714,
El Portillo,Jujuy,Argentina,43,-23.31579322,-65.60078748,
Río Grande,Jujuy,Argentina,43,-23.1377407,-65.65670871,
El Brete,Jujuy,Argentina,43,-24.23765591,-65.18188213,
Quenoal,Salta,Argentina,43,-23.11868698,-64.89267877,
El Trampeadero,Salta,Argentina,43,-23.04685247,-62.61263942,
Hornillos,Salta,Argentina,43,-22.33066069,-65.12643073,
La Frontera,Santiago del Estero,Argentina,43,-26.79257901,-63.07773664,
Jumial Grande,Santiago del Estero,Argentina,43,-26.39379799,-63.57920283,
La Chejchila,Santiago del Estero,Argentina,43,-27.14897606,-64.0153831,
El Negro,Santiago del Estero,Argentina,43,-26.87389322,-63.36237872,
Pozo Cavado,Santiago del Estero,Argentina,43,-27.62675292,-63.77332346,
El Guapo,Santiago del Estero,Argentina,43,-26.57300084,-63.90180595,
Tres Jazmines,Santiago del Estero,Argentina,43,-28.27956508,-63.94306708,
Pozo Barrancayoj,Santiago del Estero,Argentina,43,-28.30884907,-63.28614861,
Casas Viejas,Tucumán,Argentina,43,-27.77816861,-65.50958376,
Girasol,Chaco,Argentina,43,-26.66906634,-60.37696847,
Valdocco,Chaco,Argentina,43,-24.54222634,-62.22577947,
Papelhá,Corrientes,Argentina,43,-30.31102821,-59.45484734,
Tres Mojones,Corrientes,Argentina,43,-30.25860548,-59.4953369,
Buena Vista,Corrientes,Argentina,43,-27.85039531,-58.02248091,
Centinela,Corrientes,Argentina,43,-27.78969507,-55.83463699,
Cruz del Yugo,Mendoza,Argentina,43,-33.29645146,-67.47946357,
Pata Mora,Mendoza,Argentina,43,-37.20316308,-69.11323383,
La Maroma,San Luis,Argentina,43,-35.21392235,-66.32948611,
San Vicente,San Luis,Argentina,43,-32.30868246,-65.69087872,
Ñorquincó Sur,Río Negro,Argentina,43,-41.96716816,-70.87291832,
El Tropezón,Chubut,Argentina,43,-42.22370329,-70.90133609,
Pampa de los Guanacos,Chubut,Argentina,43,-45.29056024,-68.80402925,
La Angelita,Buenos Aires,Argentina,42,-36.83126656,-59.6242636,
La Primavera,Buenos Aires,Argentina,42,-36.52940457,-59.46318349,
La Carolina,Buenos Aires,Argentina,42,-35.91161696,-60.87265921,
El Séptimo,Buenos Aires,Argentina,42,-35.58299539,-61.43728599,
Laguna del Molle,Buenos Aires,Argentina,42,-38.23017321,-60.80096042,
Juan Chico,Buenos Aires,Argentina,42,-36.91050777,-57.19577097,
Buchanan,Buenos Aires,Argentina,42,-34.97584121,-58.22630694,
Cuartel VII,Buenos Aires,Argentina,42,-35.3572299,-59.18137407,
San Gregorio,Buenos Aires,Argentina,42,-36.70465849,-60.42821447,
La Reforma,Buenos Aires,Argentina,42,-35.66445728,-59.23194428,
Vagnoli,Buenos Aires,Argentina,42,-38.1603384,-59.45357608,
Sabbi,Buenos Aires,Argentina,42,-36.36778794,-59.98243354,
Berraondo,Buenos Aires,Argentina,42,-38.41523921,-62.81899629,
Colonia Sombra del Toro,Buenos Aires,Argentina,42,-38.23738574,-62.11998542,
Santa Clara al Sur,Buenos Aires,Argentina,42,-34.97833815,-58.49958599,
Paraje El Rosario,Buenos Aires,Argentina,42,-35.47204255,-58.7969103,
La Boca del Río,Córdoba,Argentina,42,-31.83997535,-64.43793669,
Potrero de Luján,Córdoba,Argentina,42,-32.06586269,-64.45203453,
Bajo Lindo,Córdoba,Argentina,42,-30.58069614,-65.49543993,
El Duraznal,Córdoba,Argentina,42,-30.43841177,-65.24378604,
Piedras Blancas,Córdoba,Argentina,42,-31.03954336,-65.01068041,
Pedro E. Funes,Córdoba,Argentina,42,-33.25972556,-63.29264792,
Capilla La Esperanza,Córdoba,Argentina,42,-31.12375772,-63.74104627,
Colonia San Rafael,Córdoba,Argentina,42,-31.52758258,-63.79739834,
Rincón Viejo,Córdoba,Argentina,42,-31.59764003,-63.70215149,
Campo La Soledad,Córdoba,Argentina,42,-31.74696973,-62.71978578,
Puesto Viejo,Córdoba,Argentina,42,-30.3433182,-64.00054932,
Villa San Antonio,Córdoba,Argentina,42,-30.76497188,-63.42715708,
Colonia Lussino,Santa Fe,Argentina,42,-32.5432901,-61.85102656,
Las Liebres,Santa Fe,Argentina,42,-32.34202384,-61.89729602,
Colonia La Manuelita,Santa Fe,Argentina,42,-31.02862174,-61.49499688,
Bajo Las Tunas,Santa Fe,Argentina,42,-31.66218422,-61.01071389,
Campo El 51,Santa Fe,Argentina,42,-32.27004409,-61.98495106,
Colonia El Trompo,Entre Ríos,Argentina,42,-30.97135917,-58.24582301,
El Gato,Entre Ríos,Argentina,42,-30.72976572,-59.01263786,
Paso Bravo,Entre Ríos,Argentina,42,-30.47576284,-58.73008452,
Pehuajó Norte,Entre Ríos,Argentina,42,-32.94333769,-58.52899739,
Quebracho,Entre Ríos,Argentina,42,-31.86493207,-60.08283818,
Colonia Los Toros,La Pampa,Argentina,42,-37.57544739,-63.54930291,
Laguna Guatraché,La Pampa,Argentina,42,-37.74989006,-63.53985633,
San Antonio,La Rioja,Argentina,42,-29.24172408,-66.15020655,
El Consuelo,La Rioja,Argentina,42,-30.76980734,-66.20374687,
Nueva Esperanza,La Rioja,Argentina,42,-31.91925839,-66.23441358,
Bajo Corral de Isaac,La Rioja,Argentina,42,-31.93500257,-66.36389265,
Potrero Grande,La Rioja,Argentina,42,-28.30969498,-68.24090574,
Represa de la Punta,La Rioja,Argentina,42,-30.20167806,-67.45418989,
Los Balverdis,Catamarca,Argentina,42,-28.2722912,-67.11330931,
Las Varitas,Catamarca,Argentina,42,-28.41830035,-65.85087109,
Los Nogales,Jujuy,Argentina,42,-24.11690283,-65.40337772,
Queta,Jujuy,Argentina,42,-22.67995842,-65.97227512,
El Remate,Jujuy,Argentina,42,-24.27558465,-65.15072744,
Guayatayoc,Jujuy,Argentina,42,-22.29145577,-66.04672379,
El Mollar,Jujuy,Argentina,42,-24.39933838,-64.83389138,
Quirquinchos,Jujuy,Argentina,42,-22.11056257,-65.36422532,
Matancillas de San Antonio,Salta,Argentina,42,-22.82664549,-64.91542643,
Mina Sijes,Salta,Argentina,42,-24.84054456,-66.75725619,
Nogalito,Salta,Argentina,42,-25.58379978,-64.92631621,
Fortín Resistencia,Salta,Argentina,42,-23.96260722,-62.52139949,
Divertidos,Salta,Argentina,42,-22.31823986,-62.97460224,
Arenal,Salta,Argentina,42,-25.91177191,-65.11856939,
Isonza,Salta,Argentina,42,-25.35616771,-65.85348702,
Colonia El Negrito,Santiago del Estero,Argentina,42,-26.26997216,-62.83435819,
Agustina Libarona,Santiago del Estero,Argentina,42,-26.78054754,-62.71435975,
Los Herrera,Santiago del Estero,Argentina,42,-27.35620402,-64.38962688,
Rincón del Valle,Santiago del Estero,Argentina,42,-26.02338374,-62.82522716,
Villa Matará,Santiago del Estero,Argentina,42,-28.1409882,-63.29390554,
Mariano Moreno,Misiones,Argentina,42,-26.36177199,-54.49294932,
El Pintado,Chaco,Argentina,42,-25.2971878,-63.0229535,
Lote 4 El Loro Blanco,Chaco,Argentina,42,-26.7069762,-61.18777968,
El Pozo de los Suris,Chaco,Argentina,42,-25.04486912,-61.44462911,
Pampa Cruz,Chaco,Argentina,42,-25.86447858,-60.25698419,
Pampa La Desatinada,Chaco,Argentina,42,-26.63444089,-60.61085428,
El Martillo,Chaco,Argentina,42,-26.2082884,-60.72302379,
San Miguel,Chaco,Argentina,42,-26.91704478,-58.98690198,
Lote 23,Chaco,Argentina,42,-27.66350031,-60.48060268,
Espinillos,Corrientes,Argentina,42,-28.22764467,-57.77881996,
Santa Rita,Corrientes,Argentina,42,-29.36058711,-57.07231077,
Campo Grande,Corrientes,Argentina,42,-27.44990384,-58.42436034,
Coihueco Norte,Mendoza,Argentina,42,-35.15021966,-69.6000226,
La Salinilla,Mendoza,Argentina,42,-36.27705785,-68.5668405,
Las Cuevas,Mendoza,Argentina,42,-33.21936438,-69.25877656,
La Botija,San Luis,Argentina,42,-32.23606535,-66.5784829,
San Roque,San Luis,Argentina,42,-32.1546465,-66.96283761,
San Felipe,San Luis,Argentina,42,-32.80712342,-65.46045735,
Las Vizcacheras,San Luis,Argentina,42,-33.60453084,-65.19228336,
El Estaquito,San Luis,Argentina,42,-32.51323323,-65.76738557,
Catán Lil,Neuquén,Argentina,42,-39.7430506,-70.60762051,
Guañaco Arriba,Neuquén,Argentina,42,-37.27508585,-70.85448464,
Ranquilón,Neuquén,Argentina,42,-37.77166512,-70.51581728,
Futa Ruin,Río Negro,Argentina,42,-41.63984135,-70.01516284,
Bajo Caracoles,Santa Cruz,Argentina,42,-47.4431725,-70.92688267,
Miramonte,Buenos Aires,Argentina,41,-36.30881004,-59.4359349,
Los Cuatro Vientos,Buenos Aires,Argentina,41,-36.06935535,-61.05701423,
Abethur,Buenos Aires,Argentina,41,-36.13536322,-57.71610341,
Puente Lago,Buenos Aires,Argentina,41,-34.9282341,-60.05096534,
Paraje San Martín,Buenos Aires,Argentina,41,-35.81126126,-58.73688342,
La Posta,Buenos Aires,Argentina,41,-36.82532098,-57.99033043,
Lozano,Buenos Aires,Argentina,41,-34.85151915,-59.05371466,
Alastuey,Buenos Aires,Argentina,41,-34.43913525,-59.20884079,
Lumb,Buenos Aires,Argentina,41,-38.21711826,-59.31321731,
Colonia Graciela,Buenos Aires,Argentina,41,-39.59995316,-62.56672454,
Pedro Gamen,Buenos Aires,Argentina,41,-35.64781261,-61.83969629,
Isla de las Hermanas,Buenos Aires,Argentina,41,-33.48008937,-59.97695944,
El Arsenal del Carmen,Buenos Aires,Argentina,41,-35.68622585,-60.10235481,
El Tropezón,Buenos Aires,Argentina,41,-34.06564441,-59.38680468,
La Barquita,Buenos Aires,Argentina,41,-34.16736892,-58.43202403,
Eufemio Uballes,Buenos Aires,Argentina,41,-36.64315256,-60.0541699,
García del Río,Buenos Aires,Argentina,41,-38.36342238,-62.20566537,
La Candelaria,Buenos Aires,Argentina,41,-36.12211223,-62.22133263,
Atos Pampa,Córdoba,Argentina,41,-31.98890742,-64.69352274,
Colonia White,Córdoba,Argentina,41,-34.91077489,-63.43453005,
Campo Santa María,Córdoba,Argentina,41,-32.78014146,-64.23571289,
San Ambrosio,Córdoba,Argentina,41,-33.23292176,-64.16716831,
Capilla de Dolores,Córdoba,Argentina,41,-31.26037533,-63.77792773,
Laguna de Ansenusa,Córdoba,Argentina,41,-30.9385819,-62.88755667,
Plaza Bruno,Córdoba,Argentina,41,-31.5383802,-63.1842116,
Colonia Ceferina,Córdoba,Argentina,41,-31.04187591,-62.1297387,
San Antonio Norte,Córdoba,Argentina,41,-31.76648641,-64.21952817,
Finca del Sol,Córdoba,Argentina,41,-31.25302269,-64.24618893,
Campo Marinzalda,Santa Fe,Argentina,41,-32.75169908,-61.73711595,
Campo Gerardo,Santa Fe,Argentina,41,-34.17165668,-61.61375105,
Colonia Belgrano,Santa Fe,Argentina,41,-28.58811569,-61.55838783,
Colonia Sager,Santa Fe,Argentina,41,-29.50080368,-59.92397578,
Campo Ulla,Santa Fe,Argentina,41,-32.26346842,-61.75829858,
El Campanal,Santa Fe,Argentina,41,-28.96501681,-60.36699155,
Arroyo Maturrango,Entre Ríos,Argentina,41,-31.65249788,-59.96752543,
Colonia Espíndola,Entre Ríos,Argentina,41,-31.90166271,-58.80635617,
La Natural,La Pampa,Argentina,41,-37.30432521,-63.55711416,
Villa Chepes,La Rioja,Argentina,41,-31.26006557,-66.5855722,
La Bajada,Catamarca,Argentina,41,-28.37493096,-65.61999735,
Costa de Reyes,Catamarca,Argentina,41,-28.29550019,-67.69464538,
El Chorro,Catamarca,Argentina,41,-28.95906158,-65.57535163,
La Gruta,Catamarca,Argentina,41,-28.42061467,-65.79826986,
Caballa,Catamarca,Argentina,41,-29.00112408,-65.3505581,
Santo Domingo,Catamarca,Argentina,41,-29.12412838,-65.23402623,
Corral de Piedra,Jujuy,Argentina,41,-23.9866712,-65.24999663,
Ronque,Jujuy,Argentina,41,-23.05129466,-65.31153763,
Media Luna,Salta,Argentina,41,-23.42726221,-63.38939597,
Las Trancas,Salta,Argentina,41,-22.6772104,-65.17794971,
La Brea,Salta,Argentina,41,-23.11566978,-62.78460766,
Santa María,Salta,Argentina,41,-25.79577939,-64.4967955,
El Valle,Santiago del Estero,Argentina,41,-26.15941939,-63.23104333,
Buenos Aires,Santiago del Estero,Argentina,41,-25.81947116,-63.0624597,
La Soledad,Santiago del Estero,Argentina,41,-29.38288554,-63.73246563,
La Donosa,Santiago del Estero,Argentina,41,-27.43081063,-64.98076361,
Nueva Ceres,Santiago del Estero,Argentina,41,-29.88484044,-62.0809855,
Los Cuenca,Tucumán,Argentina,41,-27.79097909,-65.30225002,
Colonia Elisa,Tucumán,Argentina,41,-26.94379581,-65.2016523,
La Cañada,Tucumán,Argentina,41,-27.76090161,-65.05687802,
Sud de Lazarte,Tucumán,Argentina,41,-27.54675068,-65.18081588,
El Abra,Tucumán,Argentina,41,-26.69025958,-65.38086863,
Lote 15,Chaco,Argentina,41,-27.76018425,-61.26149444,
La Flecha,Chaco,Argentina,41,-26.99493847,-60.73693594,
Santa Victoria,Chaco,Argentina,41,-25.49764697,-60.89122387,
Pato Real,Chaco,Argentina,41,-26.5878916,-60.22534243,
Colonia La Colorada,Chaco,Argentina,41,-27.62521564,-60.8855831,
Paso Polenta,Formosa,Argentina,41,-26.38350764,-58.42465786,
Colonia La Sierva,Formosa,Argentina,41,-25.49931631,-60.08615363,
Colonia Tajerey,Formosa,Argentina,41,-24.98514364,-59.06464771,
Campo San Rafael,Formosa,Argentina,41,-26.2767824,-59.01804402,
El Coatí,Formosa,Argentina,41,-25.72340821,-59.62825886,
Lobory,Corrientes,Argentina,41,-29.7087724,-58.51909354,
Álamos,Corrientes,Argentina,41,-29.22865526,-59.123428,
Tacuará,Corrientes,Argentina,41,-27.69175214,-58.15829387,
Algarrobal,Corrientes,Argentina,41,-28.88209623,-58.78536831,
Hualtarán,San Luis,Argentina,41,-32.46799712,-66.96103021,
Mármol Verde,San Luis,Argentina,41,-32.94492963,-65.87894204,
Lago Rucachoroi,Neuquén,Argentina,41,-39.23154133,-71.17851168,
El Sauce,Neuquén,Argentina,41,-39.66676137,-70.14073938,
Lago Paimún,Neuquén,Argentina,41,-39.7148863,-71.54464309,
Confluencia del Malleo,Neuquén,Argentina,41,-39.83275603,-70.90200217,
Villa Unión,Neuquén,Argentina,41,-39.49064515,-69.48849102,
El Salado,Santa Cruz,Argentina,41,-48.72634051,-67.70169485,
Trongé,Buenos Aires,Argentina,40,-36.46317321,-62.48472726,
Shaw,Buenos Aires,Argentina,40,-36.62373286,-59.72655444,
Los Mirasoles,Buenos Aires,Argentina,40,-38.46730487,-62.00677334,
El Vigilante,Buenos Aires,Argentina,40,-37.68377371,-57.75467049,
Colonia San Salvador del Valle,Buenos Aires,Argentina,40,-36.01019083,-60.20959394,
San Bernardo,Buenos Aires,Argentina,40,-36.85266657,-58.15262599,
Gondra,Buenos Aires,Argentina,40,-34.74704002,-63.35973019,
Santa Rosa,Buenos Aires,Argentina,40,-34.39886503,-60.86221398,
Rocha,Buenos Aires,Argentina,40,-37.14639863,-60.97711458,
Grassetti,Buenos Aires,Argentina,40,-33.61683713,-60.15193736,
Zino,Buenos Aires,Argentina,40,-33.59837928,-60.13895341,
Juan Atucha,Buenos Aires,Argentina,40,-35.54495545,-59.35076905,
Campo Vela,Buenos Aires,Argentina,40,-35.56181503,-59.57446089,
Colonia Rincón de la Espuela,Buenos Aires,Argentina,40,-39.44770695,-62.96581874,
Lote 39,Buenos Aires,Argentina,40,-39.01357447,-63.08759708,
El Tatú,Buenos Aires,Argentina,40,-34.147402,-59.16765065,
Villa Santa Rita,Córdoba,Argentina,40,-31.97148855,-64.42613596,
Árbol Blanco,Córdoba,Argentina,40,-30.15103352,-64.72019199,
Colonia Molles,Córdoba,Argentina,40,-32.44131766,-62.180859,
Totora Huasi,Córdoba,Argentina,40,-30.90094668,-65.36444379,
Colonia Santa Clara,Córdoba,Argentina,40,-34.33413515,-63.72711796,
La Suela,Córdoba,Argentina,40,-31.6443611,-64.59031201,
Chañaritos,Córdoba,Argentina,40,-33.29073237,-64.81585952,
Estación Achiras,Córdoba,Argentina,40,-33.21627368,-65.00507258,
La Escondida,Córdoba,Argentina,40,-32.6755179,-64.51661291,
Puerta Colorada,Córdoba,Argentina,40,-32.46897927,-64.20377104,
Bañado de Paja,Córdoba,Argentina,40,-31.84933674,-65.25475572,
Colonia San Rafael,Córdoba,Argentina,40,-31.11117946,-62.83100775,
Santa Ana,Córdoba,Argentina,40,-29.84127343,-63.83594558,
Las Bandurrias,Córdoba,Argentina,40,-30.80946804,-63.69715221,
Colonia El Balquín,Córdoba,Argentina,40,-33.59560985,-62.98290195,
Colonia La Esperanza,Córdoba,Argentina,40,-32.63971708,-62.85380799,
Colonia Yanzi,Córdoba,Argentina,40,-32.46434734,-62.74351295,
Campo Charo,Santa Fe,Argentina,40,-32.80893783,-61.75048573,
Campo La Oriental,Santa Fe,Argentina,40,-32.34255957,-61.72173368,
Colonia Las Flores,Santa Fe,Argentina,40,-33.12918519,-61.22776914,
Campo Cullak,Santa Fe,Argentina,40,-34.05772203,-62.56201924,
Fortín Arenales,Santa Fe,Argentina,40,-28.85484341,-59.69928733,
Campo Piccoli,Santa Fe,Argentina,40,-28.46703594,-59.45424731,
Los Charabones,Santa Fe,Argentina,40,-29.17309513,-61.84482937,
Monte Las Avispas Negras,Santa Fe,Argentina,40,-29.90888308,-61.4179468,
Achiras,Entre Ríos,Argentina,40,-31.00481064,-59.16791134,
Rincón de Mesa,Entre Ríos,Argentina,40,-30.21784636,-58.6635841,
Chiqueros,Entre Ríos,Argentina,40,-32.15932822,-59.51987534,
Colonia Nueva Itatí,Entre Ríos,Argentina,40,-31.45161595,-58.70675588,
Ruca Pire,La Pampa,Argentina,40,-35.57005579,-64.10270118,
El Simbolar,La Rioja,Argentina,40,-30.54238461,-66.03785369,
Humaya,Catamarca,Argentina,40,-27.88244513,-65.98405826,
Paloma Yaco,Catamarca,Argentina,40,-27.00813636,-66.53266552,
Las Higueras,Salta,Argentina,40,-22.74878666,-65.10172975,
Castañares,Salta,Argentina,40,-25.47181245,-65.53703979,
Entre Ríos,Salta,Argentina,40,-25.44542266,-65.63194927,
La Romelia,Santiago del Estero,Argentina,40,-29.63288693,-62.04306746,
Alto Pozo,Santiago del Estero,Argentina,40,-27.38220239,-64.47258207,
Santa Justina,Santiago del Estero,Argentina,40,-28.02745541,-61.74120877,
Cachi,Santiago del Estero,Argentina,40,-29.53564119,-63.82323212,
El Socorro,Santiago del Estero,Argentina,40,-26.50246512,-64.30167529,
Sitkioj,Santiago del Estero,Argentina,40,-28.63101602,-63.38397618,
Colonia 6,Tucumán,Argentina,40,-26.99006863,-65.39380478,
Los Chañares,Tucumán,Argentina,40,-26.53574048,-66.10397698,
Hualinchay,Tucumán,Argentina,40,-26.3024149,-65.61478462,
Colonia Pampa Bolsa Norte,Chaco,Argentina,40,-26.41706833,-61.08723203,
Colonia San Antonio,Chaco,Argentina,40,-27.2279958,-61.36854184,
Pampa Galván,Chaco,Argentina,40,-27.36434695,-61.11244734,
El Corredero,Chaco,Argentina,40,-25.75415644,-60.39548434,
El Progreso,Chaco,Argentina,40,-25.99962268,-60.9009461,
Campo Pitteri,Chaco,Argentina,40,-26.63562748,-59.40394742,
Colonia Ombú,Chaco,Argentina,40,-25.95619533,-59.89909127,
El Triángulo,Chaco,Argentina,40,-27.16624879,-60.86893383,
Colonia Tacuarí,Chaco,Argentina,40,-27.88169213,-59.12579299,
Lote 25,Chaco,Argentina,40,-27.66926042,-60.26940994,
Las Mochas,Formosa,Argentina,40,-24.86757326,-59.84474894,
Rincón del Madrejón,Corrientes,Argentina,40,-28.00251087,-58.62251177,
Pichi Ciego,Mendoza,Argentina,40,-33.58558455,-68.07608065,
Pozo del Tala,San Luis,Argentina,40,-32.60271424,-66.29151321,
Ojo del Río,San Luis,Argentina,40,-32.43322725,-65.19974488,
Los Chañares,San Luis,Argentina,40,-32.23811847,-65.33871406,
Huayquimil,Neuquén,Argentina,40,-40.22421365,-70.31027371,
Barrio Moño Azul,Río Negro,Argentina,40,-39.13584825,-66.89479696,
Colonia Mauricio,Buenos Aires,Argentina,39,-35.52444133,-61.43709253,
La Carreta,Buenos Aires,Argentina,39,-36.20373136,-62.23546363,
Loma de Sanders,Buenos Aires,Argentina,39,-36.98895832,-58.37345466,
San Pedro,Buenos Aires,Argentina,39,-36.39010535,-59.63044276,
Alférez San Martín,Buenos Aires,Argentina,39,-38.63225347,-62.52834652,
Colonia La Piedra,Buenos Aires,Argentina,39,-36.00287014,-61.36161541,
Al Ver Verás,Buenos Aires,Argentina,39,-36.39005432,-57.69494693,
Fortín Esperanza,Buenos Aires,Argentina,39,-35.98849117,-60.1278129,
El Caleu,Buenos Aires,Argentina,39,-36.66340542,-58.07716753,
Enrique Fynn,Buenos Aires,Argentina,39,-34.82181651,-59.1356267,
Magnasco,Buenos Aires,Argentina,39,-34.87996029,-58.99145032,
Las Violetas,Buenos Aires,Argentina,39,-36.74413372,-57.14337261,
Álamos,Buenos Aires,Argentina,39,-36.8992861,-62.3600074,
La Colonia,Buenos Aires,Argentina,39,-35.84900568,-59.48770197,
La Esperanza,Buenos Aires,Argentina,39,-34.45852378,-61.44190292,
La Permanente,Buenos Aires,Argentina,39,-34.56730773,-61.82826559,
Cambaceres,Buenos Aires,Argentina,39,-35.55417789,-61.12505348,
Las Tunas,Buenos Aires,Argentina,39,-35.41422942,-59.48399424,
María Antonieta,Buenos Aires,Argentina,39,-35.70766621,-59.54783029,
La Primavera,Buenos Aires,Argentina,39,-34.413058,-59.41072616,
La Querencia,Buenos Aires,Argentina,39,-38.17924217,-62.27298,
Colonia San Juan de Bellocq,Buenos Aires,Argentina,39,-38.26712837,-60.40062781,
Country El Mirador,Buenos Aires,Argentina,39,-35.31310918,-58.05871164,
San Francisco,Córdoba,Argentina,39,-32.58599136,-64.58633786,
Campo San Juan,Córdoba,Argentina,39,-33.21263279,-63.56219875,
Colonia Sick,Córdoba,Argentina,39,-33.3987451,-62.23633064,
Alto Sierra,Córdoba,Argentina,39,-31.05505257,-65.34259759,
Campo La Calera,Córdoba,Argentina,39,-32.66764939,-64.22992143,
Laguna Seca,Córdoba,Argentina,39,-33.32335339,-64.9038616,
La Ventana,Córdoba,Argentina,39,-31.53022033,-64.8640455,
La Primavera,Córdoba,Argentina,39,-31.97927577,-65.26200229,
Alto de Flores,Córdoba,Argentina,39,-30.37948224,-64.041662,
Sauce Punco,Córdoba,Argentina,39,-30.44512952,-64.27596912,
Campo Los Galgos,Córdoba,Argentina,39,-33.15261334,-62.68179719,
Campo Baudino,Santa Fe,Argentina,39,-31.59036016,-61.48559665,
Campo Ballesteros,Santa Fe,Argentina,39,-34.11756145,-61.69535312,
La Carola,Santa Fe,Argentina,39,-28.97267902,-59.86959197,
Puerto Piracuacito,Santa Fe,Argentina,39,-28.22795053,-59.11526883,
La Alicia,Santa Fe,Argentina,39,-29.85510123,-60.90729846,
Campo Oroño,Santa Fe,Argentina,39,-31.67640931,-62.17927486,
El Ñacurutú,Santa Fe,Argentina,39,-28.06686755,-60.01126598,
Puntas de Moreira,Entre Ríos,Argentina,39,-31.21750588,-58.41622027,
Garat,Entre Ríos,Argentina,39,-30.2957854,-58.46408987,
Cuatro Bocas,Entre Ríos,Argentina,39,-32.91121218,-59.08277816,
La Corvina,Entre Ríos,Argentina,39,-32.57591691,-59.72058523,
Colonia Santa Margarita,Entre Ríos,Argentina,39,-31.67350403,-58.4409694,
Arroyo Piaggio,Entre Ríos,Argentina,39,-32.70644543,-60.6693421,
Loma de los Loros,La Pampa,Argentina,39,-38.4089339,-63.47277574,
El Durazno,La Pampa,Argentina,39,-36.7019816,-65.2871369,
Puerto Alegre,La Rioja,Argentina,39,-29.43559099,-67.90746201,
Alto Bayo,La Rioja,Argentina,39,-31.57804916,-66.51137871,
El Jumeal,Catamarca,Argentina,39,-29.41556298,-65.50131786,
Abra de Punta Corral,Jujuy,Argentina,39,-23.71196502,-65.38178676,
Las Víboras,Salta,Argentina,39,-25.04858558,-64.6412955,
Kilómetro 1088,Salta,Argentina,39,-25.15731039,-64.0913773,
El Barrial,Salta,Argentina,39,-25.24031813,-66.21092791,
La Mesada,Salta,Argentina,39,-22.68577273,-65.11955942,
Diego de Almagro,Salta,Argentina,39,-24.38513538,-65.85717378,
Puente del Saladillo,Santiago del Estero,Argentina,39,-28.92029303,-63.77625948,
Villa Petocha,Santiago del Estero,Argentina,39,-27.39929474,-62.68513729,
Los Cercos,Santiago del Estero,Argentina,39,-26.39271241,-63.89236836,
Árbol Solo,Santiago del Estero,Argentina,39,-29.45359377,-63.49730611,
El Sesteadero,Tucumán,Argentina,39,-27.7460733,-65.08839212,
Colonia 4,Tucumán,Argentina,39,-26.8323196,-65.01437797,
Yapachín,Tucumán,Argentina,39,-27.84521726,-65.31665188,
El Simbol,Tucumán,Argentina,39,-27.88791645,-65.08401524,
Puerto Montecarlo,Misiones,Argentina,39,-26.56777267,-54.79694607,
Pampa Juanita,Chaco,Argentina,39,-26.59290953,-61.10100851,
El Refucilo,Chaco,Argentina,39,-25.13428571,-61.7660095,
Güemes Norte,Chaco,Argentina,39,-24.8751786,-61.51039894,
Zapallar Norte,Chaco,Argentina,39,-26.45497029,-59.37318133,
Paso Isleta,Formosa,Argentina,39,-24.01469805,-60.03824936,
Posta Lencina,Formosa,Argentina,39,-24.3587704,-60.68138405,
Pozo Caballo,Formosa,Argentina,39,-23.3826351,-62.02889051,
Santa Elvira,Corrientes,Argentina,39,-28.34963244,-58.28263709,
El Abra,Corrientes,Argentina,39,-27.35273213,-57.87300143,
La Florida,Corrientes,Argentina,39,-29.32040439,-57.43085713,
Lomas de Aguirre,Corrientes,Argentina,39,-27.63826342,-58.3724963,
El Orejano,Corrientes,Argentina,39,-28.88760746,-56.72200954,
Huerta de Huachi,San Juan,Argentina,39,-30.0142301,-68.75157923,
Fortín Malal Hue,Mendoza,Argentina,39,-35.56830309,-69.5823766,
Los Alamitos,Mendoza,Argentina,39,-34.05974925,-69.13703306,
Los Parlamentos,Mendoza,Argentina,39,-35.02074329,-69.32373501,
La Remonta,Mendoza,Argentina,39,-33.71451228,-69.27217473,
Chacayco,Neuquén,Argentina,39,-39.29202005,-70.30355523,
Arroyo Blanco,Neuquén,Argentina,39,-37.24595616,-70.23345917,
La Esperanza,Río Negro,Argentina,39,-40.41513477,-68.48702021,
Los Tepúes,Chubut,Argentina,39,-42.82667604,-71.61091654,
Los Tamariscos,Chubut,Argentina,39,-45.03313402,-70.02640386,
Kilómetro 157,Santa Cruz,Argentina,39,-51.88260127,-71.33707743,
El Faro,Buenos Aires,Argentina,38,-37.8272995,-58.46406311,
Boscabel,Buenos Aires,Argentina,38,-36.18119417,-61.33403207,
La India Muerta,Buenos Aires,Argentina,38,-36.00341019,-57.72400778,
Stegmann,Buenos Aires,Argentina,38,-37.98993309,-61.544575,
Witte,Buenos Aires,Argentina,38,-34.99624512,-59.9980289,
La Manuela,Buenos Aires,Argentina,38,-36.74359851,-62.07233481,
Media Luna,Buenos Aires,Argentina,38,-34.79630074,-62.4456289,
Balneario Cochicó,Buenos Aires,Argentina,38,-36.94063779,-62.33311802,
Santa María,Buenos Aires,Argentina,38,-35.25928934,-61.45473955,
Campo Lizaso,Buenos Aires,Argentina,38,-35.212608,-60.86539716,
Cuartel II,Buenos Aires,Argentina,38,-36.91369002,-60.2277227,
San Basilio,Buenos Aires,Argentina,38,-34.47127826,-60.68388952,
Los Médanos,Buenos Aires,Argentina,38,-35.47156579,-59.22351175,
Las Vaquerías,Buenos Aires,Argentina,38,-38.20896535,-60.28703546,
Huetel,Buenos Aires,Argentina,38,-35.82287501,-60.64266603,
Las Mercedes,Buenos Aires,Argentina,38,-35.35040236,-60.1638892,
Los Pozos,Córdoba,Argentina,38,-30.51918042,-64.25228926,
Cerro Champaqui,Córdoba,Argentina,38,-31.99199002,-64.90558807,
Ojo de Agua,Córdoba,Argentina,38,-30.61869015,-64.3905952,
Casa Blanca,Córdoba,Argentina,38,-31.37352453,-65.15729165,
Los Molles,Córdoba,Argentina,38,-31.4733075,-65.35699031,
Colonia Santa Rosa,Córdoba,Argentina,38,-33.93814436,-63.32678616,
Las Cortaderas,Córdoba,Argentina,38,-33.38638964,-65.01055341,
Bajo Hondo,Córdoba,Argentina,38,-30.8050056,-63.17297142,
Los Guindos,Córdoba,Argentina,38,-31.25895574,-63.53160527,
Santa Isabel,Córdoba,Argentina,38,-30.75237685,-63.30286301,
El Eje de Candelaria,Córdoba,Argentina,38,-29.87329183,-63.33078391,
Campo Falco,Córdoba,Argentina,38,-31.44128332,-63.37103937,
Campo Los Zorros,Córdoba,Argentina,38,-31.46953968,-62.70169657,
Tres Pozos Sud,Córdoba,Argentina,38,-31.81756417,-64.03260235,
Campo Bertoglio,Córdoba,Argentina,38,-32.13610028,-63.69820679,
Colonia El Dorado,Córdoba,Argentina,38,-33.80391518,-62.80474488,
Characato,Córdoba,Argentina,38,-31.13024153,-64.7382558,
La Germania,Santa Fe,Argentina,38,-32.51943154,-61.36946331,
Campo Torriglia,Santa Fe,Argentina,38,-32.85555203,-61.34585805,
Nueva Italia,Santa Fe,Argentina,38,-29.82924183,-61.38684434,
Colonia Torres,Santa Fe,Argentina,38,-30.43685567,-61.38931759,
Campo Busso,Santa Fe,Argentina,38,-32.03521066,-61.89773068,
Colonia La Paz,Entre Ríos,Argentina,38,-31.03640494,-58.16335193,
El Guineo,Entre Ríos,Argentina,38,-32.02068779,-59.30446955,
La Ollita,Entre Ríos,Argentina,38,-32.41908965,-59.15990179,
Colonia San José,La Pampa,Argentina,38,-36.11705145,-63.90407086,
Huelén,La Pampa,Argentina,38,-36.11505422,-63.71959342,
Aguadita de los Valdeses,La Rioja,Argentina,38,-30.49184295,-66.87483256,
La Huerta,La Rioja,Argentina,38,-30.55473076,-66.29221088,
La Zanja,Catamarca,Argentina,38,-29.51184813,-65.15225259,
Hornaditas,Jujuy,Argentina,38,-23.08668192,-65.38462572,
San Borja,Jujuy,Argentina,38,-23.91688437,-65.07433706,
El Cebilar,Salta,Argentina,38,-25.61871877,-65.50191719,
Morón,Santiago del Estero,Argentina,38,-27.91827385,-65.07902006,
Callejón Bajada,Santiago del Estero,Argentina,38,-28.17686557,-63.17038311,
Colonia Seis de Septiembre,Santiago del Estero,Argentina,38,-27.94111543,-62.38166197,
Morampa,Santiago del Estero,Argentina,38,-28.26745413,-64.11413621,
Lote 3,Santiago del Estero,Argentina,38,-26.86589719,-63.03557901,
El 90,Santiago del Estero,Argentina,38,-26.96147444,-62.5468766,
La Reacción,Santiago del Estero,Argentina,38,-26.23292788,-64.44213994,
Las Abras,Santiago del Estero,Argentina,38,-27.29895858,-64.8354975,
Puerto Londero,Misiones,Argentina,38,-27.40130461,-54.40623476,
La Aguada,Chaco,Argentina,38,-25.38203155,-62.35644506,
Campo Cantón,Chaco,Argentina,38,-26.96556519,-61.03025016,
Balbuena,Chaco,Argentina,38,-25.72207545,-60.97679133,
Lote 9,Chaco,Argentina,38,-26.52992855,-60.63966119,
Kilómetro 40,Chaco,Argentina,38,-25.71945205,-61.11025463,
Pampa Gómez,Chaco,Argentina,38,-26.85372135,-61.50708694,
Arroyo Caabí,Corrientes,Argentina,38,-28.30141731,-57.82713244,
Itá  Caabo,Corrientes,Argentina,38,-29.28845919,-57.72944754,
Santa Clara,Corrientes,Argentina,38,-29.06378164,-57.75689496,
Retamito,San Juan,Argentina,38,-32.10320275,-68.5988,
Cristo Peregrino,San Juan,Argentina,38,-32.09600385,-67.93794421,
El Alpero,Mendoza,Argentina,38,-32.56336158,-68.24658243,
Dique Agua del Toro,Mendoza,Argentina,38,-34.57975859,-69.03750333,
Resolana,Mendoza,Argentina,38,-34.53119198,-68.1024823,
Puerta de la Quebrada,San Luis,Argentina,38,-32.5498813,-66.20620505,
Los Dos Buhos,San Luis,Argentina,38,-31.97386969,-66.13529543,
La Totora,San Luis,Argentina,38,-32.68108634,-65.81137308,
Aguada de las Vacas,Neuquén,Argentina,38,-38.40816328,-69.46727228,
Estela,Buenos Aires,Argentina,37,-38.10991522,-62.91478305,
Paraje El Verano,Buenos Aires,Argentina,37,-37.74445398,-58.55625891,
La Matilde,Buenos Aires,Argentina,37,-36.07184688,-60.81392752,
La Amalia,Buenos Aires,Argentina,37,-38.16709828,-61.48956221,
Cuartel VI,Buenos Aires,Argentina,37,-34.76734531,-59.97476457,
Santa Ángela,Buenos Aires,Argentina,37,-34.85465448,-61.87846671,
Sol de Mayo,Buenos Aires,Argentina,37,-35.80862848,-59.12379473,
San José,Buenos Aires,Argentina,37,-35.34266577,-57.72155005,
Segurola,Buenos Aires,Argentina,37,-36.83199594,-57.46119668,
El Porvenir,Buenos Aires,Argentina,37,-36.51398314,-60.54807282,
Teniente Coronel Miñana,Buenos Aires,Argentina,37,-36.80497794,-60.18899165,
Demaría,Buenos Aires,Argentina,37,-36.05560895,-58.74268441,
Las Chilcas,Buenos Aires,Argentina,37,-36.25581984,-58.34292997,
El Potrillo,Buenos Aires,Argentina,37,-35.70628781,-59.97720751,
Esther,Buenos Aires,Argentina,37,-35.64014167,-59.95343249,
Santa Isabel,Buenos Aires,Argentina,37,-34.04375222,-60.31474909,
Rodeo de las Yeguas,Córdoba,Argentina,37,-32.37915044,-64.79703132,
La Estancita,Córdoba,Argentina,37,-31.11347965,-64.36708047,
Campo Carlitos,Córdoba,Argentina,37,-33.20899851,-62.0502273,
Los Barriales,Córdoba,Argentina,37,-31.17266111,-65.05823434,
Bosque Alegre,Córdoba,Argentina,37,-31.60450844,-64.56864042,
Santo Domingo,Córdoba,Argentina,37,-29.79231366,-63.57133714,
Colonia Eugenia,Córdoba,Argentina,37,-31.1689352,-62.35054389,
Campo Perotti,Córdoba,Argentina,37,-32.08270436,-63.45459972,
Capilla Garzón,Córdoba,Argentina,37,-32.08173665,-63.73498709,
Cerro Negro,Córdoba,Argentina,37,-30.70492382,-64.33534471,
Iturraspe,Santa Fe,Argentina,37,-32.42393307,-61.78671417,
Los Troncos,Santa Fe,Argentina,37,-32.66338404,-61.83973361,
Colonia Los Trojes,Santa Fe,Argentina,37,-33.40304246,-61.42935678,
San Marcos de Venado Tuerto,Santa Fe,Argentina,37,-33.6355513,-62.0427113,
Campo Berli,Santa Fe,Argentina,37,-29.55029959,-60.01447703,
El Palmar,Santa Fe,Argentina,37,-29.57281744,-60.79159116,
Los Palmares,Santa Fe,Argentina,37,-29.75757853,-60.72449434,
Colonia Urquiza,Entre Ríos,Argentina,37,-31.10465598,-58.36933424,
Sierra de las Higueras,La Rioja,Argentina,37,-30.60906004,-66.3585259,
El Cerco,La Rioja,Argentina,37,-31.10567775,-66.43097307,
San José,La Rioja,Argentina,37,-30.88316654,-66.19630561,
Barranca Molle,Catamarca,Argentina,37,-27.67974493,-66.09296985,
Molle Pampa,Catamarca,Argentina,37,-28.52742649,-65.3471935,
Rumicruz,Jujuy,Argentina,37,-22.78271956,-65.53572244,
El Zapallar,Salta,Argentina,37,-22.32871183,-62.72858761,
Comunidad Lote 8,Salta,Argentina,37,-23.54873654,-62.69762322,
Los Morteros,Santiago del Estero,Argentina,37,-25.9500007,-62.9398932,
Kilómetro 55,Santiago del Estero,Argentina,37,-28.39533894,-64.66887332,
Jasimampa,Santiago del Estero,Argentina,37,-29.30305482,-63.64701039,
El Espartal,Santiago del Estero,Argentina,37,-29.59525656,-63.2369359,
Guerra,Santiago del Estero,Argentina,37,-28.98061165,-63.19424619,
Guayal,Tucumán,Argentina,37,-26.94267398,-65.47025552,
El Chorro,Tucumán,Argentina,37,-26.42476628,-65.48296078,
Pampa Sommer,Chaco,Argentina,37,-27.08337905,-61.25547486,
La Picada,Chaco,Argentina,37,-27.27672522,-61.24373838,
Colonia Puerta del León,Chaco,Argentina,37,-27.55982529,-61.07275342,
Legua 41,Chaco,Argentina,37,-27.08169409,-59.38614048,
Campo Florido,Chaco,Argentina,37,-26.09535938,-60.39440274,
1° de Mayo,Chaco,Argentina,37,-25.70402036,-61.03294669,
Campo Antonieli,Chaco,Argentina,37,-26.79634997,-59.02359582,
El Simbolar,Formosa,Argentina,37,-24.26961718,-61.14473102,
Palma Sola,Formosa,Argentina,37,-24.589569,-60.04901208,
Tunitas,Corrientes,Argentina,37,-29.69154895,-58.32228198,
Colonia Elenita,Corrientes,Argentina,37,-29.4501834,-59.23092211,
Rincón del Diablo,Corrientes,Argentina,37,-28.75059047,-58.03730022,
Cuay Grande,Corrientes,Argentina,37,-28.66564679,-56.28724939,
Dique Blas Brisoli,Mendoza,Argentina,37,-35.54361451,-69.64477463,
La Selva,San Luis,Argentina,37,-32.29141874,-66.4454432,
El Dichoso,San Luis,Argentina,37,-32.78607243,-66.81467927,
Vizcachera,San Luis,Argentina,37,-32.93965264,-66.38139513,
El Mirador,San Luis,Argentina,37,-33.18564584,-66.26161137,
Barranca Alta,San Luis,Argentina,37,-32.32980992,-65.63650434,
Caichihué,Neuquén,Argentina,37,-39.46506273,-70.26522644,
Piedra Pintada,Neuquén,Argentina,37,-40.1544368,-70.35281185,
Los Bolillos,Neuquén,Argentina,37,-36.78325674,-70.65704919,
La Amarga,Neuquén,Argentina,37,-39.11069178,-69.62626446,
El Turbio,Chubut,Argentina,37,-42.25244842,-71.70023856,
Ranquilhuau,Chubut,Argentina,37,-42.2520298,-70.92442275,
Don Emilio,Chubut,Argentina,37,-43.28718822,-65.22081712,
El Chelforó,Buenos Aires,Argentina,36,-36.953291,-58.19508511,
Altona,Buenos Aires,Argentina,36,-36.47466032,-60.12233105,
Los Fachinales,Buenos Aires,Argentina,36,-37.85212627,-60.67356192,
San Andrés,Buenos Aires,Argentina,36,-36.25231447,-61.38126984,
Pillahuincó,Buenos Aires,Argentina,36,-38.09732766,-61.35158632,
Comandante Giribone,Buenos Aires,Argentina,36,-35.61905436,-57.6850315,
Los Talas,Buenos Aires,Argentina,36,-36.15530074,-57.65334726,
El Destino,Buenos Aires,Argentina,36,-37.50726893,-57.99706729,
La Cantora,Buenos Aires,Argentina,36,-35.26425947,-59.94368693,
Los Acebos,Buenos Aires,Argentina,36,-39.61538634,-62.47088658,
Villa Robles,Buenos Aires,Argentina,36,-36.97068753,-56.74435788,
Villa El Tala,Córdoba,Argentina,36,-32.25271493,-64.58411786,
La Mesada,Córdoba,Argentina,36,-31.31644437,-64.36022213,
El 16,Córdoba,Argentina,36,-30.52597153,-65.39731464,
Los Cadillos,Córdoba,Argentina,36,-30.10275892,-64.45184974,
Colonia El Overo,Córdoba,Argentina,36,-32.25795345,-62.33468532,
San José del Salteño,Córdoba,Argentina,36,-32.29530619,-62.27901269,
El Sauce,Córdoba,Argentina,36,-31.10671345,-65.27008708,
Campo Pucheta,Córdoba,Argentina,36,-30.69410283,-63.38465177,
Nueva Andalucía,Córdoba,Argentina,36,-31.20128585,-63.74589222,
Loma de los Indios,Córdoba,Argentina,36,-30.95614773,-62.7062219,
Campo Marengo,Córdoba,Argentina,36,-32.20029673,-63.58270304,
Colonia Bella Vista,Córdoba,Argentina,36,-32.27587295,-64.04025521,
Los Cometierra,Córdoba,Argentina,36,-30.87568186,-63.92174749,
Bajo Hondo,Córdoba,Argentina,36,-30.22332892,-63.69148678,
El Barrial,Córdoba,Argentina,36,-30.32524495,-64.32626234,
La California,Santa Fe,Argentina,36,-32.54415518,-61.54992396,
Francisco Paz,Santa Fe,Argentina,36,-33.41369686,-60.86808733,
Las Vascas,Santa Fe,Argentina,36,-32.80326181,-61.5091279,
Colonia Iztueta,Santa Fe,Argentina,36,-30.50366704,-61.33607719,
Arroyo del Monje,Santa Fe,Argentina,36,-32.38959786,-60.88140687,
Santa Inés,Entre Ríos,Argentina,36,-31.9270603,-58.39235965,
Colonia Ensanche,Entre Ríos,Argentina,36,-30.99629359,-57.98730097,
Sauce Norte,Entre Ríos,Argentina,36,-30.8994207,-58.62554793,
Colonia Desparramados,Entre Ríos,Argentina,36,-31.77942276,-59.24225996,
La Maravilla,La Rioja,Argentina,36,-29.41609161,-68.24778152,
Villa Esther,La Rioja,Argentina,36,-29.34739694,-68.22480437,
La Cortada,La Rioja,Argentina,36,-30.2503217,-66.42753835,
El Médano,Catamarca,Argentina,36,-29.33458327,-65.71657865,
Guanaco Yaco,Catamarca,Argentina,36,-28.17882034,-66.47914057,
Paicone,Jujuy,Argentina,36,-22.21954678,-66.4249774,
La Intermedia,Jujuy,Argentina,36,-22.42117224,-65.70150975,
Toquero,Jujuy,Argentina,36,-22.09995113,-65.81716776,
Chilcayoc,Jujuy,Argentina,36,-23.94025936,-65.47385265,
La Ciénaga,Jujuy,Argentina,36,-23.69995177,-65.5420177,
Cerrillos,Jujuy,Argentina,36,-22.29902555,-65.85766813,
Los Mogotes,Salta,Argentina,36,-26.02710252,-65.1791842,
La Costa,Santiago del Estero,Argentina,36,-28.60499562,-62.82548345,
La Dolores,Santiago del Estero,Argentina,36,-28.93873804,-62.39663703,
Cerro Chico,Santiago del Estero,Argentina,36,-28.97560215,-64.70013666,
Buen Paso,Santiago del Estero,Argentina,36,-28.4131171,-62.79408254,
Colonia Mackinlay Sur,Santiago del Estero,Argentina,36,-30.35079593,-62.12940514,
Paaj Rodeo,Santiago del Estero,Argentina,36,-28.27678826,-63.36128777,
Pampa Schmidt,Chaco,Argentina,36,-27.17302197,-61.35821309,
Tres Mojones Oeste,Chaco,Argentina,36,-27.96832481,-61.69443948,
El Gramillar,Chaco,Argentina,36,-26.07917566,-60.14911599,
El Juramento,Chaco,Argentina,36,-25.93415552,-60.41057085,
Lote 1,Chaco,Argentina,36,-26.95792083,-60.71574532,
Colonia Alcalá,Chaco,Argentina,36,-26.28398111,-59.71467306,
Colonia Juan Lavalle,Chaco,Argentina,36,-27.20279768,-60.90138939,
Kilómetro 525,Chaco,Argentina,36,-27.33327632,-60.33138817,
Campo Azcurra,Formosa,Argentina,36,-25.31333171,-59.86306966,
Paraje El Cruce,Formosa,Argentina,36,-25.33963814,-60.26476042,
Pozo Novagán,Formosa,Argentina,36,-24.16499888,-59.97306276,
Ibagay,Formosa,Argentina,36,-25.40912324,-58.9860163,
Racedo Escobar,Formosa,Argentina,36,-26.11929525,-59.58915043,
Santo Domingo,Corrientes,Argentina,36,-30.15425238,-59.53027224,
Laguna Negra,Corrientes,Argentina,36,-27.52331929,-58.10036396,
La Mora,Mendoza,Argentina,36,-35.12279097,-66.84934333,
El Algarrobal,Mendoza,Argentina,36,-35.77680946,-66.84623854,
Los Buitres,Mendoza,Argentina,36,-34.91899493,-69.45107019,
Los Chañares,San Luis,Argentina,36,-32.78518077,-66.2801899,
Rahue,Neuquén,Argentina,36,-39.37156451,-70.93333456,
Blancura Centro,Río Negro,Argentina,36,-40.36626462,-69.7792614,
La Confluencia,Chubut,Argentina,36,-42.58030139,-70.5492114,
La Portada,Chubut,Argentina,36,-42.97073544,-71.58094439,
Asamblea,Buenos Aires,Argentina,35,-35.22550394,-60.41606029,
López Lecube,Buenos Aires,Argentina,35,-38.11949398,-62.72620612,
La Chumbeada,Buenos Aires,Argentina,35,-36.74761206,-59.64922307,
Esquina de Larumbe,Buenos Aires,Argentina,35,-37.3920003,-58.24095635,
El Caballito Chico,Buenos Aires,Argentina,35,-34.02953759,-59.5252151,
La Bellaca,Buenos Aires,Argentina,35,-34.04126686,-59.63119904,
Paraje Miramar,Buenos Aires,Argentina,35,-36.00710607,-61.18947598,
Santa María,Buenos Aires,Argentina,35,-35.94382595,-61.10952821,
La Criolla,Buenos Aires,Argentina,35,-34.37362922,-59.89168697,
Campo San Vicente,Buenos Aires,Argentina,35,-38.8449368,-61.85338808,
La Posta,Buenos Aires,Argentina,35,-35.59834432,-58.29244544,
Fatraló,Buenos Aires,Argentina,35,-36.96447398,-62.83459211,
Las Hermanas,Buenos Aires,Argentina,35,-37.61662742,-60.87814583,
Balsa,Buenos Aires,Argentina,35,-34.81163478,-61.65959456,
El Espinillo,Buenos Aires,Argentina,35,-37.70307113,-57.54445965,
Calangueyú,Buenos Aires,Argentina,35,-38.08608701,-59.29195566,
El Espartillar,Buenos Aires,Argentina,35,-35.37045341,-60.86583748,
La Central,Buenos Aires,Argentina,35,-35.74826005,-61.03337628,
Colonia El Molino,Buenos Aires,Argentina,35,-39.94095432,-62.52257854,
Igarzabal,Buenos Aires,Argentina,35,-39.77889851,-62.6139993,
El Descanso,Buenos Aires,Argentina,35,-35.42874218,-59.33026985,
Villa Jardín,Buenos Aires,Argentina,35,-33.69734313,-59.7434415,
Estomba,Buenos Aires,Argentina,35,-38.34939472,-61.80315102,
La Julita,Buenos Aires,Argentina,35,-39.25597652,-62.73380796,
Haras del Sur III,Buenos Aires,Argentina,35,-35.13046314,-58.06533528,
Las Cañadas,Córdoba,Argentina,35,-31.01802484,-64.77249647,
San Fernando,Córdoba,Argentina,35,-31.26944053,-64.38056876,
Villa El Palmar,Córdoba,Argentina,35,-31.08989402,-64.68625738,
Santa Victoria,Córdoba,Argentina,35,-33.05485617,-63.26955236,
Colonia María Godeken,Córdoba,Argentina,35,-33.34293709,-62.2800505,
Cerro Bola,Córdoba,Argentina,35,-31.27408482,-65.33912447,
Guardia Vieja,Córdoba,Argentina,35,-34.09658942,-63.51235142,
Colonia El Toro,Córdoba,Argentina,35,-33.75551534,-64.65385805,
La Primavera,Córdoba,Argentina,35,-32.41239324,-63.97866612,
El Mojón,Córdoba,Argentina,35,-30.08827287,-63.45248745,
Los Quebrachitos,Córdoba,Argentina,35,-31.31165647,-63.21587383,
Colonia El Milagro Oeste,Córdoba,Argentina,35,-31.45717595,-62.37177553,
Jeanmarie,Córdoba,Argentina,35,-31.40502052,-62.46879876,
Paso de la Pampa,Córdoba,Argentina,35,-31.75199261,-64.63722943,
Campo La Ramada,Córdoba,Argentina,35,-31.98537598,-63.28496843,
Capilla de Rodríguez,Córdoba,Argentina,35,-32.20507383,-63.73929228,
La Esperanza,Córdoba,Argentina,35,-30.28562125,-63.7246833,
La Maza,Córdoba,Argentina,35,-30.14600134,-63.71573752,
Colonia La Celina,Córdoba,Argentina,35,-33.80008683,-62.915382,
Colonia La Unión,Córdoba,Argentina,35,-32.97094947,-62.86875019,
Colonia Norte,Córdoba,Argentina,35,-32.51521585,-62.80354805,
San Eusebio,Córdoba,Argentina,35,-32.24079735,-62.48949515,
Balneario La Verde,Santa Fe,Argentina,35,-29.98091307,-61.24190551,
Las Cañas,Santa Fe,Argentina,35,-31.01315759,-60.27327925,
Colonia Los Robles,Santa Fe,Argentina,35,-33.49298983,-61.83408636,
Campo Nicoli,Santa Fe,Argentina,35,-32.03795813,-61.68394557,
Lote 127,Santa Fe,Argentina,35,-29.24017391,-60.22130892,
Colonia Palmar Yatay,Entre Ríos,Argentina,35,-31.75405745,-58.39268717,
Colonia San Miguel,Entre Ríos,Argentina,35,-31.99383095,-58.54952095,
Colonia Las Flores,Entre Ríos,Argentina,35,-32.95118646,-58.8877652,
Puerto La Esmeralda,Entre Ríos,Argentina,35,-30.64271198,-59.58198701,
Laguna La Amarga,La Pampa,Argentina,35,-37.27426956,-63.84971321,
La Copelina,La Pampa,Argentina,35,-37.25134485,-67.59073076,
Udpinango,La Rioja,Argentina,35,-28.6773044,-66.81487988,
Esquina del Sud,La Rioja,Argentina,35,-30.6576418,-66.16675712,
El Abra,La Rioja,Argentina,35,-31.48871958,-66.26361963,
Vallecito,Catamarca,Argentina,35,-28.62239288,-65.25159431,
Peñas Negras,Jujuy,Argentina,35,-22.70762893,-66.077764,
Mina Laguna Blanca,Jujuy,Argentina,35,-23.05450563,-66.44308399,
El Cóndor,Salta,Argentina,35,-25.03469098,-63.98867599,
Las Catitas,Salta,Argentina,35,-25.0373572,-64.00959901,
San Antonio,Salta,Argentina,35,-26.21193322,-64.96699814,
Pelícano Quemado,Salta,Argentina,35,-24.19514447,-63.22986996,
Las Carpas,Santiago del Estero,Argentina,35,-26.50042565,-63.16444365,
Puente Negro,Santiago del Estero,Argentina,35,-28.56078073,-62.89671238,
Vinal Pozo,Santiago del Estero,Argentina,35,-26.09755591,-62.91040844,
Las Malvinas,Santiago del Estero,Argentina,35,-25.95070446,-63.04568592,
Villa Mercedes,Santiago del Estero,Argentina,35,-28.47144432,-64.7226587,
Pozo del Simbol,Santiago del Estero,Argentina,35,-28.28093864,-64.52799437,
Tres Pozos,Santiago del Estero,Argentina,35,-28.39475782,-62.26469301,
Pozo Cavado,Santiago del Estero,Argentina,35,-27.93855316,-64.97370606,
La Puerta Chiquita,Santiago del Estero,Argentina,35,-28.14327263,-64.85211933,
Llajta Mauca,Santiago del Estero,Argentina,35,-28.19400529,-63.08198815,
Santa Teresita,Santiago del Estero,Argentina,35,-27.00245262,-63.04606426,
Kilómetro 96,Santiago del Estero,Argentina,35,-29.35628331,-64.15340864,
La Blanquita,Santiago del Estero,Argentina,35,-29.22892652,-63.40077123,
Puestito,Santiago del Estero,Argentina,35,-28.07985209,-64.04130449,
Los Agudos,Tucumán,Argentina,35,-27.61525191,-65.43417945,
El Paraíso,Tucumán,Argentina,35,-27.90259431,-65.21266244,
El Puestito,Tucumán,Argentina,35,-27.85217555,-65.10270396,
La Concepción,Tucumán,Argentina,35,-27.69975024,-65.44644895,
Los Sauzales,Tucumán,Argentina,35,-26.6236093,-65.82041617,
Hornillos,Tucumán,Argentina,35,-26.3114295,-65.27803728,
Tres Mojones,Chaco,Argentina,35,-27.97437054,-61.5159725,
Bajo Hondo,Chaco,Argentina,35,-25.12178599,-61.19867852,
Las Vertientes,Chaco,Argentina,35,-25.79864598,-60.13949197,
Monte Redondo,Chaco,Argentina,35,-25.71716659,-60.77460034,
Lote 14,Chaco,Argentina,35,-26.6187968,-60.67684717,
Colonia La Florida,Chaco,Argentina,35,-26.51471285,-59.60920037,
El Estero,Chaco,Argentina,35,-26.74006271,-61.56202206,
La Cuchilla,Chaco,Argentina,35,-27.08635286,-60.62128349,
Colonia Las Choyas,Formosa,Argentina,35,-24.91803415,-59.79550571,
La Blanca,Formosa,Argentina,35,-26.12298686,-59.34357392,
El Tabique,Formosa,Argentina,35,-22.97171982,-62.20824776,
Rincón de Tunas,Corrientes,Argentina,35,-30.32240858,-58.11976006,
La Dorita,Corrientes,Argentina,35,-29.63202202,-58.84814718,
Colonia Timbó,Corrientes,Argentina,35,-29.23392577,-59.07486762,
Isla Talar,Corrientes,Argentina,35,-29.74275732,-59.59657405,
Manqui Malal,Mendoza,Argentina,35,-35.75557179,-69.56566053,
Rincón de Correa,Mendoza,Argentina,35,-37.0962774,-69.64059537,
Cañada Honda,San Luis,Argentina,35,-32.82965672,-66.03514931,
Santo Domingo,San Luis,Argentina,35,-33.26751691,-66.44125792,
Cabo San Pablo,Tierra del Fuego,Argentina,35,-54.2892202,-66.70879027,
Termas de Epulafquen Lahuen Co,Neuquén,Argentina,35,-39.82632421,-71.63657484,
Lago Steffen,Río Negro,Argentina,35,-41.51140281,-71.53919744,
Tromenco,Río Negro,Argentina,35,-41.13737223,-66.59403148,
Puerto Irma,Santa Cruz,Argentina,35,-50.29420186,-72.12729068,
Cañada Grande,Buenos Aires,Argentina,34,-33.91344674,-59.58536745,
La Uruguaya,Buenos Aires,Argentina,34,-37.58094423,-62.04962269,
Puerta del Diablo,Buenos Aires,Argentina,34,-35.65302895,-57.90404584,
De Luca,Buenos Aires,Argentina,34,-35.07891975,-59.82969526,
Sol de Mayo,Buenos Aires,Argentina,34,-36.31389354,-57.60621649,
Montes,Buenos Aires,Argentina,34,-38.21760248,-58.31885709,
La Pepita,Buenos Aires,Argentina,34,-35.32386862,-58.35759485,
Pradere,Buenos Aires,Argentina,34,-35.25315986,-62.9253926,
Campo Toyos,Buenos Aires,Argentina,34,-34.49217799,-60.95140675,
Achalay,Buenos Aires,Argentina,34,-37.54256967,-60.9924954,
La Rotonda,Buenos Aires,Argentina,34,-37.45271768,-60.87713351,
Santa María,Buenos Aires,Argentina,34,-34.56215006,-61.42675942,
13 de Abril,Buenos Aires,Argentina,34,-35.49914629,-61.8076368,
La Hore,Buenos Aires,Argentina,34,-38.05290593,-58.97406179,
Las Piedras,Buenos Aires,Argentina,34,-35.32005025,-61.30453876,
Muñoz,Buenos Aires,Argentina,34,-37.07755344,-60.76799332,
Santa Rosa,Buenos Aires,Argentina,34,-33.80097122,-60.83856796,
La Tigra,Buenos Aires,Argentina,34,-38.00904623,-63.05824813,
San Alberto,Buenos Aires,Argentina,34,-36.56541949,-59.05531285,
La Vigia,Buenos Aires,Argentina,34,-34.30681866,-60.62423561,
Coronel Isleño,Buenos Aires,Argentina,34,-34.42304702,-60.404979,
El Pilar,Buenos Aires,Argentina,34,-38.01848301,-62.74588529,
El Sosiego,Buenos Aires,Argentina,34,-35.37490145,-60.03995448,
Chacras del Monte 2,Buenos Aires,Argentina,34,-35.47268063,-58.77130736,
Tiu Mayu,Córdoba,Argentina,34,-30.9719737,-64.42916603,
La Puerta,Córdoba,Argentina,34,-30.9050059,-64.84075925,
Las Tapias,Córdoba,Argentina,34,-30.75833721,-65.09579469,
Los Patayes,Córdoba,Argentina,34,-30.88099911,-64.85482789,
San Agustín,Córdoba,Argentina,34,-30.54389523,-65.2367081,
Las Chacras,Córdoba,Argentina,34,-30.28550001,-64.37873391,
Campo Murphy,Córdoba,Argentina,34,-33.38065305,-62.16537517,
La Aguadita,Córdoba,Argentina,34,-31.52275774,-65.27647107,
Fray Cayetano Rodríguez,Córdoba,Argentina,34,-34.0137622,-63.43206585,
Campo Zanón,Córdoba,Argentina,34,-34.01871896,-64.54050071,
Presa El Chañar,Córdoba,Argentina,34,-33.98663574,-65.055538,
Ojo de Agua,Córdoba,Argentina,34,-31.79704534,-65.0658987,
La Victoria,Córdoba,Argentina,34,-31.44247024,-62.77810077,
Bella Vista,Córdoba,Argentina,34,-29.52726492,-64.16986916,
Campo Bara,Córdoba,Argentina,34,-32.41269432,-63.63080221,
La Estrechura,Córdoba,Argentina,34,-30.41380201,-63.96246447,
Las Maravillas,Córdoba,Argentina,34,-30.25487741,-63.49790811,
Campo Piacenza,Santa Fe,Argentina,34,-31.31843256,-61.5613827,
La Malagueña,Santa Fe,Argentina,34,-33.34196664,-60.86004111,
San Juan,Santa Fe,Argentina,34,-28.22682891,-59.58490984,
Colonia La Avanzada,Santa Fe,Argentina,34,-28.710199,-61.64579483,
El Descanso,Santa Fe,Argentina,34,-28.86679512,-61.30989839,
Colonia El Inca,Santa Fe,Argentina,34,-29.09665541,-61.8815798,
Kilómetro 468,Santa Fe,Argentina,34,-28.08787806,-61.46155605,
Campo Giauque,Santa Fe,Argentina,34,-29.53841135,-60.35882696,
Colonia 25 de Mayo,Entre Ríos,Argentina,34,-31.40744747,-59.59432024,
Arroyo Grande,Entre Ríos,Argentina,34,-31.59794618,-58.36767258,
Anzoátegui,La Pampa,Argentina,34,-38.96305268,-63.86088825,
Colonia El Porvenir,La Pampa,Argentina,34,-37.03379929,-63.60864142,
Ceriola,La Pampa,Argentina,34,-36.01120179,-64.70032045,
Árbol Solo,La Pampa,Argentina,34,-36.63613746,-66.47613871,
Monte Grande,La Rioja,Argentina,34,-30.69548371,-65.63162017,
Santa Cruz,La Rioja,Argentina,34,-31.31638807,-66.47253996,
Las Peñas,La Rioja,Argentina,34,-29.08219415,-67.02037934,
Corral Blanco,Catamarca,Argentina,34,-26.49704733,-66.91986375,
El Quemado,Catamarca,Argentina,34,-29.57838806,-65.58351098,
Las Flores,Catamarca,Argentina,34,-29.36244934,-65.49133407,
Los Ciénagos,Catamarca,Argentina,34,-28.48515983,-66.16769605,
Los Nacimientos,Catamarca,Argentina,34,-27.47260596,-67.60389034,
Río Grande,Catamarca,Argentina,34,-27.22661623,-67.37897096,
Quichagua,Jujuy,Argentina,34,-22.77605342,-66.02115361,
Chorcan,Jujuy,Argentina,34,-23.05153665,-65.2076643,
Mina Pirquitas,Jujuy,Argentina,34,-22.69446374,-66.49785555,
Chijuá,Jujuy,Argentina,34,-22.47192547,-66.12793297,
Lavayén,Jujuy,Argentina,34,-24.4617822,-64.85286978,
Los Tapires,Salta,Argentina,34,-24.90717688,-64.28786942,
El Brete,Salta,Argentina,34,-26.06259313,-65.33731355,
Palo Flojal,Salta,Argentina,34,-22.89525684,-62.45511956,
Cañani,Salta,Argentina,34,-22.31692764,-64.88142453,
Barrio Nuevo,Salta,Argentina,34,-22.0920098,-65.17138378,
El Albardón,Santiago del Estero,Argentina,34,-26.94697106,-63.69381296,
La Esperanza,Santiago del Estero,Argentina,34,-27.04229631,-61.71385752,
Lescanos,Santiago del Estero,Argentina,34,-27.50362314,-64.76423924,
Colonia 2,Tucumán,Argentina,34,-26.82708854,-65.02682253,
Lara,Tucumán,Argentina,34,-26.41305348,-65.74478998,
El Retiro Norte,Chaco,Argentina,34,-26.82827972,-58.850686,
Lote 40,Chaco,Argentina,34,-27.67835027,-61.29606838,
Colonia El Fiscal,Chaco,Argentina,34,-26.64002838,-58.79102101,
La Esterlina,Chaco,Argentina,34,-27.14349767,-60.90163777,
Santa Justina,Chaco,Argentina,34,-27.06304207,-61.18662727,
La Sirena,Chaco,Argentina,34,-27.21040497,-60.71739469,
Río Tapenagá,Chaco,Argentina,34,-27.56441966,-59.65927992,
El Remanso,Formosa,Argentina,34,-23.98516634,-60.45839353,
Matías Gulacsi,Formosa,Argentina,34,-24.62413292,-61.16760577,
Kilómetro 268,Corrientes,Argentina,34,-29.6221343,-57.12267634,
Albardones Este,Corrientes,Argentina,34,-27.61865064,-58.12169173,
Tres Cruces,Corrientes,Argentina,34,-27.57973455,-58.03301427,
Malimán,San Juan,Argentina,34,-29.95856206,-69.17896638,
Los Huarpes,Mendoza,Argentina,34,-35.05633349,-67.13337675,
Agua de los Novillos,Mendoza,Argentina,34,-35.43037744,-69.0328012,
Carpintería,San Luis,Argentina,34,-32.55450402,-66.09267795,
Pampa Grande,San Luis,Argentina,34,-32.3930841,-66.3080913,
La Avenencia,San Luis,Argentina,34,-32.24564862,-66.41108944,
La Aguada,San Luis,Argentina,34,-33.04390717,-65.11495419,
Colonia Zubelzú,San Luis,Argentina,34,-33.01971788,-65.13174546,
Poipucón,Neuquén,Argentina,34,-39.23293636,-70.96362039,
Trahuncura,Neuquén,Argentina,34,-37.99436514,-70.24078706,
El Manzano,Neuquén,Argentina,34,-37.12228648,-70.62370224,
Pino Hachado,Neuquén,Argentina,34,-38.66749737,-70.83909547,
Cañadón Chileno,Río Negro,Argentina,34,-40.88895413,-70.02376732,
Chipauquil,Río Negro,Argentina,34,-40.96040715,-66.64147364,
El Cajón,Chubut,Argentina,34,-42.46834372,-71.35673882,
Larrea,Buenos Aires,Argentina,33,-35.05166253,-60.3669639,
Masalle,Buenos Aires,Argentina,33,-37.06381937,-62.95770928,
La Blanqueada,Buenos Aires,Argentina,33,-36.66297882,-58.67206122,
Nieves,Buenos Aires,Argentina,33,-36.82872256,-59.99032859,
La Alborada,Buenos Aires,Argentina,33,-37.46306736,-58.24858567,
Campo Creado,Buenos Aires,Argentina,33,-36.32716579,-61.12866964,
Kenny,Buenos Aires,Argentina,33,-34.35990923,-60.00538752,
Gil,Buenos Aires,Argentina,33,-38.79133901,-60.90544034,
La Aurora,Buenos Aires,Argentina,33,-38.44075135,-61.12285685,
El Campamento,Buenos Aires,Argentina,33,-37.78443327,-61.95932583,
Colonia Las Margaritas,Buenos Aires,Argentina,33,-36.9711728,-61.83347178,
Casey,Buenos Aires,Argentina,33,-36.68563168,-62.35176141,
La Concordia,Buenos Aires,Argentina,33,-35.41731124,-61.90861783,
San Pascual,Buenos Aires,Argentina,33,-38.41638069,-58.44575858,
San Quilcó,Buenos Aires,Argentina,33,-37.04335625,-61.13927272,
Arroyo Seco,Córdoba,Argentina,33,-32.09376908,-64.56366609,
Bajo del Carmen,Córdoba,Argentina,33,-31.86711123,-64.36266188,
Las Ollas,Córdoba,Argentina,33,-30.2285293,-65.09608612,
Campo Gaucho Nuevo,Córdoba,Argentina,33,-32.84388564,-61.82740053,
Santa Florinda,Córdoba,Argentina,33,-33.20153251,-62.46981632,
Boca del Sauce,Córdoba,Argentina,33,-32.58110539,-64.29432889,
La Reducción,Córdoba,Argentina,33,-31.83068796,-65.57821085,
Villa del Cóndor,Córdoba,Argentina,33,-31.78741905,-64.60414251,
Los Algarrobitos,Córdoba,Argentina,33,-30.88443749,-63.73974472,
Campo La Rosa,Córdoba,Argentina,33,-32.63220725,-63.74729331,
La Maza,Córdoba,Argentina,33,-30.67496793,-63.72240456,
Santa María,Córdoba,Argentina,33,-30.73649627,-63.97570282,
Colonia El Piquillín,Córdoba,Argentina,33,-32.78320803,-62.80697003,
El Jardín,Santa Fe,Argentina,33,-33.69360756,-61.68835047,
La Diamela,Santa Fe,Argentina,33,-29.22712923,-59.95394656,
Arroyo del Rey,Santa Fe,Argentina,33,-28.64247206,-59.78071061,
Campo Barbero,Santa Fe,Argentina,33,-32.59245966,-61.27658567,
Colonia Larrechea,Santa Fe,Argentina,33,-31.4777007,-60.88270801,
El Colonial,Santa Fe,Argentina,33,-29.99366563,-61.13909049,
Arroyo Chañar,Entre Ríos,Argentina,33,-31.17378416,-58.72674707,
Naicó,La Pampa,Argentina,33,-36.92572576,-64.40507289,
San Roque,La Pampa,Argentina,33,-35.54358052,-64.26781659,
San Nicolás,La Rioja,Argentina,33,-29.95934871,-66.57634377,
El Barreal,La Rioja,Argentina,33,-29.60547848,-66.09472011,
Pozo de la Yegua,La Rioja,Argentina,33,-29.70177202,-65.98210971,
Sierra de los Quinteros,La Rioja,Argentina,33,-30.59755687,-66.3874962,
La Represa,La Rioja,Argentina,33,-31.84621976,-66.55221317,
Río de las Casas Viejas,Catamarca,Argentina,33,-27.78883891,-65.87568005,
El Cerrito,Catamarca,Argentina,33,-29.40841294,-65.41081148,
Pueblo Viejo,Jujuy,Argentina,33,-22.49408642,-65.6421395,
Abra Mayo,Jujuy,Argentina,33,-23.77494813,-65.29805226,
El Angosto,Jujuy,Argentina,33,-23.9214637,-65.82002698,
Larcas,Jujuy,Argentina,33,-22.1104908,-65.24932674,
La Mora Sur,Salta,Argentina,33,-23.7648807,-63.41337921,
Cámara,Salta,Argentina,33,-25.81487744,-65.20420046,
Toro Pozo,Santiago del Estero,Argentina,33,-25.81948737,-63.72391619,
San Pedro,Santiago del Estero,Argentina,33,-26.09971821,-62.82830355,
Shishi Pozo,Santiago del Estero,Argentina,33,-28.54626435,-64.62053551,
Rumi,Santiago del Estero,Argentina,33,-27.75778523,-63.49494523,
Las Viboritas,Santiago del Estero,Argentina,33,-29.59648618,-62.6570278,
Tres Mojones,Santiago del Estero,Argentina,33,-27.78160419,-61.90540426,
El Arbolito,Santiago del Estero,Argentina,33,-27.27053294,-61.8605607,
Santa Rosa,Santiago del Estero,Argentina,33,-29.15787546,-63.55329051,
San José de Arriba,Tucumán,Argentina,33,-26.41692019,-64.73610192,
Pampa Florida,Chaco,Argentina,33,-26.61241623,-60.40700978,
El Cruce,Chaco,Argentina,33,-25.77798738,-60.24925821,
El Palmar,Chaco,Argentina,33,-25.28936246,-60.68552193,
La Choza,Chaco,Argentina,33,-27.3612027,-59.2157548,
El Salvaje,Chaco,Argentina,33,-25.89657843,-60.01750833,
La Manuela,Chaco,Argentina,33,-27.87534947,-60.64810052,
Pampa Iporá Guazú,Chaco,Argentina,33,-26.88400921,-61.37970363,
Campo Quijano,Chaco,Argentina,33,-26.82983669,-59.40376128,
Lote 17 Legua A,Formosa,Argentina,33,-26.10531406,-59.40990146,
Palermo,Corrientes,Argentina,33,-28.95266973,-58.9070858,
Cuatro Bocas,Corrientes,Argentina,33,-30.07864951,-58.00178777,
Lovera,Corrientes,Argentina,33,-27.54500606,-58.64304342,
Agua Botada,Mendoza,Argentina,33,-35.79311729,-69.67040174,
Castillos de Pincheira,Mendoza,Argentina,33,-35.51529368,-69.79643663,
Los Overos,San Luis,Argentina,33,-35.87747792,-66.45317585,
Naranjo Esquina,San Luis,Argentina,33,-33.02131523,-66.85260462,
Cabeza de Vaca,San Luis,Argentina,33,-32.94670448,-67.12097272,
Río Quinto,San Luis,Argentina,33,-33.24091842,-65.89642421,
La Celestina,San Luis,Argentina,33,-32.84120636,-65.21569187,
Laguna Escondida,Tierra del Fuego,Argentina,33,-54.64078327,-67.76290453,
Saco Viejo,Río Negro,Argentina,33,-40.81525191,-64.75742038,
Ñirihuau Arriba,Río Negro,Argentina,33,-41.25237495,-71.17736099,
Francisco Murature,Buenos Aires,Argentina,32,-36.68733558,-63.38109679,
Loma Partida,Buenos Aires,Argentina,32,-36.79083434,-58.78459041,
Cochrane,Buenos Aires,Argentina,32,-38.56574959,-61.98845759,
Santa Rosa,Buenos Aires,Argentina,32,-35.27915782,-60.59026567,
La Gloria,Buenos Aires,Argentina,32,-38.44076835,-61.27316607,
La Soberana,Buenos Aires,Argentina,32,-38.86539452,-61.49041791,
Loma Chata,Buenos Aires,Argentina,32,-38.61985934,-61.4921701,
Cuartel IV,Buenos Aires,Argentina,32,-34.79366739,-60.39887725,
La Delia,Buenos Aires,Argentina,32,-34.65127955,-60.62296505,
Masurel,Buenos Aires,Argentina,32,-36.51013049,-62.17441588,
La Verónica,Buenos Aires,Argentina,32,-36.48069138,-57.88719606,
La Paloma,Buenos Aires,Argentina,32,-35.52720718,-58.34872576,
La Torrecita,Buenos Aires,Argentina,32,-34.50560706,-62.97447169,
La Nevada,Buenos Aires,Argentina,32,-36.93685774,-61.96246475,
Santa Isabel,Buenos Aires,Argentina,32,-36.97556912,-57.66320284,
El Dorado,Buenos Aires,Argentina,32,-35.57895812,-58.93898167,
San Blas,Buenos Aires,Argentina,32,-35.54346554,-59.6987046,
Kilómetro 108,Buenos Aires,Argentina,32,-34.43387943,-59.5630811,
La Paloma,Buenos Aires,Argentina,32,-36.33754288,-60.8397726,
Sombra del Toro,Buenos Aires,Argentina,32,-38.26603616,-62.00774553,
Francisco de Vitoria,Buenos Aires,Argentina,32,-35.62804264,-62.70604228,
San José,Buenos Aires,Argentina,32,-39.5361521,-62.57324287,
La Mudana,Córdoba,Argentina,32,-31.33893563,-65.34801422,
La Posta,Córdoba,Argentina,32,-31.61687065,-64.87541989,
Campo La Salada,Córdoba,Argentina,32,-31.78912933,-62.96406322,
Campo Los Porteños,Córdoba,Argentina,32,-31.30476708,-62.57235303,
Colonia Freyre Noroeste,Córdoba,Argentina,32,-31.11682558,-62.13304978,
Colonia Malbertina,Córdoba,Argentina,32,-31.40899351,-62.22562624,
Campo Martolino,Córdoba,Argentina,32,-32.00600184,-63.34494921,
El Sauce,Córdoba,Argentina,32,-30.88497631,-64.34063762,
Kilómetro 41,Santa Fe,Argentina,32,-28.58463931,-59.68382379,
Campo Leonhardt,Santa Fe,Argentina,32,-29.23469243,-59.6719776,
Campo Moschen,Santa Fe,Argentina,32,-29.36035774,-59.87793336,
Ramal San Juan,Santa Fe,Argentina,32,-28.23555562,-59.70268605,
Campo El Dormido,Santa Fe,Argentina,32,-28.04198273,-61.07116845,
Villa San Antonio,Santa Fe,Argentina,32,-30.17545119,-59.91981426,
Campo Genero,Santa Fe,Argentina,32,-32.24034077,-61.23236167,
Campo Aiassa,Santa Fe,Argentina,32,-32.13607242,-61.25411469,
Campo La Unión,Santa Fe,Argentina,32,-32.37327184,-61.54565618,
Campo Cravero,Santa Fe,Argentina,32,-32.11783597,-61.682295,
El Peludo,Santa Fe,Argentina,32,-29.47051909,-61.06101087,
Campo María Rosa,Santa Fe,Argentina,32,-28.56340492,-59.85545726,
Arroyo Barrancoso,Entre Ríos,Argentina,32,-32.95760708,-60.04950178,
Amuschina,La Rioja,Argentina,32,-28.58350655,-67.18327099,
San José,La Rioja,Argentina,32,-29.49051468,-66.25760006,
El Cardón,La Rioja,Argentina,32,-31.59492767,-66.33010228,
El Quebrachal,Catamarca,Argentina,32,-29.21115693,-65.55618143,
El Talita,Catamarca,Argentina,32,-28.89724502,-65.62001398,
El Cercado,Catamarca,Argentina,32,-29.31580759,-65.49052519,
La Ciénaga,Catamarca,Argentina,32,-27.13134796,-67.66874397,
Cochagasta,Jujuy,Argentina,32,-23.01951983,-65.91526163,
Valizao,Jujuy,Argentina,32,-23.18922203,-65.27176266,
Saladillo,Jujuy,Argentina,32,-24.02420487,-64.56503519,
El Saladillo,Salta,Argentina,32,-24.59239273,-66.19514663,
El Porvenir,Salta,Argentina,32,-25.81596821,-65.0029281,
Codo Viejo,Santiago del Estero,Argentina,32,-28.53277836,-63.90684226,
Los Mollares,Santiago del Estero,Argentina,32,-28.60817566,-63.83257407,
El Maján,Santiago del Estero,Argentina,32,-26.19248773,-63.32711524,
Puerta de Chávez,Santiago del Estero,Argentina,32,-28.31327482,-64.58929161,
Bella Criolla,Santiago del Estero,Argentina,32,-29.44072081,-63.09135333,
Lote 1,Santiago del Estero,Argentina,32,-28.81183095,-63.08519281,
Kilómetro 15,Tucumán,Argentina,32,-27.64202982,-65.38844928,
Mala Mala,Tucumán,Argentina,32,-26.79917376,-65.56553311,
El Arbolar,Tucumán,Argentina,32,-26.34295185,-66.02081463,
Estación El Cadillal,Tucumán,Argentina,32,-26.67863587,-65.25013747,
San Vicente,Tucumán,Argentina,32,-26.47801448,-65.20702717,
4 de Febrero,Chaco,Argentina,32,-25.57516919,-60.79138065,
El Escondido,Chaco,Argentina,32,-25.57975797,-60.52422497,
Los Placeres,Chaco,Argentina,32,-25.48204148,-61.2836861,
Pozo del Toro,Chaco,Argentina,32,-25.80130708,-60.73624119,
La Rinconada,Chaco,Argentina,32,-26.26634449,-60.40253402,
Lote 18,Chaco,Argentina,32,-26.48192777,-60.42723878,
Lote 9,Chaco,Argentina,32,-26.55058391,-59.82165095,
Kilómetro 474,Chaco,Argentina,32,-27.58807082,-59.70881554,
Tres Marías,Formosa,Argentina,32,-26.32861412,-58.20550662,
Colonia San Roque,Formosa,Argentina,32,-25.41327891,-59.99179215,
Colonia 15,Formosa,Argentina,32,-25.63172635,-59.49055743,
Paso La Sirena,Corrientes,Argentina,32,-28.41256714,-56.54814177,
La Ciénaga,San Juan,Argentina,32,-30.14827384,-68.5779832,
Comandante Salas,Mendoza,Argentina,32,-33.85131573,-68.00868164,
Balde de Quines,San Luis,Argentina,32,-32.05194609,-65.73000927,
Punta del Agua,San Luis,Argentina,32,-32.19850288,-65.24303383,
Bajo de Véliz,San Luis,Argentina,32,-32.31405509,-65.41096562,
San Sebastián,Tierra del Fuego,Argentina,32,-53.29913172,-68.45711005,
Río Ewan,Tierra del Fuego,Argentina,32,-54.20265675,-67.21653366,
Kilca,Neuquén,Argentina,32,-39.01725649,-70.87270433,
Pilmatué,Neuquén,Argentina,32,-38.30194477,-70.26159999,
Termas Buta Ranquil,Neuquén,Argentina,32,-37.06504276,-69.8363869,
Colonia La Luisa,Río Negro,Argentina,32,-40.17428777,-64.25443595,
Pampa de Sacanana,Chubut,Argentina,32,-42.46501005,-68.72575222,
Las Horquetas,Santa Cruz,Argentina,32,-48.25460208,-71.16123433,
Alagón,Buenos Aires,Argentina,31,-35.9450932,-61.96885251,
Arturo Vatteone,Buenos Aires,Argentina,31,-37.17831032,-62.86099001,
Monte Lavalle,Buenos Aires,Argentina,31,-34.05252575,-60.03444188,
La Merced,Buenos Aires,Argentina,31,-36.41409654,-60.91758906,
La Fortuna,Buenos Aires,Argentina,31,-37.95820835,-61.24270514,
Eduardo Costa,Buenos Aires,Argentina,31,-34.81902172,-62.33845364,
La Española,Buenos Aires,Argentina,31,-37.40297585,-61.06992302,
La Isolina,Buenos Aires,Argentina,31,-36.5698057,-56.92669269,
La Tablada,Buenos Aires,Argentina,31,-36.84942247,-57.0247196,
Fortín Vigilancia,Buenos Aires,Argentina,31,-35.10975253,-61.67340374,
La Parda,Buenos Aires,Argentina,31,-36.65519405,-60.74360431,
San Antonio,Buenos Aires,Argentina,31,-36.67289856,-60.57252636,
Colonia San Francisco,Buenos Aires,Argentina,31,-39.61967961,-62.52962017,
Conde Cazón,Buenos Aires,Argentina,31,-35.81947813,-61.94134276,
Campo Urquiza,Buenos Aires,Argentina,31,-33.97471493,-60.3811629,
El Centinela,Buenos Aires,Argentina,31,-36.47172677,-57.19463109,
Anderson,Buenos Aires,Argentina,31,-35.27981703,-60.26132458,
Colonia San Enrique,Buenos Aires,Argentina,31,-39.41262941,-63.03872935,
La Federala,Buenos Aires,Argentina,31,-35.21507343,-59.12970536,
Cerro Pelado,Córdoba,Argentina,31,-32.21763264,-64.63095248,
Candonga,Córdoba,Argentina,31,-31.07977102,-64.34489896,
Cuchilla Nevada,Córdoba,Argentina,31,-31.30786791,-64.82676484,
El Abra,Córdoba,Argentina,31,-30.38536843,-65.15656272,
La Vanguardia,Córdoba,Argentina,31,-34.83234925,-63.54637561,
El Molino,Córdoba,Argentina,31,-30.23123136,-64.93310514,
Colonia Campo Albano,Córdoba,Argentina,31,-33.28962971,-63.14128075,
Colonia Maizales,Córdoba,Argentina,31,-32.53394317,-62.19505001,
Campo Martinelli,Córdoba,Argentina,31,-32.31830268,-64.10974942,
Colonia El Sauce,Córdoba,Argentina,31,-31.57215297,-62.12442129,
La Quinta,Córdoba,Argentina,31,-29.90934812,-63.88650474,
Rangel,Córdoba,Argentina,31,-30.58645783,-63.79054199,
Falda del Carmen Norte,Córdoba,Argentina,31,-31.55329448,-64.45779892,
Tarragona,Santa Fe,Argentina,31,-34.18953727,-62.53948207,
Colmena,Santa Fe,Argentina,31,-28.94840579,-59.71572316,
El Molle,Santa Fe,Argentina,31,-28.52221615,-61.24317436,
La Nicolosa,Santa Fe,Argentina,31,-29.78550323,-60.0940197,
San Pedro,Santa Fe,Argentina,31,-30.05857784,-60.21561957,
El Palmar,Entre Ríos,Argentina,31,-31.86762511,-58.21053168,
Albardón,Entre Ríos,Argentina,31,-33.11936622,-59.56845881,
Campo Jourbet,Entre Ríos,Argentina,31,-31.36179094,-59.62576185,
Fortín de la Perra,La Pampa,Argentina,31,-36.88472033,-65.24807687,
Santa Aurelia,La Pampa,Argentina,31,-35.48214453,-63.49623995,
Carrizal,La Rioja,Argentina,31,-28.99485089,-66.63132881,
San Miguel,La Rioja,Argentina,31,-29.62980465,-66.0954017,
Esquina del Norte,La Rioja,Argentina,31,-30.42339556,-66.09200959,
Bajo Hondo,La Rioja,Argentina,31,-30.41455556,-65.8661996,
Salana,La Rioja,Argentina,31,-31.02766782,-66.62046617,
La Represita,La Rioja,Argentina,31,-31.80965679,-66.53067687,
Antofalla,Catamarca,Argentina,31,-25.51741672,-67.61942703,
Iloga,Catamarca,Argentina,31,-28.39727347,-65.39776768,
La Cerrillada,Catamarca,Argentina,31,-28.93726225,-64.9203396,
El Potrero,Catamarca,Argentina,31,-28.182863,-66.14758245,
La Puerta,Catamarca,Argentina,31,-26.38986666,-66.25889908,
El Abra,Catamarca,Argentina,31,-28.07881853,-65.43318123,
Miraflores de la Candelaria,Jujuy,Argentina,31,-22.83053748,-65.8736875,
Tiraxi,Jujuy,Argentina,31,-24.00567575,-65.35663481,
La Lucrecia,Jujuy,Argentina,31,-23.73211418,-64.54096161,
Las Vertientes,Jujuy,Argentina,31,-23.81829539,-64.21590002,
Pasajes,Jujuy,Argentina,31,-22.2035028,-65.94285502,
El Valle,Salta,Argentina,31,-24.93533562,-63.67322379,
Estancia Vieja del Rey,Salta,Argentina,31,-24.89570054,-64.61216684,
Cañada de la Orqueta,Salta,Argentina,31,-24.86672643,-65.21026166,
La Tablada,Salta,Argentina,31,-24.86844766,-65.38206451,
San Miguel Sur,Salta,Argentina,31,-23.9681276,-63.13372943,
La Colonia,Salta,Argentina,31,-23.50789843,-62.83206831,
Espinillo,Salta,Argentina,31,-22.21431914,-64.66969735,
Antigal,Salta,Argentina,31,-22.16743287,-64.90741928,
Kilómetro 1210,Santiago del Estero,Argentina,31,-25.67885611,-63.12554707,
Las Palmeras,Santiago del Estero,Argentina,31,-27.955683,-62.78435369,
Rodeo Bajada,Santiago del Estero,Argentina,31,-27.8269079,-63.47041488,
Anchilo,Santiago del Estero,Argentina,31,-27.76889994,-62.8638084,
Mercedes,Santiago del Estero,Argentina,31,-29.62781171,-63.34701665,
El Naranjito,Tucumán,Argentina,31,-26.74574197,-65.06829992,
Colonia Moyano,Tucumán,Argentina,31,-26.96655746,-65.08700016,
Pilco,Tucumán,Argentina,31,-27.2348641,-65.45270334,
La Bolsa,Tucumán,Argentina,31,-27.45050092,-65.22246553,
Madre de Dios,Chaco,Argentina,31,-25.40492742,-62.34180262,
Cruce Peñaloza,Chaco,Argentina,31,-25.47548381,-61.09396314,
La Entrerriana,Chaco,Argentina,31,-26.42092545,-59.67901446,
Lote 92,Chaco,Argentina,31,-26.46085294,-59.34779554,
Pampa Carnevale,Chaco,Argentina,31,-27.07985661,-61.12898497,
El Simbolar Norte,Formosa,Argentina,31,-24.0356922,-60.94269891,
Ingeniero Enrique H. Faure,Formosa,Argentina,31,-23.97443763,-61.69687856,
Kilómetro 503,Formosa,Argentina,31,-25.38601086,-60.30332505,
Oratorio,Corrientes,Argentina,31,-28.37695621,-57.96286623,
Quiyatí,Corrientes,Argentina,31,-29.43437622,-57.30238917,
Concepción,Corrientes,Argentina,31,-27.9734594,-56.37700782,
Ovejería,Mendoza,Argentina,31,-34.67727915,-67.26517111,
Chalahuén,Mendoza,Argentina,31,-36.01467937,-69.73638386,
Mina Las Lajas,Mendoza,Argentina,31,-36.83608168,-69.0501563,
Las Paredes,Mendoza,Argentina,31,-34.47426916,-68.47658526,
San Isidro,San Luis,Argentina,31,-33.05862245,-66.61646698,
Picún Leufú,Neuquén,Argentina,31,-39.16124911,-70.44826719,
Puerto Lerin,Neuquén,Argentina,31,-40.0692387,-71.33679137,
Barrio Marengo,Río Negro,Argentina,31,-38.71068258,-68.14198166,
Emita,Buenos Aires,Argentina,30,-35.1616076,-60.24373469,
Isla Los Laureles,Buenos Aires,Argentina,30,-33.75670699,-59.37130939,
El Arazá,Buenos Aires,Argentina,30,-36.14889278,-57.8642316,
Campo Escudero,Buenos Aires,Argentina,30,-38.87762966,-61.73174747,
Las Lomas,Buenos Aires,Argentina,30,-38.07674321,-61.59855968,
La Vasca,Buenos Aires,Argentina,30,-36.47947286,-57.61320588,
Los Chúcaros,Buenos Aires,Argentina,30,-35.94550846,-60.34996733,
La Tribu,Buenos Aires,Argentina,30,-35.09577188,-61.14027306,
Cuartel VIII,Buenos Aires,Argentina,30,-36.08327832,-59.22020763,
La Espadaña,Buenos Aires,Argentina,30,-35.95628592,-59.18061025,
El Tropezón,Buenos Aires,Argentina,30,-34.8227861,-58.78352513,
El Alegre,Buenos Aires,Argentina,30,-36.14274454,-58.22907543,
El Gramillal,Buenos Aires,Argentina,30,-35.42181727,-59.27882566,
San Martín del Dulce,Buenos Aires,Argentina,30,-35.43214686,-59.63193914,
El Tuyutí,Buenos Aires,Argentina,30,-36.08642546,-59.48147633,
Colonia Bella Vista,Buenos Aires,Argentina,30,-39.43267986,-62.93446364,
La Selva,Buenos Aires,Argentina,30,-39.47218575,-62.5221309,
Cañada de Álvarez,Córdoba,Argentina,30,-32.36363543,-64.5500935,
Represa de Morales,Córdoba,Argentina,30,-30.94543693,-64.99361761,
Colonia Santa Clara,Córdoba,Argentina,30,-33.47527523,-63.81332954,
Cortaderas,Córdoba,Argentina,30,-31.16846174,-65.28608308,
Toros Muertos,Córdoba,Argentina,30,-31.29013781,-65.10842356,
Campo Leofú,Córdoba,Argentina,30,-33.87743256,-64.11287367,
El Cano,Córdoba,Argentina,30,-32.63333061,-64.61109976,
San Bartolomé,Córdoba,Argentina,30,-32.75639061,-64.73905462,
Vuelta de la Cañada,Córdoba,Argentina,30,-32.63873986,-64.37200178,
El Guanaco,Córdoba,Argentina,30,-29.9554545,-63.33353955,
Campo Los Matorrales,Córdoba,Argentina,30,-31.70609445,-63.62632381,
Ciénaga de Allende,Córdoba,Argentina,30,-31.74292168,-65.11464239,
El Callejón Norte,Córdoba,Argentina,30,-32.18006441,-64.17428194,
Los Álamos,Córdoba,Argentina,30,-30.42675273,-63.80415458,
Los Pozos,Córdoba,Argentina,30,-30.34069216,-63.16297794,
Colonia Corral de Guardia,Córdoba,Argentina,30,-32.03248352,-62.63166592,
Colonia Las Lonjas,Santa Fe,Argentina,30,-33.28794965,-61.55153134,
Cañada El Cisne,Santa Fe,Argentina,30,-31.00531822,-61.59595144,
Colonia El 25,Santa Fe,Argentina,30,-28.07866917,-59.33995669,
La Florida,Santa Fe,Argentina,30,-29.43259486,-61.76339689,
Las Chuñas,Santa Fe,Argentina,30,-28.72701384,-61.17613915,
Campo Las Mellizas,Santa Fe,Argentina,30,-28.92918648,-61.48967713,
El 44,Santa Fe,Argentina,30,-29.43792526,-60.53238181,
Berisso,Entre Ríos,Argentina,30,-33.24135546,-59.19299166,
Sarandí,Entre Ríos,Argentina,30,-33.08088357,-58.66304346,
La Silvia,Entre Ríos,Argentina,30,-32.12003632,-58.70521608,
Salina Grande,La Pampa,Argentina,30,-37.20598151,-63.58055365,
Colonia La Raquel,La Pampa,Argentina,30,-36.0290829,-64.31913547,
Cotita,La Pampa,Argentina,30,-37.72491242,-64.06296285,
Las Pampas,La Rioja,Argentina,30,-30.6128603,-67.02366857,
Cañada Larga,Catamarca,Argentina,30,-29.10003177,-65.55796358,
Concepción,Catamarca,Argentina,30,-28.67095468,-65.37562047,
El Tala,Catamarca,Argentina,30,-28.84083979,-64.99670289,
Kilómetro 1017,Catamarca,Argentina,30,-29.01269465,-65.09834451,
La Rinconada,Catamarca,Argentina,30,-27.94371239,-65.41610971,
Las Papas,Catamarca,Argentina,30,-26.98731293,-67.78230073,
Río Colorado,Catamarca,Argentina,30,-28.23466796,-67.70090222,
Cieneguillas,Jujuy,Argentina,30,-22.10062898,-65.86682231,
Yoscaba,Jujuy,Argentina,30,-22.16695396,-66.02457804,
Posta de Hornillos,Jujuy,Argentina,30,-23.65561536,-65.43178742,
Piscuno,Salta,Argentina,30,-24.06705244,-66.09902843,
Quebrada Grande,Salta,Argentina,30,-24.04436269,-66.31447121,
Chaguaral,Salta,Argentina,30,-24.0596811,-64.00385053,
El Reloj,Salta,Argentina,30,-22.10864104,-63.09895813,
Incahuasi,Salta,Argentina,30,-24.34946633,-65.97073737,
El Simbolar,Santiago del Estero,Argentina,30,-26.79817523,-63.45062556,
Dos Árboles,Santiago del Estero,Argentina,30,-25.77657092,-63.6401956,
Lote 43,Santiago del Estero,Argentina,30,-26.16399289,-61.81622316,
Puesto de Mena,Santiago del Estero,Argentina,30,-27.49795547,-63.26081079,
Lote 48,Santiago del Estero,Argentina,30,-26.92739176,-61.92999204,
El Bajo,Santiago del Estero,Argentina,30,-29.47628084,-63.44528814,
Concepción,Santiago del Estero,Argentina,30,-27.93261931,-63.60565192,
Los Gramajos,Tucumán,Argentina,30,-27.67968113,-65.38241571,
Puerto Mineral,Misiones,Argentina,30,-26.95385274,-55.12974965,
El Rosillo,Chaco,Argentina,30,-25.55684774,-62.9153707,
El Cebilar,Chaco,Argentina,30,-24.15555098,-62.221962,
El Rosario,Chaco,Argentina,30,-25.71672145,-61.13640526,
La Florida,Chaco,Argentina,30,-25.84580941,-60.77811321,
Las Gomas,Chaco,Argentina,30,-26.14397238,-60.73096601,
Santa Isabel,Formosa,Argentina,30,-24.35442618,-61.52970806,
Colonia El Ceibo,Formosa,Argentina,30,-25.08002001,-58.58257713,
Cabo 1° Noroña,Formosa,Argentina,30,-25.98792086,-59.28996154,
Pedro Díaz Colodrero,Corrientes,Argentina,30,-30.20471392,-58.25311918,
Colonia Pucheta,Corrientes,Argentina,30,-29.17823192,-59.09076742,
Caá Caraí,Corrientes,Argentina,30,-27.79070111,-56.26215809,
Paso Capitá Miní,Corrientes,Argentina,30,-28.9373238,-58.36784092,
Chañar,Corrientes,Argentina,30,-27.58097679,-57.9623749,
Cambá Trapo,Corrientes,Argentina,30,-28.53810282,-57.09847984,
Tres Cerros,Corrientes,Argentina,30,-29.10340359,-56.93178405,
Cruz del Eje,San Luis,Argentina,30,-31.90447217,-65.94054596,
El Recodo,San Luis,Argentina,30,-32.98400895,-66.46819914,
Embalse La Toma,San Luis,Argentina,30,-33.03721748,-65.66414673,
Río Quinto,San Luis,Argentina,30,-33.84820379,-65.27217993,
Colonia Calzada,San Luis,Argentina,30,-34.82380538,-66.44728224,
Chacay Melehue,Neuquén,Argentina,30,-37.24362911,-70.37268673,
Mallín del Toro,Neuquén,Argentina,30,-38.03587631,-70.75880307,
El Mirador,Neuquén,Argentina,30,-40.66525649,-71.34510651,
Pichi Traful,Neuquén,Argentina,30,-40.4991593,-71.58549445,
Villa Chocón Medio,Neuquén,Argentina,30,-39.34099791,-68.97055483,
Villa del Agrio,Neuquén,Argentina,30,-38.36504263,-70.03283903,
Colonia La Esperanza,Río Negro,Argentina,30,-39.18802623,-65.88499525,
Arroyo Verde,Chubut,Argentina,30,-41.99630436,-65.29317239,
Puerto Bustillo,Chubut,Argentina,30,-42.8762318,-71.6236108,
Canónigo Gorriti,Buenos Aires,Argentina,29,-37.54772984,-63.24464253,
Cuartel VI,Buenos Aires,Argentina,29,-35.09850238,-60.20477945,
El Carmen,Buenos Aires,Argentina,29,-36.8999503,-58.8989215,
Campodónico,Buenos Aires,Argentina,29,-36.34794891,-59.7928554,
La Central,Buenos Aires,Argentina,29,-34.26849677,-59.91925262,
San Patricio,Buenos Aires,Argentina,29,-34.61418654,-60.24841998,
Ibañez,Buenos Aires,Argentina,29,-36.03801237,-58.60327625,
Raulet,Buenos Aires,Argentina,29,-37.89547027,-61.48356716,
San Antonio,Buenos Aires,Argentina,29,-37.95501366,-59.08635645,
Santa María,Buenos Aires,Argentina,29,-38.2359181,-58.56279464,
Larramendy,Buenos Aires,Argentina,29,-35.64289155,-62.08745639,
Puente El Tuta,Buenos Aires,Argentina,29,-36.13437271,-58.59495869,
Santa Felisa,Buenos Aires,Argentina,29,-34.28683996,-60.69142466,
El Cardalito,Buenos Aires,Argentina,29,-35.58076407,-59.24083697,
El Cortapié,Buenos Aires,Argentina,29,-37.94968822,-62.65526641,
La Estrella,Buenos Aires,Argentina,29,-33.88632685,-59.68385156,
San Marcelo,Buenos Aires,Argentina,29,-35.40173522,-59.95922957,
Carahuasi,Córdoba,Argentina,29,-32.32196559,-64.70520386,
Modestino Pizarro,Córdoba,Argentina,29,-34.10720967,-65.07102181,
Campo El Caburé,Córdoba,Argentina,29,-32.13281624,-63.40476801,
Cayuqueo,Córdoba,Argentina,29,-32.8004817,-63.11907099,
La Cienaguita,Córdoba,Argentina,29,-30.4880266,-64.49409408,
La Concepción,Córdoba,Argentina,29,-30.32814917,-64.89089188,
Los Tártagos,Córdoba,Argentina,29,-30.52984202,-64.56815987,
Barreto,Córdoba,Argentina,29,-33.35320385,-63.30271476,
Colonia Luis Vélez,Córdoba,Argentina,29,-32.50965254,-62.27711984,
Colonia El Guanaco,Córdoba,Argentina,29,-34.32726953,-63.57947087,
Santa Flora,Córdoba,Argentina,29,-33.27915922,-64.34960603,
Campo Picatto,Córdoba,Argentina,29,-32.18455261,-63.82543745,
Isla Guaycurú,Santa Fe,Argentina,29,-28.89634507,-59.18652042,
El Pirincho,Santa Fe,Argentina,29,-28.84647375,-61.71263509,
La Hiedra,Santa Fe,Argentina,29,-28.59219378,-61.7262089,
María Eugenia,Santa Fe,Argentina,29,-30.48270824,-60.87164935,
El Tigre,Santa Fe,Argentina,29,-29.88779409,-61.08342421,
Campo La Celia,Santa Fe,Argentina,29,-33.27609263,-61.14271108,
Las Mellizas,Santa Fe,Argentina,29,-31.98173097,-61.77204664,
Campo Dean,Santa Fe,Argentina,29,-28.80522786,-59.88623347,
Kilómetro 13,Santa Fe,Argentina,29,-29.67362244,-60.37661892,
San Roque,Entre Ríos,Argentina,29,-30.68970152,-57.91525864,
Sauce Sur,Entre Ríos,Argentina,29,-30.96537061,-58.70868596,
Los Talas,Entre Ríos,Argentina,29,-31.02085502,-59.65284946,
Montiel,Entre Ríos,Argentina,29,-30.52549722,-59.1412911,
Paso La Balsa,Entre Ríos,Argentina,29,-31.70336583,-60.35424198,
Colonia Almada,Entre Ríos,Argentina,29,-32.2913136,-58.98783536,
La Estrella,Entre Ríos,Argentina,29,-32.47279873,-59.03663333,
Rincón del Villaguay,Entre Ríos,Argentina,29,-31.72286274,-58.87297567,
La Dorada,La Rioja,Argentina,29,-31.03825175,-66.30910873,
El Barreal,La Rioja,Argentina,29,-31.26002619,-66.71597712,
Adolfo E. Carranza,Catamarca,Argentina,29,-29.02589322,-66.0035236,
San Lorenzo,Catamarca,Argentina,29,-29.75047743,-65.45778887,
Coranzuli,Jujuy,Argentina,29,-23.01378524,-66.36664757,
Casa Grande,Jujuy,Argentina,29,-23.22246097,-65.552823,
Agua Colorada,Jujuy,Argentina,29,-22.32965045,-65.82591145,
Laguna Blanca,Salta,Argentina,29,-25.16404009,-64.08559291,
Juramento,Salta,Argentina,29,-25.12226893,-65.01372159,
Abra de Araguyoc,Salta,Argentina,29,-22.77407255,-65.1402889,
Río Blanco,Salta,Argentina,29,-24.89671092,-65.6709489,
Consuelo,Santiago del Estero,Argentina,29,-25.79447379,-63.55145978,
San Isidro,Santiago del Estero,Argentina,29,-25.84253659,-63.44426998,
La Estancia,Santiago del Estero,Argentina,29,-27.95892819,-62.68533225,
Puesto del Sauzal,Santiago del Estero,Argentina,29,-27.52493041,-64.61653454,
Colonia 6 Sur,Tucumán,Argentina,29,-26.93687571,-65.02122621,
La Chilca,Tucumán,Argentina,29,-27.78314755,-65.28500721,
El Nogalar,Tucumán,Argentina,29,-27.007043,-65.66247528,
El Ñandú,Chaco,Argentina,29,-25.94262583,-60.32662355,
Kilómetro 519,Chaco,Argentina,29,-27.41190553,-59.33755638,
Río Muerto,Chaco,Argentina,29,-26.26169637,-60.60358832,
Los Gansos,Chaco,Argentina,29,-27.82859943,-60.70350124,
Colonia Tres Palmas,Chaco,Argentina,29,-26.73803684,-59.96644737,
Colonia La Media Luna,Formosa,Argentina,29,-25.4427333,-60.0589632,
Tuyutí,Corrientes,Argentina,29,-27.38405356,-57.76125719,
San Carlos,Corrientes,Argentina,29,-29.05055544,-56.6834712,
Barrio Balneario,Corrientes,Argentina,29,-29.09625338,-59.21202535,
Colangüil,San Juan,Argentina,29,-30.03435182,-69.28710605,
Tucunuco,San Juan,Argentina,29,-30.59349746,-68.61947906,
La Aguada,San Luis,Argentina,29,-32.28074351,-65.83687722,
El Zampal,San Luis,Argentina,29,-32.36467742,-66.68368612,
Punta de Monte,San Luis,Argentina,29,-32.88284244,-65.22265493,
Paso Yuncón,Neuquén,Argentina,29,-40.30307731,-70.16523659,
Pampa de las Liebres,Neuquén,Argentina,29,-38.73265316,-69.31187265,
Cayanta,Neuquén,Argentina,29,-37.14192474,-70.72897951,
Tralahue,Neuquén,Argentina,29,-37.64545916,-70.34817371,
Bajada del Durazno,Neuquén,Argentina,29,-37.6972353,-70.52026778,
Yacht Club Neuquén,Neuquén,Argentina,29,-38.54435471,-68.58125887,
General Liborio Bernal,Río Negro,Argentina,29,-40.82960027,-63.65551602,
Vicealmirante Eduardo O' Connor,Río Negro,Argentina,29,-40.79729716,-63.87412235,
Playa Negra,Río Negro,Argentina,29,-41.35735079,-71.56942483,
Fitamiche,Río Negro,Argentina,29,-41.8362232,-70.73758546,
Chacay Huarruca,Río Negro,Argentina,29,-41.68316474,-70.70889424,
Río Chico Abajo,Río Negro,Argentina,29,-41.899081,-70.3617284,
Mina Gonzalito,Río Negro,Argentina,29,-41.31668526,-65.64616122,
Canquel,Chubut,Argentina,29,-44.46606617,-68.47690107,
Loma Blanca,Chubut,Argentina,29,-43.08630414,-65.22681067,
El Coyte,Chubut,Argentina,29,-45.23057585,-71.32725945,
Alto Río Pico,Chubut,Argentina,29,-44.21948651,-71.1723651,
Campo Miretzky,Buenos Aires,Argentina,28,-36.41980693,-59.78147567,
Santa Clara,Buenos Aires,Argentina,28,-36.50054778,-59.23432958,
Napostá,Buenos Aires,Argentina,28,-38.43973327,-62.24474131,
Isla Paulino,Buenos Aires,Argentina,28,-34.8360175,-57.87853901,
La Cascada,Buenos Aires,Argentina,28,-35.92707438,-57.73424401,
La Remonta,Buenos Aires,Argentina,28,-37.74820815,-61.53418411,
Zoilo Peralta,Buenos Aires,Argentina,28,-38.05707272,-61.66776757,
Membrillar,Buenos Aires,Argentina,28,-34.59124069,-60.61192215,
Ancaló,Buenos Aires,Argentina,28,-34.80832423,-62.44996127,
El Peludo,Buenos Aires,Argentina,28,-36.2492787,-60.38325688,
Santa Ana,Buenos Aires,Argentina,28,-34.36988359,-61.20151824,
La Huertita,Buenos Aires,Argentina,28,-36.68983477,-56.89571028,
Quirno Costa,Buenos Aires,Argentina,28,-34.8770532,-61.13951019,
Campo Frías,Buenos Aires,Argentina,28,-34.8665102,-63.29765628,
San Fermín,Buenos Aires,Argentina,28,-36.81807168,-62.62110964,
Los Aromitos,Buenos Aires,Argentina,28,-35.1414124,-61.85602219,
Mahón,Buenos Aires,Argentina,28,-35.37463569,-58.6929245,
Hinojo,Buenos Aires,Argentina,28,-35.56887397,-60.64317992,
Colonia Migliori,Buenos Aires,Argentina,28,-39.93769479,-62.43439088,
La Verde,Buenos Aires,Argentina,28,-40.75062364,-62.49484445,
Castro,Buenos Aires,Argentina,28,-33.79348694,-60.20064468,
Tres Cuervos,Buenos Aires,Argentina,28,-37.71204646,-63.06363405,
Guido Spano,Buenos Aires,Argentina,28,-34.23160708,-60.64768371,
Colonia El Mate,Buenos Aires,Argentina,28,-36.03895363,-62.81983169,
La Josefina,Buenos Aires,Argentina,28,-38.25457269,-60.57129163,
Blas Durañona,Buenos Aires,Argentina,28,-35.48017088,-60.13519932,
Puesto Colorado,Buenos Aires,Argentina,28,-35.88159382,-60.47788254,
San Antonio,Córdoba,Argentina,28,-30.61805342,-64.5397923,
Campo de la Torre,Córdoba,Argentina,28,-32.74560116,-64.5757854,
El Cóndor,Córdoba,Argentina,28,-31.60932208,-64.75819001,
Giulio Cesare,Córdoba,Argentina,28,-31.61365453,-64.90331596,
San Miguel,Córdoba,Argentina,28,-31.76507882,-65.41676485,
Cuesta del Río,Córdoba,Argentina,28,-32.17672201,-63.98479208,
Campo Las Chacras,Córdoba,Argentina,28,-32.77461277,-62.72041776,
Colonia Piloto,Santa Fe,Argentina,28,-28.31327139,-59.48044111,
Campo Furrer,Santa Fe,Argentina,28,-29.16874634,-60.00260543,
Kilómetro 375,Santa Fe,Argentina,28,-28.37596636,-59.98390319,
Saucesito,Entre Ríos,Argentina,28,-30.69443178,-59.15520466,
Apuyaco,La Pampa,Argentina,28,-37.42345735,-63.68241088,
Colonia San Juan,La Pampa,Argentina,28,-37.41704707,-63.44136534,
Remecó,La Pampa,Argentina,28,-37.6247196,-63.68216459,
Renaucó,La Pampa,Argentina,28,-38.37338787,-64.91875809,
La Maruja,La Rioja,Argentina,28,-30.84601083,-66.05990242,
Agua Blanca,La Rioja,Argentina,28,-31.70364144,-66.28615546,
Alto Corral de Isaac,La Rioja,Argentina,28,-31.94003568,-66.39292838,
La Callana,La Rioja,Argentina,28,-31.65884079,-66.35926618,
Los Nacimientos,Catamarca,Argentina,28,-25.82463818,-67.37179292,
Caspichango,Catamarca,Argentina,28,-26.73697049,-65.94972849,
Amaná,Catamarca,Argentina,28,-28.92696355,-65.52117944,
Puerta de Garay,Catamarca,Argentina,28,-29.45998149,-65.14116394,
Cuchinoque,Catamarca,Argentina,28,-27.87607494,-65.39426875,
Misarrumi,Jujuy,Argentina,28,-22.25991224,-66.36798717,
Potrero de la Puna,Jujuy,Argentina,28,-22.66066602,-65.54258695,
Los Sauces,Jujuy,Argentina,28,-24.41296935,-65.37776243,
Ciénaga Grande,Jujuy,Argentina,28,-23.8944313,-65.99165541,
Palca,Salta,Argentina,28,-22.57207992,-65.20527203,
El Trigal,Salta,Argentina,28,-24.67222724,-66.19463867,
El Cajón,Salta,Argentina,28,-24.81657831,-66.17450157,
Las Bolsas,Salta,Argentina,28,-23.73851492,-63.41829576,
El Vinalar,Salta,Argentina,28,-23.80366968,-63.31287549,
Las Arcas,Salta,Argentina,28,-25.84456804,-65.16977024,
Aragón,Salta,Argentina,28,-25.77080659,-64.60977028,
Alfarcito,Salta,Argentina,28,-24.49121754,-65.89023085,
Villa Palmar,Santiago del Estero,Argentina,28,-26.78792731,-63.41677504,
Socco,Santiago del Estero,Argentina,28,-27.27712234,-63.77037729,
Los Algarrobos,Santiago del Estero,Argentina,28,-29.4321695,-63.43972618,
La Bajada,Santiago del Estero,Argentina,28,-28.77787645,-63.5673115,
Tacoyoj,Santiago del Estero,Argentina,28,-28.15500153,-64.04729513,
Tala Sacha,Tucumán,Argentina,28,-27.84155168,-65.38319726,
Puerto Yrigoyen,Misiones,Argentina,28,-26.0984946,-54.63847434,
San Rafael,Misiones,Argentina,28,-27.21386184,-55.49497692,
Alta Esperanza,Chaco,Argentina,28,-25.39793318,-62.28686837,
Colonia San Eduardo,Chaco,Argentina,28,-26.90288315,-58.63204418,
Lote 33,Chaco,Argentina,28,-27.54656284,-61.43805854,
Puerta Negra,Chaco,Argentina,28,-25.77522516,-60.65033407,
Kilómetro 62,Chaco,Argentina,28,-26.65218939,-59.04926892,
La Blanca,Chaco,Argentina,28,-26.73014459,-59.05481367,
Los Palmares,Chaco,Argentina,28,-27.57683497,-59.16436745,
El Divisadero,Formosa,Argentina,28,-25.393481,-60.06021107,
Rodeo Porá,Corrientes,Argentina,28,-28.558634,-58.12097074,
Agui,Corrientes,Argentina,28,-27.41502504,-58.3576188,
Costa Guaviraví,Corrientes,Argentina,28,-29.10477335,-56.80907463,
Arroyo Horqueta,Corrientes,Argentina,28,-29.9878348,-58.53885071,
Balde del Norte,San Juan,Argentina,28,-30.58633653,-67.42531596,
Estación Canalejas,Mendoza,Argentina,28,-35.19871062,-66.51787355,
Camulcó,Mendoza,Argentina,28,-36.4781444,-69.82018118,
El Señuelo,San Luis,Argentina,28,-32.40469284,-66.11227604,
Las Brisas,San Luis,Argentina,28,-32.80585676,-66.36530559,
Los Tapiales,San Luis,Argentina,28,-33.02159725,-66.06933899,
Paso del Rey,San Luis,Argentina,28,-32.94521336,-66.00261261,
Auca Mahuida,Neuquén,Argentina,28,-37.88565969,-68.51934413,
Bajada de los Molles,Neuquén,Argentina,28,-39.18211427,-70.2729565,
Fortín 1° de Mayo,Neuquén,Argentina,28,-39.42614233,-70.65497276,
La Península,Neuquén,Argentina,28,-38.63557154,-68.57956642,
Matancilla,Neuquén,Argentina,28,-36.78186487,-70.68954833,
Paraje La Y,Neuquén,Argentina,28,-37.74905894,-70.64999,
Laguna Blanca,Neuquén,Argentina,28,-39.05665307,-70.34717585,
El Medanito,Río Negro,Argentina,28,-37.98395664,-67.95649164,
Bajo de la Calandria,Río Negro,Argentina,28,-39.33379559,-63.84706188,
La Calera,Río Negro,Argentina,28,-40.88808163,-65.79468303,
La Cancha,Chubut,Argentina,28,-42.796106,-70.9577693,
Manantiales Behr,Chubut,Argentina,28,-45.67836353,-67.73648629,
Puerto Cañero,Chubut,Argentina,28,-42.6135685,-71.64988217,
Minerales,Santa Cruz,Argentina,28,-46.86147037,-67.71844068,
El Bello,Santa Cruz,Argentina,28,-48.25182157,-72.22248573,
30 de Diciembre,Buenos Aires,Argentina,27,-36.00996289,-60.62091776,
Empalme Grünbein,Buenos Aires,Argentina,27,-38.75469217,-62.0719934,
San Gregorio,Buenos Aires,Argentina,27,-35.78290525,-57.59015981,
El Solito,Buenos Aires,Argentina,27,-35.60701935,-57.88929065,
Indacochea,Buenos Aires,Argentina,27,-35.05416107,-60.05681299,
San Alfredo,Buenos Aires,Argentina,27,-36.5257838,-61.81922679,
Los 4 Caminos,Buenos Aires,Argentina,27,-35.85552329,-60.18810714,
La Chinchilla,Buenos Aires,Argentina,27,-37.12124722,-61.26379028,
Barranca de los Lobos,Buenos Aires,Argentina,27,-38.13955708,-57.60889422,
La Cuadrada,Buenos Aires,Argentina,27,-36.97066512,-62.08699402,
La Legua,Buenos Aires,Argentina,27,-36.81722832,-62.55153156,
Doctor Domingo Harósteguy,Buenos Aires,Argentina,27,-36.15005369,-59.26767812,
La Angelita,Buenos Aires,Argentina,27,-35.88529169,-59.584717,
La Victoria,Buenos Aires,Argentina,27,-35.25042679,-62.02045115,
San Francisco,Buenos Aires,Argentina,27,-35.00510488,-61.88635942,
Lavalle,Buenos Aires,Argentina,27,-38.10504736,-58.91179165,
La Moderna,Buenos Aires,Argentina,27,-36.97931694,-60.98879962,
Colonia 7 de Marzo,Buenos Aires,Argentina,27,-40.81355348,-62.6635421,
Campo Urrutia,Buenos Aires,Argentina,27,-33.83236209,-60.76584027,
El Júpiter,Buenos Aires,Argentina,27,-33.62560437,-60.04341338,
El Chalar,Buenos Aires,Argentina,27,-36.45633088,-59.08743769,
La Soledad,Buenos Aires,Argentina,27,-34.30813362,-61.00026739,
La Norma,Buenos Aires,Argentina,27,-37.81647538,-62.24739049,
Paraje La Herrería,Buenos Aires,Argentina,27,-38.24469467,-59.77501526,
Cuartel V,Buenos Aires,Argentina,27,-33.60442222,-60.41808352,
Campo Arechaval,Buenos Aires,Argentina,27,-35.18340842,-58.45202471,
La Huella,Buenos Aires,Argentina,27,-36.41944063,-57.35135762,
El Mate,Buenos Aires,Argentina,27,-35.16906922,-59.91409605,
Altos del Cañadón,Buenos Aires,Argentina,27,-34.33207626,-59.10322024,
Pozo del Tigre,Córdoba,Argentina,27,-31.10647408,-64.1844746,
Colonia Stábile,Córdoba,Argentina,27,-34.5951037,-64.10227631,
Los Algarrobos,Córdoba,Argentina,27,-30.13934312,-64.3364675,
Colonia La Florida,Córdoba,Argentina,27,-32.85028763,-63.58087427,
Buena Vista,Córdoba,Argentina,27,-31.39231275,-64.92297868,
Gavilán,Córdoba,Argentina,27,-34.02688049,-63.84567499,
Dique San Jerónimo,Córdoba,Argentina,27,-30.98423311,-64.46006113,
Tres Esquinas,Córdoba,Argentina,27,-31.1695936,-63.80875817,
Caña Cruz,Córdoba,Argentina,27,-29.83681226,-63.73798023,
La Ribera,Córdoba,Argentina,27,-31.65075115,-63.84667319,
Pista Rosalinda,Córdoba,Argentina,27,-31.4062768,-62.40716686,
Caspi Cuchuna,Córdoba,Argentina,27,-29.81671088,-64.06918468,
Campo San Alfredo,Córdoba,Argentina,27,-31.96745811,-63.09746383,
Puesto del Rosario,Córdoba,Argentina,27,-30.78384045,-63.93861551,
San Juan,Córdoba,Argentina,27,-30.66551461,-64.00224317,
Copacabana,Santa Fe,Argentina,27,-33.42244041,-61.26291945,
Runciman,Santa Fe,Argentina,27,-33.8971764,-61.82731754,
Campo Tazzioli,Santa Fe,Argentina,27,-34.12348362,-61.606726,
4 de Febrero,Santa Fe,Argentina,27,-33.80716166,-61.58347019,
Campo Medina,Santa Fe,Argentina,27,-32.75159999,-61.06384115,
Loma Partida,Santa Fe,Argentina,27,-32.93447192,-61.61506104,
Juan de Garay,Santa Fe,Argentina,27,-29.69024312,-61.60567375,
Oroño,Santa Fe,Argentina,27,-31.91406955,-61.09807806,
Bajo Las Liebres,Santa Fe,Argentina,27,-32.3390215,-61.97662102,
El Aromal,Santa Fe,Argentina,27,-29.90704801,-60.57253399,
Colonia Los Galpones,Santa Fe,Argentina,27,-29.98383128,-60.21383947,
Ceibas,Entre Ríos,Argentina,27,-33.31844567,-58.94797772,
Capivara,Entre Ríos,Argentina,27,-31.15242117,-59.50791841,
Chosmalal,La Pampa,Argentina,27,-36.78206882,-68.16806255,
El Mollar,La Rioja,Argentina,27,-30.47374396,-66.27757232,
La Piedra Pintada,La Rioja,Argentina,27,-31.05625157,-66.62047846,
Torrecitas,La Rioja,Argentina,27,-30.91175048,-66.13815728,
Piedras Blancas,Catamarca,Argentina,27,-28.01000674,-65.94302765,
Mina Capillitas,Catamarca,Argentina,27,-27.34233092,-66.37103611,
Paycuqui,Catamarca,Argentina,27,-25.92809398,-67.36827343,
Puerta de Molle Yaco,Catamarca,Argentina,27,-28.4480021,-65.26934319,
Tierra Verde,Catamarca,Argentina,27,-27.91323848,-65.70708486,
El Tesoro,Catamarca,Argentina,27,-27.08861726,-66.15256024,
Casillas,Jujuy,Argentina,27,-22.72795334,-65.36077308,
Pucará,Jujuy,Argentina,27,-23.20252244,-65.24862895,
La Argentina,Salta,Argentina,27,-24.50320214,-63.03282073,
El Molino,Salta,Argentina,27,-24.87876606,-65.37617923,
El Carpintero,Salta,Argentina,27,-23.32615408,-63.25353596,
El Mollar,Salta,Argentina,27,-24.86429708,-65.70031115,
Pucarilla,Salta,Argentina,27,-25.85563315,-66.35574608,
Los Pozancones,Santiago del Estero,Argentina,27,-25.99966561,-63.06117625,
San Miguel,Santiago del Estero,Argentina,27,-28.95491097,-64.69129331,
Lote 28,Santiago del Estero,Argentina,27,-27.78188702,-62.01180592,
Santo Domingo,Santiago del Estero,Argentina,27,-29.25292436,-63.92649441,
Coronel Fernández,Santiago del Estero,Argentina,27,-29.53517396,-63.23775891,
Los Díaz,Tucumán,Argentina,27,-27.70950863,-65.41771945,
El Tizón,Chaco,Argentina,27,-27.64855159,-61.42393415,
El Rincón Dichoso,Chaco,Argentina,27,-25.97985393,-60.76412306,
Kilómetro 501,Chaco,Argentina,27,-27.45844616,-59.49131285,
San Antonio,Chaco,Argentina,27,-26.67288279,-61.58494955,
Picada San Martín,Formosa,Argentina,27,-23.04309747,-62.06051792,
Puesto El Sótano,Formosa,Argentina,27,-23.01065224,-61.99223513,
Tres Pozos,Formosa,Argentina,27,-23.39485483,-61.97547658,
Naranjito,Corrientes,Argentina,27,-28.92596266,-58.27549476,
Ovejita,Corrientes,Argentina,27,-29.79397468,-58.75269685,
El Leoncito,San Juan,Argentina,27,-31.79585166,-69.3338227,
Don Carlos,Mendoza,Argentina,27,-35.77676108,-67.28584151,
La Matancilla,Mendoza,Argentina,27,-36.79992183,-68.85521904,
La Sirena,San Luis,Argentina,27,-31.944451,-65.8223199,
El Barrial,San Luis,Argentina,27,-32.82930984,-66.37383859,
Cochequingán,San Luis,Argentina,27,-35.30493619,-65.90374411,
Mataco,San Luis,Argentina,27,-33.25385711,-66.90257139,
Puerto Anchorena,Neuquén,Argentina,27,-40.97164903,-71.52295157,
Bajada de Echandi,Río Negro,Argentina,27,-41.15940146,-63.54918207,
Comallo Arriba,Río Negro,Argentina,27,-40.95278531,-70.22939792,
Ciervo Rojo,Chubut,Argentina,27,-44.92667154,-71.57351566,
Colonia Nievas,Buenos Aires,Argentina,26,-36.86532347,-60.08238342,
Santa Anita,Buenos Aires,Argentina,26,-36.87402862,-63.14726157,
Colonia Santa María,Buenos Aires,Argentina,26,-35.93106244,-61.48872412,
Boca del Salado,Buenos Aires,Argentina,26,-35.74807128,-57.38080409,
El Capricho,Buenos Aires,Argentina,26,-36.01644743,-57.72628517,
Otoño,Buenos Aires,Argentina,26,-37.00761267,-61.85103719,
San Juan,Buenos Aires,Argentina,26,-36.691481,-57.86187768,
La Blanqueada,Buenos Aires,Argentina,26,-35.51901935,-58.43802275,
El Mosquito,Buenos Aires,Argentina,26,-36.00092532,-59.22194519,
El Tropezón,Buenos Aires,Argentina,26,-35.89902748,-59.14136947,
Santa Marta,Buenos Aires,Argentina,26,-34.71738168,-61.4031879,
Tuyutí,Buenos Aires,Argentina,26,-34.52046231,-59.67253192,
El Ideal,Buenos Aires,Argentina,26,-33.70194696,-59.86070685,
La Horqueta,Buenos Aires,Argentina,26,-38.24160953,-60.32321428,
El Chimborazo,Buenos Aires,Argentina,26,-35.46287867,-60.0370836,
Santiago Garbarini,Buenos Aires,Argentina,26,-35.48286873,-60.38213955,
Reserva Natural,Buenos Aires,Argentina,26,-34.83103387,-57.96838047,
Cerro Hermoso,Córdoba,Argentina,26,-31.94281305,-64.63835376,
El Saladillo,Córdoba,Argentina,26,-30.32447365,-65.0350898,
Los Alfalfares,Córdoba,Argentina,26,-34.81135409,-64.71822815,
Mesa de Mariano,Córdoba,Argentina,26,-31.08329072,-65.08784362,
Los Eucaliptos,Córdoba,Argentina,26,-30.11536724,-62.93173502,
Playa Grande,Córdoba,Argentina,26,-30.90744848,-62.77272114,
Colonia San José,Córdoba,Argentina,26,-31.9007178,-64.07064418,
San José,Córdoba,Argentina,26,-31.68951028,-64.61421304,
Retiro,Córdoba,Argentina,26,-29.63755144,-63.96355944,
Campo del Bel,Córdoba,Argentina,26,-32.18069456,-63.64243569,
Las Lomitas,Córdoba,Argentina,26,-30.28178126,-64.29516306,
Campo San Elias,Córdoba,Argentina,26,-33.23419674,-62.87725821,
La Viuda,Santa Fe,Argentina,26,-33.2273614,-61.55543211,
Kilómetro 67,Santa Fe,Argentina,26,-28.36959713,-59.65990669,
Distrito Tala,Entre Ríos,Argentina,26,-31.73537077,-59.94587811,
Señor de la Peña,La Rioja,Argentina,26,-28.82517546,-66.75716056,
Casas Viejas,La Rioja,Argentina,26,-31.09546224,-66.50896562,
Las Cortaderas,La Rioja,Argentina,26,-31.04953081,-66.43556702,
Las Toscas,La Rioja,Argentina,26,-31.75308931,-66.74323714,
Valle Hermoso,La Rioja,Argentina,26,-28.38241679,-68.00054251,
El Arbolito,Catamarca,Argentina,26,-28.78322557,-65.65373012,
Calahoyo,Jujuy,Argentina,26,-22.02957384,-65.84728764,
San Bernardo,Jujuy,Argentina,26,-23.84046209,-65.29765331,
Mangrullo,Salta,Argentina,26,-25.49191826,-63.89960201,
El Tastil,Salta,Argentina,26,-23.16303971,-63.68232025,
Bobadal,Salta,Argentina,26,-22.51591332,-63.35307958,
Sala Escuya,Salta,Argentina,26,-22.78441175,-65.04124537,
Punta de Agua,Salta,Argentina,26,-25.52201153,-64.92161477,
El Lecherón,Salta,Argentina,26,-23.94857399,-63.46246903,
Río Salado,Salta,Argentina,26,-25.45839793,-65.84420051,
La Nueva Donosa,Santiago del Estero,Argentina,26,-27.44217907,-64.94610882,
Pozo del Tigre,Santiago del Estero,Argentina,26,-28.01258721,-62.31509232,
Campo del Cielo,Santiago del Estero,Argentina,26,-27.86954918,-61.80467619,
San Nicolás,Santiago del Estero,Argentina,26,-29.33724215,-63.11482704,
El Durazno,Tucumán,Argentina,26,-27.50464445,-65.42747058,
Puerto Oro Verde,Misiones,Argentina,26,-26.8631299,-55.13430647,
Cuatro Bocas,Chaco,Argentina,26,-25.90625828,-61.32576051,
El Palo Blanco,Chaco,Argentina,26,-26.61176681,-61.59244465,
Colonia General Necochea,Chaco,Argentina,26,-27.38331905,-61.01526827,
Campo de Mayo,Chaco,Argentina,26,-25.49931682,-60.61236623,
La Gerónima,Chaco,Argentina,26,-26.07668189,-60.33774366,
Palo Marcado,Chaco,Argentina,26,-25.40625435,-60.72926412,
Pampa Castro,Chaco,Argentina,26,-25.85574634,-60.92899931,
Pozo de Molina,Formosa,Argentina,26,-24.14184806,-60.5123291,
Puesto Ciro,Corrientes,Argentina,26,-29.01807533,-57.74500429,
Aguirre Cué,Corrientes,Argentina,26,-27.4139064,-58.37904909,
Garabata,Corrientes,Argentina,26,-27.69734607,-58.34811122,
La Aurora,Corrientes,Argentina,26,-28.33716704,-56.81737731,
Curuzú Laurel,Corrientes,Argentina,26,-27.93896203,-57.50380101,
El Salado,San Juan,Argentina,26,-31.33283851,-68.4155687,
Las Leñas,Mendoza,Argentina,26,-35.14761061,-70.08213075,
Los Cavaos,Mendoza,Argentina,26,-36.0899223,-69.65152296,
Coehue Co,Mendoza,Argentina,26,-36.27364508,-69.42007964,
Buen Orden,San Luis,Argentina,26,-32.59769628,-66.7096166,
Ciénaga de Intihuasi,San Luis,Argentina,26,-32.92967599,-65.93647499,
Paso de las Carretas,San Luis,Argentina,26,-33.33220583,-65.8796988,
La Totora,San Luis,Argentina,26,-33.15058251,-65.72483906,
Comandante Granville,San Luis,Argentina,26,-33.46007666,-65.88420909,
El Churrasco,San Luis,Argentina,26,-32.60475327,-65.18890816,
Polledo,San Luis,Argentina,26,-35.15346622,-65.75147078,
Colonia La Verde,San Luis,Argentina,26,-35.5254247,-65.36700118,
La Represita,San Luis,Argentina,26,-32.16124872,-65.6844698,
San Rafael,San Luis,Argentina,26,-32.75952784,-65.61413952,
San Fernando,San Luis,Argentina,26,-32.71438559,-65.68587293,
Cullen,Tierra del Fuego,Argentina,26,-52.8850756,-68.44760786,
Lago Filo Hua Hum,Neuquén,Argentina,26,-40.50115682,-71.28095084,
Lago Espejo Chico,Neuquén,Argentina,26,-40.59528365,-71.71656293,
Paja Alta,Río Negro,Argentina,26,-40.90839973,-66.32905444,
Lago Verde,Chubut,Argentina,26,-42.71751782,-71.72561586,
Costa del Gualjaina,Chubut,Argentina,26,-42.6653406,-70.44439055,
Laguna Fría,Chubut,Argentina,26,-42.78367988,-68.21552215,
Ingeniero Cappa,Santa Cruz,Argentina,26,-51.86857234,-70.98125215,
Club de Campo Las Malvinas,Buenos Aires,Argentina,25,-35.20880168,-58.24162506,
Presidente Quintana,Buenos Aires,Argentina,25,-35.22337587,-60.19128335,
Juan Bautista,Buenos Aires,Argentina,25,-37.21492038,-58.01021969,
La Isabelita,Buenos Aires,Argentina,25,-36.82283813,-59.36261514,
El Retiro,Buenos Aires,Argentina,25,-35.52616373,-62.49590447,
Pueblo Nuevo,Buenos Aires,Argentina,25,-34.24895588,-59.89165731,
Los Manantiales,Buenos Aires,Argentina,25,-35.83553487,-57.42233996,
San Vicente,Buenos Aires,Argentina,25,-34.76076266,-60.32560594,
Henry Bell,Buenos Aires,Argentina,25,-35.04529288,-59.95194542,
La Unión,Buenos Aires,Argentina,25,-34.91793834,-59.76443534,
El Sauce,Buenos Aires,Argentina,25,-36.3390104,-57.90954651,
La Esperanza,Buenos Aires,Argentina,25,-36.58987096,-58.14809418,
Cuartel VI,Buenos Aires,Argentina,25,-34.83900401,-61.19110223,
El Día,Buenos Aires,Argentina,25,-34.73790218,-62.83287726,
Saturno,Buenos Aires,Argentina,25,-36.91365922,-62.68267577,
La Argentina,Buenos Aires,Argentina,25,-35.15011036,-62.10305671,
Garrido,Buenos Aires,Argentina,25,-37.84154808,-58.75558701,
El Socavón,Buenos Aires,Argentina,25,-35.29917818,-60.75398522,
El Cardal,Buenos Aires,Argentina,25,-37.94589194,-63.21793457,
La Rosalía,Buenos Aires,Argentina,25,-37.87982351,-63.29768098,
Abra del Hinojo,Buenos Aires,Argentina,25,-37.72223726,-62.10192511,
Monte Paquete,Buenos Aires,Argentina,25,-39.3844459,-62.45136382,
Río de los Sauces,Córdoba,Argentina,25,-30.74231668,-64.28057406,
Colonia San José,Córdoba,Argentina,25,-33.45659003,-63.6800858,
Chamico,Córdoba,Argentina,25,-31.41436856,-65.09598584,
El Paraíso,Córdoba,Argentina,25,-33.98464695,-62.60218542,
Laguna Oscura,Córdoba,Argentina,25,-33.86441307,-64.85521499,
Poste Fierro,Córdoba,Argentina,25,-33.20239842,-65.14204104,
Pozo de la Esquina,Córdoba,Argentina,25,-31.08034047,-63.46760322,
Punta del Monte,Córdoba,Argentina,25,-29.7207097,-63.58198683,
Campo Scaramuzza,Córdoba,Argentina,25,-31.87376267,-63.57804823,
Colonia Dos Hermanas,Córdoba,Argentina,25,-31.67955487,-63.95635155,
Colonia Cocha,Córdoba,Argentina,25,-31.94671741,-63.92915097,
El Barreal,Córdoba,Argentina,25,-29.70271376,-64.23046473,
San Francisco,Córdoba,Argentina,25,-29.88936196,-64.00499018,
Campo Macagno,Córdoba,Argentina,25,-32.15996963,-63.75191437,
La Lagunilla,Córdoba,Argentina,25,-31.52593005,-64.36057146,
El Progreso,Santa Fe,Argentina,25,-29.84830228,-59.8082664,
Campo Rotella,Santa Fe,Argentina,25,-29.47530752,-60.60334055,
Barragán,Entre Ríos,Argentina,25,-30.84720307,-59.07829655,
Basualdo,Entre Ríos,Argentina,25,-30.23422057,-58.52726316,
Colonia La Gama,Entre Ríos,Argentina,25,-31.47916399,-59.6752587,
Colonia San Gregorio,Entre Ríos,Argentina,25,-31.52884347,-58.67112075,
Padre Ángel Buodo,La Pampa,Argentina,25,-37.30721753,-64.28866678,
Los Mistoles,La Rioja,Argentina,25,-30.80192703,-66.31328941,
Agua Colorada,La Rioja,Argentina,25,-30.88457295,-66.20856975,
Virgen del Valle,La Rioja,Argentina,25,-31.7173237,-66.09506301,
Cordobita,Catamarca,Argentina,25,-28.3056792,-67.21783216,
Carachi Pampa,Catamarca,Argentina,25,-26.40120296,-67.48624342,
Alto El Bolsón,Catamarca,Argentina,25,-26.94434948,-66.73523114,
Los Álamos,Catamarca,Argentina,25,-28.45037179,-65.39424925,
Sepultura,Jujuy,Argentina,25,-23.64349526,-65.59611733,
El Quebrachal,Salta,Argentina,25,-25.24401041,-63.14495168,
Simbolito,Salta,Argentina,25,-24.89864502,-63.60998167,
Tres Morros,Salta,Argentina,25,-22.9294844,-64.81068082,
El Totoral,Salta,Argentina,25,-23.5425594,-63.46097886,
Ternera Atada,Salta,Argentina,25,-24.02901923,-63.34942051,
El Coleto,Salta,Argentina,25,-23.56406315,-63.08848258,
Las Colgadas,Salta,Argentina,25,-25.90837658,-64.62057542,
Chorrillos,Salta,Argentina,25,-24.75740023,-65.74456463,
Kilómetro 764,Santiago del Estero,Argentina,25,-29.25642592,-62.53102648,
Santa Rosa,Santiago del Estero,Argentina,25,-26.70380166,-62.29881055,
Las Zanjas,Santiago del Estero,Argentina,25,-27.27187828,-64.08058788,
San Antonio,Santiago del Estero,Argentina,25,-27.79027459,-63.15552129,
El Ochenta y Seis,Santiago del Estero,Argentina,25,-27.00991369,-62.05483841,
Monte Redondo,Santiago del Estero,Argentina,25,-27.69443764,-63.22223946,
Río Saladillo,Santiago del Estero,Argentina,25,-28.88893314,-63.97733431,
Kilómetro 101,Santiago del Estero,Argentina,25,-29.38793268,-64.1799696,
Agua Azul,Santiago del Estero,Argentina,25,-26.51721805,-64.15228428,
Las Chicharras,Santiago del Estero,Argentina,25,-29.61283887,-63.11856328,
Media Luna,Santiago del Estero,Argentina,25,-29.51911145,-63.00847668,
Puesto San Antonio,Santiago del Estero,Argentina,25,-27.60537959,-64.94331589,
Isla de Aragonés,Santiago del Estero,Argentina,25,-27.45530118,-64.64352469,
Pozo Jume,Santiago del Estero,Argentina,25,-27.63172035,-64.99505802,
Los Ortíz,Tucumán,Argentina,25,-27.80410054,-65.28848838,
Yasyamayo,Tucumán,Argentina,25,-26.46401273,-65.83810657,
La Toma,Tucumán,Argentina,25,-26.68390857,-65.45672844,
Zuberbühler,Chaco,Argentina,25,-27.71722531,-61.36515605,
Las Margaritas,Chaco,Argentina,25,-25.67499223,-61.19602436,
Las Palomas,Chaco,Argentina,25,-25.31689755,-60.58563978,
El Palmar,Chaco,Argentina,25,-27.51875586,-59.00432774,
Posta del Salado,Formosa,Argentina,25,-26.40287286,-58.39216136,
El Milagro,Formosa,Argentina,25,-23.49634028,-62.03461815,
Los Penitentes,Mendoza,Argentina,25,-32.84152686,-69.8422734,
Balzora,San Luis,Argentina,25,-31.98138128,-66.9566175,
Santa Ana,San Luis,Argentina,25,-32.14527124,-66.04617734,
Planta de Sandía,San Luis,Argentina,25,-32.76714378,-65.55005845,
Lago Roca,Tierra del Fuego,Argentina,25,-54.83045396,-68.56316992,
Rancho Hambre,Tierra del Fuego,Argentina,25,-54.7409449,-67.83436526,
Punta de Agua,Neuquén,Argentina,25,-37.89527601,-69.28191984,
Tres Chorros,Neuquén,Argentina,25,-37.4991453,-70.38120627,
Rincón Colorado,Neuquén,Argentina,25,-37.56907256,-68.36189448,
Los Pozones,Neuquén,Argentina,25,-39.14529897,-70.04422874,
Cuesta del Ternero,Río Negro,Argentina,25,-41.94951984,-71.37589424,
Colonia San Juan,Río Negro,Argentina,25,-40.06769719,-64.61479933,
Toro Hosco,Chubut,Argentina,25,-44.29670294,-69.40080201,
Las Bahamas,Buenos Aires,Argentina,24,-33.63767501,-59.98885478,
La Argentina,Buenos Aires,Argentina,24,-35.14570896,-62.73085052,
Santa Inés,Buenos Aires,Argentina,24,-35.40277262,-62.59203471,
El Lucero,Buenos Aires,Argentina,24,-38.33662393,-61.16132588,
La Virginia,Buenos Aires,Argentina,24,-38.09028603,-61.0375927,
Cuartel VII,Buenos Aires,Argentina,24,-37.64040282,-62.00640557,
El Relincho,Buenos Aires,Argentina,24,-37.82284971,-61.80838136,
Santa Ana,Buenos Aires,Argentina,24,-37.76949755,-61.9395759,
Gándara,Buenos Aires,Argentina,24,-35.44944812,-58.09409409,
Campo Zacardi,Buenos Aires,Argentina,24,-34.7428278,-60.12969339,
Montes del Tordillo,Buenos Aires,Argentina,24,-36.37714797,-57.50316243,
Los Horcones,Buenos Aires,Argentina,24,-37.06320245,-57.00376751,
La Chancleta,Buenos Aires,Argentina,24,-35.42089335,-58.32535746,
La Porteña,Buenos Aires,Argentina,24,-35.93916368,-59.33221103,
Edmundo Banbury Perkins,Buenos Aires,Argentina,24,-34.46441479,-61.66671314,
El Arazá,Buenos Aires,Argentina,24,-35.38417207,-59.07348775,
Vergara,Buenos Aires,Argentina,24,-35.38347988,-57.80342587,
Santa Elvira,Buenos Aires,Argentina,24,-36.79831867,-57.27184402,
Manantiales,Buenos Aires,Argentina,24,-33.74696223,-60.32532859,
Marelli,Buenos Aires,Argentina,24,-33.59942787,-59.93824341,
Las Polvaredas,Buenos Aires,Argentina,24,-34.16186968,-60.60895387,
El Correntino,Buenos Aires,Argentina,24,-36.1722967,-62.33548756,
Maya,Buenos Aires,Argentina,24,-35.72685382,-62.48729478,
Las Isletas,Buenos Aires,Argentina,24,-39.65983048,-62.18572485,
Chacras de la Trinidad,Buenos Aires,Argentina,24,-35.01888291,-58.6535794,
Paraíso Encantado,Buenos Aires,Argentina,24,-35.49067979,-58.7748035,
Las Lagunitas,Córdoba,Argentina,24,-32.60593182,-64.72845537,
Puesto Los Corrales,Córdoba,Argentina,24,-32.06704751,-64.88346631,
Kilómetro 541,Córdoba,Argentina,24,-30.79677145,-65.13818686,
La Margarita,Córdoba,Argentina,24,-34.72429895,-63.77014972,
Todos los Santos,Córdoba,Argentina,24,-30.77847369,-64.30943144,
Colonia Garibaldi,Córdoba,Argentina,24,-32.81483861,-61.93506131,
Sauce de los Quevedos,Córdoba,Argentina,24,-31.23987352,-65.03138745,
El Cadillo,Córdoba,Argentina,24,-31.33981194,-65.54162526,
Los Castaños,Córdoba,Argentina,24,-30.7604769,-63.09885387,
San Luis,Córdoba,Argentina,24,-29.83807804,-63.43614452,
Juan Bautista Alberdi,Córdoba,Argentina,24,-31.51988055,-65.06180661,
La Isla,Córdoba,Argentina,24,-31.70315978,-64.48599757,
Campo Janon,Córdoba,Argentina,24,-32.3202563,-63.61554853,
Cañada del Tala,Córdoba,Argentina,24,-30.40607171,-63.90056321,
Guasuncho,Santa Fe,Argentina,24,-28.32687135,-59.62036133,
Las Pencas,Santa Fe,Argentina,24,-32.31372809,-61.11756902,
Asunción María,Santa Fe,Argentina,24,-30.20243432,-60.59835661,
El Carumbé,Entre Ríos,Argentina,24,-30.97159585,-59.11180169,
Colonia Reffino,Entre Ríos,Argentina,24,-31.91606945,-60.4230635,
Colonia Levin,Entre Ríos,Argentina,24,-32.10204657,-58.83498563,
Las Gredas,La Rioja,Argentina,24,-28.8558955,-67.59773856,
Niño de Guaico,La Rioja,Argentina,24,-28.6787925,-67.65915974,
La Ciénaga Redonda,Catamarca,Argentina,24,-25.33265667,-66.83926341,
El Breal,Catamarca,Argentina,24,-27.74943358,-67.15923372,
Rodeo Gerván,Catamarca,Argentina,24,-26.97219901,-66.8371036,
San Francisco,Jujuy,Argentina,24,-22.00096589,-66.17325708,
Paso de la Cruz,Salta,Argentina,24,-25.03312381,-64.57041477,
El Nogalar,Salta,Argentina,24,-25.16467446,-65.62780761,
La Despensa,Salta,Argentina,24,-24.55661607,-65.21371648,
La Represa,Salta,Argentina,24,-25.41559497,-65.57549116,
Palmar 1,Salta,Argentina,24,-22.28413568,-63.12101237,
Tres Pozos,Salta,Argentina,24,-24.12315474,-63.02292074,
La Costosa,Salta,Argentina,24,-25.66319992,-64.63308724,
El Remanso,Santiago del Estero,Argentina,24,-26.27351281,-62.29636716,
Los Tableros,Santiago del Estero,Argentina,24,-28.98851429,-62.32225795,
Las Iguanas,Santiago del Estero,Argentina,24,-28.65223503,-65.03005976,
Medio Mundo,Santiago del Estero,Argentina,24,-27.935866,-65.07831633,
Punco,Santiago del Estero,Argentina,24,-27.82605368,-63.15084801,
El Carmen,Santiago del Estero,Argentina,24,-29.30083713,-62.80198072,
Saldívar,Santiago del Estero,Argentina,24,-27.73564955,-62.63292302,
25 de Mayo,Santiago del Estero,Argentina,24,-29.72737091,-63.42783186,
9 de Julio,Santiago del Estero,Argentina,24,-29.65554059,-63.47412398,
El Sinquial,Tucumán,Argentina,24,-26.65014348,-64.80738676,
Chacras Viejas,Tucumán,Argentina,24,-27.57328347,-65.47766258,
El Cruce,Tucumán,Argentina,24,-27.79101068,-65.07635893,
Quebrada de Lules,Tucumán,Argentina,24,-26.89823469,-65.37577069,
Encalilla,Tucumán,Argentina,24,-26.52374319,-65.99386007,
Puerto Victoria,Misiones,Argentina,24,-26.33489302,-54.66239899,
Monte Quemado,Misiones,Argentina,24,-26.82341968,-54.70350166,
Colonia Pampa Unida,Chaco,Argentina,24,-26.29632926,-60.95654132,
Loma Alta,Chaco,Argentina,24,-26.77968308,-58.81627981,
El Recreo,Chaco,Argentina,24,-24.60845636,-62.06862662,
Los Potreros,Chaco,Argentina,24,-25.66350382,-60.74444133,
Miramar,Chaco,Argentina,24,-25.5258421,-60.54752155,
La Junta,Formosa,Argentina,24,-23.51003755,-62.15708001,
Colonia Dante Sandrelli,Formosa,Argentina,24,-24.46425375,-59.80418639,
El Gato,Formosa,Argentina,24,-26.16948523,-58.93638772,
El Carrizal,Corrientes,Argentina,24,-28.16034642,-58.86565586,
El Pollo Este,Corrientes,Argentina,24,-27.86197807,-58.34789439,
Guadal de los Pérez,Mendoza,Argentina,24,-32.85972516,-67.54017528,
Portillo de los Piuquenes,Mendoza,Argentina,24,-33.63304792,-69.8608833,
La Unión,San Luis,Argentina,24,-32.17046777,-65.62227731,
Dique Arroyito,Neuquén,Argentina,24,-39.09941101,-68.59041532,
Río Chachín,Neuquén,Argentina,24,-40.14203073,-71.65674698,
Guañaco Abajo,Neuquén,Argentina,24,-37.27978518,-70.69427004,
Paso Buta Mallín,Neuquén,Argentina,24,-37.21460787,-71.11653235,
Bajada de Bravo,Río Negro,Argentina,24,-39.61517403,-68.48719437,
Chenqueniyen,Río Negro,Argentina,24,-41.57921692,-70.67849367,
Cerro Alto,Río Negro,Argentina,24,-40.72981902,-70.57988642,
El Tembrao,Río Negro,Argentina,24,-41.2150445,-66.33824993,
Arroyo Salado,Río Negro,Argentina,24,-40.90425229,-66.76300933,
El Coihue,Chubut,Argentina,24,-42.17205034,-71.33000002,
Lago Número 5,Chubut,Argentina,24,-44.22454955,-71.73370032,
La Protegida,Buenos Aires,Argentina,23,-37.16496268,-60.05735955,
Tres Lomas,Buenos Aires,Argentina,23,-37.4086379,-58.13585971,
El 27,Buenos Aires,Argentina,23,-37.653418,-61.9056784,
La Florida,Buenos Aires,Argentina,23,-35.85144387,-57.7606765,
Enrique Lavalle,Buenos Aires,Argentina,23,-36.40672538,-61.92582003,
Las Piedritas,Buenos Aires,Argentina,23,-38.01218759,-58.0683626,
Loma Alta,Buenos Aires,Argentina,23,-37.89230722,-57.71651158,
San José,Buenos Aires,Argentina,23,-34.9622925,-60.85832102,
Emilio Lamarca,Buenos Aires,Argentina,23,-40.07031583,-62.61596343,
Rivadeo,Buenos Aires,Argentina,23,-38.14599573,-63.05289011,
Corral del Indio,Buenos Aires,Argentina,23,-35.46336316,-57.48542122,
Balneario San Antonio de Areco,Buenos Aires,Argentina,23,-34.2534886,-59.38900593,
El Carretero,Buenos Aires,Argentina,23,-38.49427049,-59.79377776,
El Retiro,Buenos Aires,Argentina,23,-36.15079135,-59.55911888,
El Triángulo,Buenos Aires,Argentina,23,-38.46849322,-59.96403915,
Quebradas,Buenos Aires,Argentina,23,-33.93908005,-59.44147362,
La Dormida,Córdoba,Argentina,23,-32.35989513,-64.43286374,
El Pampero,Córdoba,Argentina,23,-34.22056984,-64.99913392,
La Penca,Córdoba,Argentina,23,-34.75332967,-65.03690269,
Colonia Carlos Casado,Córdoba,Argentina,23,-32.67060728,-61.95784265,
Piedras Anchas,Córdoba,Argentina,23,-31.21457569,-65.14017171,
Mogigasta,Córdoba,Argentina,23,-31.56357284,-65.23976881,
Los Pozos,Córdoba,Argentina,23,-33.29586127,-65.05127326,
La Piedra Blanca,Córdoba,Argentina,23,-29.95936124,-63.82876821,
La Ramada,Córdoba,Argentina,23,-31.98126558,-63.22185756,
Quebracho Solo,Córdoba,Argentina,23,-31.78033619,-65.49004768,
Cañada Grande,Córdoba,Argentina,23,-32.27769494,-65.14251553,
El Baldecito,Córdoba,Argentina,23,-32.01615052,-65.16469197,
Campo Gioda,Córdoba,Argentina,23,-32.12119472,-64.06810278,
Colonia Los Tamarindos,Córdoba,Argentina,23,-32.75975207,-63.58105139,
Bajo de Olmos,Córdoba,Argentina,23,-30.86272982,-64.34132811,
La Angostura,Córdoba,Argentina,23,-30.42929884,-63.65941317,
Campo Fondato,Santa Fe,Argentina,23,-33.61146187,-60.52564144,
Vuelta del Dorado,Santa Fe,Argentina,23,-31.23413132,-60.24183054,
Los Bayos,Santa Fe,Argentina,23,-28.5432183,-61.35654229,
Los Guasunchos,Santa Fe,Argentina,23,-28.73806875,-61.74260912,
Campo Derotier,Santa Fe,Argentina,23,-28.46973049,-61.30966449,
Campo Massoni,Santa Fe,Argentina,23,-29.99794164,-61.06535097,
El Tigre,Entre Ríos,Argentina,23,-30.59800832,-59.01358363,
El Tropezón,Entre Ríos,Argentina,23,-32.4565193,-59.44830175,
Aldea San Gregorio,Entre Ríos,Argentina,23,-32.02519399,-59.00940786,
Utracán,La Pampa,Argentina,23,-37.28233535,-64.56842659,
Las Cañas,La Rioja,Argentina,23,-29.23124629,-66.82121471,
Tasquín,La Rioja,Argentina,23,-30.6287484,-66.55863,
Los Barrealitos,La Rioja,Argentina,23,-30.98569286,-66.04942322,
El 14,La Rioja,Argentina,23,-31.31683928,-66.26164338,
El Lindero,Catamarca,Argentina,23,-28.59002617,-65.52281558,
Paraje Santa Rosa,Catamarca,Argentina,23,-28.97176969,-65.04429157,
Río del Mistolito,Catamarca,Argentina,23,-29.33929432,-65.49511634,
Pajanguillo,Catamarca,Argentina,23,-26.97832281,-66.1197079,
El Durazno,Catamarca,Argentina,23,-27.74880241,-67.36472006,
Dique Las Maderas,Jujuy,Argentina,23,-24.45083369,-65.24873283,
Volcán de Yacoraite,Jujuy,Argentina,23,-23.32655357,-65.47614517,
Palos Blancos,Jujuy,Argentina,23,-23.91741088,-64.84028243,
Alonso,Jujuy,Argentina,23,-23.44719226,-65.24878364,
San José de Chañi,Jujuy,Argentina,23,-23.93898924,-65.78530507,
El Piquete,Salta,Argentina,23,-24.75484696,-64.46876191,
Kilómetro 1152,Salta,Argentina,23,-25.48287814,-63.68955448,
Los Pozos,Salta,Argentina,23,-25.00293054,-64.52066823,
Santa Elena,Salta,Argentina,23,-24.9442615,-65.3912875,
Yaquiasmé,Salta,Argentina,23,-24.59436919,-64.76484137,
Salta Jollín,Salta,Argentina,23,-22.12538815,-63.23741462,
Monte Seco,Salta,Argentina,23,-23.40812389,-63.45025906,
Las Capillas,Salta,Argentina,23,-22.79801512,-65.26430922,
Colonia G,Salta,Argentina,23,-23.20889713,-64.42391322,
Bajo Verde,Salta,Argentina,23,-22.80478231,-62.86786646,
El Cocal,Salta,Argentina,23,-24.13367323,-62.81049538,
Los Cardones,Salta,Argentina,23,-26.03275135,-66.22244128,
Pozo Mosoj,Santiago del Estero,Argentina,23,-28.36322466,-63.68282348,
Santa Lucía,Santiago del Estero,Argentina,23,-28.99921797,-62.4966868,
Lote 110,Santiago del Estero,Argentina,23,-27.81553002,-62.44262657,
Campo Alegre,Santiago del Estero,Argentina,23,-29.47716769,-64.29414126,
Palmas Redondas,Santiago del Estero,Argentina,23,-27.34959315,-64.83087944,
Pozo Cavado,Tucumán,Argentina,23,-26.30784387,-64.74696935,
Chañaritos,Tucumán,Argentina,23,-27.86509658,-65.24820651,
Cumbre del Matadero,Tucumán,Argentina,23,-26.90242867,-65.63731302,
Aragón,Tucumán,Argentina,23,-26.39386332,-65.36621867,
Bajada Alta,Chaco,Argentina,23,-25.38254649,-60.89292481,
Costa Rica,Chaco,Argentina,23,-25.59643023,-60.69506106,
La Armonía,Chaco,Argentina,23,-25.17997403,-61.09689748,
Los Chorros,Chaco,Argentina,23,-25.0064509,-61.51610642,
Santa Rita,Chaco,Argentina,23,-24.53658905,-61.83172285,
Campo Feldman Sur,Chaco,Argentina,23,-26.95895943,-60.31550749,
La Fortuna,Chaco,Argentina,23,-26.86605284,-59.29203162,
El Coleto,Formosa,Argentina,23,-24.21477848,-60.69584967,
Pozo Verde,Formosa,Argentina,23,-24.93635713,-60.36030477,
Minuanes,Corrientes,Argentina,23,-29.83898658,-58.21733683,
Cerna,Corrientes,Argentina,23,-28.86968891,-58.86737511,
Arroyo Grande,Corrientes,Argentina,23,-28.78019683,-57.94981656,
La Capilla,San Juan,Argentina,23,-31.32366147,-69.42777985,
Jagüel del Mayo,Mendoza,Argentina,23,-37.08306023,-68.30210546,
La Horqueta,Mendoza,Argentina,23,-34.26720707,-67.16638833,
Los Pejecitos,Mendoza,Argentina,23,-35.61587005,-68.02378128,
Puerta Colorada,San Luis,Argentina,23,-32.53454443,-65.39767001,
El Tala,San Luis,Argentina,23,-32.93517057,-65.1556424,
Frisia,San Luis,Argentina,23,-34.75551618,-65.3866862,
Pescadores,San Luis,Argentina,23,-33.31296338,-66.47497237,
Huejeda,San Luis,Argentina,23,-33.83057895,-66.2020805,
Quillén,Neuquén,Argentina,23,-39.37379116,-71.18893659,
Los Pilares,Neuquén,Argentina,23,-38.43051656,-68.61411833,
Aguada Baguales,Neuquén,Argentina,23,-38.8485648,-69.02392156,
Cerro Bayo,Neuquén,Argentina,23,-40.7510744,-71.60011929,
Aguada Chacayco,Neuquén,Argentina,23,-37.38030278,-70.0759583,
Salitral Grande,Río Negro,Argentina,23,-39.78416686,-63.67579749,
Anecón Grande,Río Negro,Argentina,23,-41.32077527,-70.274775,
Atraicó,Río Negro,Argentina,23,-41.51270245,-69.51843585,
El Moligüe,Río Negro,Argentina,23,-41.95063114,-69.35064945,
Sierra Colorada,Chubut,Argentina,23,-43.19099993,-71.34599646,
Cerro Blanco,Santa Cruz,Argentina,23,-47.40681291,-66.73709974,
La Manchuria,Santa Cruz,Argentina,23,-48.21849257,-69.81964582,
Playa de los Caracoles,Santa Cruz,Argentina,23,-49.24654645,-67.67068324,
La Hormiga,Buenos Aires,Argentina,22,-38.59503395,-62.38626933,
Laguna Monasterio,Buenos Aires,Argentina,22,-35.78403526,-57.87417769,
Vivero Nacional,Buenos Aires,Argentina,22,-35.50186707,-58.09733346,
Panelo,Buenos Aires,Argentina,22,-36.44082339,-57.59660851,
Salale,Buenos Aires,Argentina,22,-34.94891521,-62.384126,
Emma,Buenos Aires,Argentina,22,-36.21033819,-60.21880569,
Colonia San Martín,Buenos Aires,Argentina,22,-34.14886381,-61.2731191,
La Pinta,Buenos Aires,Argentina,22,-34.25016883,-61.3586406,
Cabrera,Buenos Aires,Argentina,22,-36.55440103,-57.07772514,
El Gauchito,Buenos Aires,Argentina,22,-36.86243108,-62.49939831,
González Risos,Buenos Aires,Argentina,22,-34.85515427,-59.22617265,
San Pedro,Buenos Aires,Argentina,22,-36.79224623,-60.63733166,
Víboras,Buenos Aires,Argentina,22,-37.69534907,-62.80443793,
Monte Veloz,Buenos Aires,Argentina,22,-35.46472219,-57.28267057,
Paso San Juan,Buenos Aires,Argentina,22,-35.44241709,-59.40336934,
El Cóndor,Buenos Aires,Argentina,22,-34.52390053,-59.7470071,
La Alicia,Buenos Aires,Argentina,22,-33.46348793,-60.36725853,
El Alba,Buenos Aires,Argentina,22,-39.48360249,-62.50058057,
Kilómetro 314,Buenos Aires,Argentina,22,-36.44199633,-56.71079103,
Cañada de Monsalvo,Córdoba,Argentina,22,-32.11567548,-64.37076616,
Colonia La Celina,Córdoba,Argentina,22,-33.49207078,-63.23882428,
Dique Pichanas,Córdoba,Argentina,22,-30.93497543,-65.16138647,
Ninalquín,Córdoba,Argentina,22,-31.17921707,-65.17889458,
Alto del Tala,Córdoba,Argentina,22,-31.37563878,-65.19763194,
Colonia El Noy,Córdoba,Argentina,22,-34.34241441,-63.88413302,
El Perchel,Córdoba,Argentina,22,-31.0536742,-64.62302106,
Puesto Pedernera,Córdoba,Argentina,22,-31.62097586,-64.68702243,
San Miguel,Córdoba,Argentina,22,-29.77061559,-63.74228572,
El Salto,Córdoba,Argentina,22,-32.19809116,-65.22417166,
El Cachi,Córdoba,Argentina,22,-30.12287829,-63.99983394,
Campo Pergolesi,Santa Fe,Argentina,22,-29.09359036,-61.59483454,
Paikín,Santa Fe,Argentina,22,-30.89477439,-60.3728604,
Florida,Santa Fe,Argentina,22,-28.67424371,-59.98716298,
Banderitas,Entre Ríos,Argentina,22,-30.78902915,-59.16034633,
Colonia 3 de Febrero,Entre Ríos,Argentina,22,-31.37339886,-59.69623264,
La Invernada,Entre Ríos,Argentina,22,-32.89393051,-60.66362488,
Pitral Lauquen,La Pampa,Argentina,22,-36.47178378,-65.55716767,
Ampatá,La Rioja,Argentina,22,-29.73409894,-66.60852721,
Pozo Redondo,La Rioja,Argentina,22,-30.14036475,-65.58311633,
Río de las Cañas,La Rioja,Argentina,22,-30.93833641,-66.62176393,
La Aguadita,Catamarca,Argentina,22,-27.33802249,-67.04581332,
Vista Alegre,Jujuy,Argentina,22,-24.37848098,-65.33931039,
Cabrería,Jujuy,Argentina,22,-22.09772876,-66.20310683,
Cajas,Jujuy,Argentina,22,-22.21869456,-65.28418643,
El Líbano,Salta,Argentina,22,-25.11019444,-64.72789316,
Cuesta del Obispo,Salta,Argentina,22,-25.16718113,-65.84272743,
Palomitas,Salta,Argentina,22,-24.89865589,-64.97356532,
Cabeza de Buey,Salta,Argentina,22,-24.79342041,-65.02986177,
Las Maravillas,Salta,Argentina,22,-22.1961226,-63.4836201,
Matancillas,Salta,Argentina,22,-23.91721862,-66.28041893,
El Divisadero,Salta,Argentina,22,-23.76804713,-63.07399587,
El 60,Santiago del Estero,Argentina,22,-25.7850945,-62.75659109,
Caloj Pozo,Santiago del Estero,Argentina,22,-25.708294,-63.59142416,
Agua Clara,Santiago del Estero,Argentina,22,-25.88828763,-62.82034776,
Santo Domingo,Santiago del Estero,Argentina,22,-27.74570902,-63.37545731,
La Yerba,Santiago del Estero,Argentina,22,-29.25206041,-63.27571185,
San Salvador,Santiago del Estero,Argentina,22,-27.77487003,-63.67644,
Oso Huanchina,Santiago del Estero,Argentina,22,-28.00114869,-63.60769927,
Kilómetro 770,Tucumán,Argentina,22,-26.63519786,-64.59201803,
Chañarcito,Tucumán,Argentina,22,-27.69154863,-65.06370543,
Los Ruiz,Tucumán,Argentina,22,-27.602635,-65.1280745,
Los Cardones,Tucumán,Argentina,22,-26.64934614,-65.8403818,
Las Siringuillas,Tucumán,Argentina,22,-26.90448956,-65.68312341,
Kilómetro 60,Misiones,Argentina,22,-26.59392116,-54.29679515,
La Fortuna,Chaco,Argentina,22,-24.64871929,-61.99404168,
Pozo del Salado,Chaco,Argentina,22,-25.09576035,-61.38692927,
Río Muerto Cruz,Chaco,Argentina,22,-25.83987514,-61.04912899,
Costa Guaycurú,Chaco,Argentina,22,-26.59394212,-59.38067921,
Pampa Ghan,Chaco,Argentina,22,-26.30176854,-60.36264357,
La Querencia,Chaco,Argentina,22,-27.66866181,-59.1725795,
Colonia San Antonio,Formosa,Argentina,22,-25.31991924,-59.95548905,
El Poí,Formosa,Argentina,22,-26.02047002,-59.32787238,
Lecherón,Formosa,Argentina,22,-23.48156521,-62.17990509,
Yahaveré,Corrientes,Argentina,22,-28.51660448,-57.76083977,
Las Palmas,Corrientes,Argentina,22,-30.34843529,-58.08677895,
Costa Batel,Corrientes,Argentina,22,-29.44295563,-59.13115658,
Puerto Tala,Corrientes,Argentina,22,-27.54368263,-56.80566048,
Alfonso Loma,Corrientes,Argentina,22,-28.96050222,-58.18467831,
Linconia,Corrientes,Argentina,22,-29.95962237,-57.4978156,
Ayuí,Corrientes,Argentina,22,-29.87737211,-57.5313729,
Maloyas,Corrientes,Argentina,22,-27.5477766,-57.91879691,
Ovecharaty,Corrientes,Argentina,22,-28.67790838,-57.13404274,
Cruz de Piedra,San Juan,Argentina,22,-30.30950106,-68.69951165,
Los Bretes,San Juan,Argentina,22,-30.76649371,-67.47442772,
Los Huarpes,Mendoza,Argentina,22,-33.31200526,-68.50210276,
El Algarrobal,Mendoza,Argentina,22,-34.61882281,-68.12571055,
Las Canteras,San Luis,Argentina,22,-32.83111395,-65.32934864,
Los Cóndores,San Luis,Argentina,22,-32.57208927,-65.32077256,
Las Islitas,San Luis,Argentina,22,-32.10769889,-65.47853949,
Espinazo del Zorro,Neuquén,Argentina,22,-39.28315139,-70.59370276,
Aguada Toledo,Neuquén,Argentina,22,-38.74835042,-68.83821004,
Pailaleche,Neuquén,Argentina,22,-37.30049202,-70.61077266,
Hualcupén Abajo,Neuquén,Argentina,22,-37.9826202,-70.63142107,
Monte Bagual,Río Negro,Argentina,22,-40.5464129,-63.60593207,
Choique Mahuida,Río Negro,Argentina,22,-40.97200018,-67.84049198,
El Chaiful,Río Negro,Argentina,22,-41.62109287,-69.17305545,
Chacras de Sarmiento,Chubut,Argentina,22,-45.59758642,-69.14290431,
Antonio de Biedma,Santa Cruz,Argentina,22,-47.48764619,-66.50559275,
Mirador del Glaciar,Santa Cruz,Argentina,22,-50.46281298,-73.02492106,
La Curva,Buenos Aires,Argentina,21,-38.75791992,-59.98690265,
Esquina de Lahitte,Buenos Aires,Argentina,21,-38.05031096,-58.33756657,
La Diana,Buenos Aires,Argentina,21,-35.49390745,-62.04040921,
El Descanso,Buenos Aires,Argentina,21,-35.87501259,-58.35385993,
La Flora,Buenos Aires,Argentina,21,-36.71405431,-62.62614145,
El Moro,Buenos Aires,Argentina,21,-38.10766284,-58.57036733,
La Costa,Buenos Aires,Argentina,21,-35.50583873,-58.95411686,
La Amalia,Buenos Aires,Argentina,21,-35.48455672,-61.02245302,
Ramón J. Neild,Buenos Aires,Argentina,21,-35.22101863,-61.22512722,
Real Audiencia,Buenos Aires,Argentina,21,-36.175844,-58.58431329,
El Triángulo,Buenos Aires,Argentina,21,-38.02015501,-63.34730187,
Manantiales Chico,Buenos Aires,Argentina,21,-33.64192967,-60.21464305,
La Bolsa,Buenos Aires,Argentina,21,-33.77821282,-59.9921678,
Los Jacintos,Buenos Aires,Argentina,21,-36.47245718,-60.25001016,
Santa Rosa,Buenos Aires,Argentina,21,-36.3045365,-59.63617242,
Sauce Chico,Buenos Aires,Argentina,21,-38.47422674,-62.64778948,
Araujo,Buenos Aires,Argentina,21,-35.30515663,-60.32764594,
Martín Berraondo,Buenos Aires,Argentina,21,-35.31719383,-59.95135199,
Rincón Laguna,Buenos Aires,Argentina,21,-35.45969969,-58.78240396,
Tala Cruz,Córdoba,Argentina,21,-32.35564286,-64.70079386,
El Bañado,Córdoba,Argentina,21,-30.76655043,-65.02260452,
Oro Grueso,Córdoba,Argentina,21,-31.04582607,-64.82593911,
Burmeister,Córdoba,Argentina,21,-34.74563258,-63.58664309,
La Libertad,Córdoba,Argentina,21,-30.31714743,-64.89247203,
Colonia La Legua,Córdoba,Argentina,21,-33.43950998,-63.20925928,
Olaen,Córdoba,Argentina,21,-31.16220071,-64.60656793,
Colonia La Nueva,Córdoba,Argentina,21,-33.07166289,-64.71063648,
Cabinda,Córdoba,Argentina,21,-30.98725863,-63.81997819,
La Isla,Córdoba,Argentina,21,-31.65850704,-63.57270204,
San Miguel,Córdoba,Argentina,21,-29.65593228,-64.14085645,
Barranca Yaco,Córdoba,Argentina,21,-30.8589967,-64.10170054,
Las Masitas,Córdoba,Argentina,21,-30.28979842,-63.62476302,
Puesto de Cejas,Córdoba,Argentina,21,-30.45072623,-63.41613513,
Campo Chapino,Santa Fe,Argentina,21,-34.01589441,-61.52257996,
Campo María Alicia,Santa Fe,Argentina,21,-29.13973416,-61.43699901,
Padre Pedro Iturralde,Santa Fe,Argentina,21,-28.4992132,-61.59223642,
Fortín Seis,Santa Fe,Argentina,21,-28.34956277,-61.20705331,
La Costa,Santa Fe,Argentina,21,-29.63861227,-61.08251765,
Colonia El Algarrobal,Santa Fe,Argentina,21,-30.47396925,-61.5218931,
Colonia Muchtnik,Santa Fe,Argentina,21,-30.57969445,-61.51759335,
Campo Kaufmann,Santa Fe,Argentina,21,-29.42032773,-59.8715894,
La Blanca,Santa Fe,Argentina,21,-28.11100786,-59.87117732,
Paraje Los Tábanos,Santa Fe,Argentina,21,-28.4659028,-59.78726876,
Colonia La Berta,Entre Ríos,Argentina,21,-30.89340898,-59.15367715,
Diego López,Entre Ríos,Argentina,21,-31.14301541,-58.90530048,
Hidalgo,La Pampa,Argentina,21,-37.16219441,-63.52398073,
Leuvucó,La Pampa,Argentina,21,-36.06640494,-65.44690341,
Bazán,La Rioja,Argentina,21,-29.17529379,-66.66067294,
Los Corrales,La Rioja,Argentina,21,-28.83520006,-67.63732827,
El Alto,La Rioja,Argentina,21,-30.36778286,-66.57202918,
San Cristóbal,La Rioja,Argentina,21,-30.87349478,-65.92654665,
Los Nacimientos de San Antonio,Catamarca,Argentina,21,-26.88257745,-66.73090385,
Río de Ávila,Catamarca,Argentina,21,-28.4309314,-65.39435602,
Palo Cruz,Catamarca,Argentina,21,-29.32293915,-65.24370935,
San José,Catamarca,Argentina,21,-29.73079307,-65.51758336,
San José,Catamarca,Argentina,21,-28.04456587,-66.13826492,
Quebrada de Jujuy,Catamarca,Argentina,21,-26.7830543,-66.01542129,
Archibarca,Jujuy,Argentina,21,-23.62589901,-66.84795304,
Tío Mayo,Jujuy,Argentina,21,-22.36579269,-66.45505101,
La Hoyada,Jujuy,Argentina,21,-22.36611324,-65.69321043,
Río Colorado,Jujuy,Argentina,21,-22.46391506,-65.61191779,
La Misión,Salta,Argentina,21,-25.31284064,-64.62023586,
El Talao,Salta,Argentina,21,-23.82819698,-66.30784016,
Bella Vista,Salta,Argentina,21,-25.78875107,-64.44715854,
El Tropezón,Santiago del Estero,Argentina,21,-29.20418827,-62.76961361,
Puestos Unidos,Santiago del Estero,Argentina,21,-25.87322091,-63.57138615,
Palo Parado,Santiago del Estero,Argentina,21,-28.69819099,-64.96922556,
Aguas Coloradas,Santiago del Estero,Argentina,21,-26.91441073,-63.53030915,
Cerrillos,Santiago del Estero,Argentina,21,-28.06767088,-64.68032948,
Puesto Libertad,Santiago del Estero,Argentina,21,-27.14810622,-64.75181892,
La Pampa,Santiago del Estero,Argentina,21,-28.01617967,-62.05086515,
El Huaico,Santiago del Estero,Argentina,21,-29.77301684,-62.55872695,
Las Randas,Santiago del Estero,Argentina,21,-27.30727839,-62.67464966,
El Pértigo,Santiago del Estero,Argentina,21,-27.3043245,-62.73670895,
Fuerte Viejo,Santiago del Estero,Argentina,21,-29.48367736,-63.16813459,
La Nueva Esperanza,Tucumán,Argentina,21,-27.38321845,-65.50685516,
Colonia Sobrecasas,Tucumán,Argentina,21,-27.09055962,-65.35984363,
Los Vázquez,Tucumán,Argentina,21,-27.81132533,-65.34069255,
El Mollar,Tucumán,Argentina,21,-27.69851855,-65.79576202,
Puerto Paranay,Misiones,Argentina,21,-26.67488132,-54.81535193,
Los Magos,Chaco,Argentina,21,-25.32085577,-62.89379427,
Puesto Santa Cruz Norte,Chaco,Argentina,21,-25.42895399,-63.13709262,
Loro Blanco,Chaco,Argentina,21,-26.85380158,-61.12503661,
San Antonio,Chaco,Argentina,21,-26.8428544,-61.17296609,
El Palomo,Chaco,Argentina,21,-25.81670488,-61.14801302,
La Unión,Chaco,Argentina,21,-25.74765864,-61.02739922,
Laguna Ayarde,Chaco,Argentina,21,-24.76618018,-61.37977993,
Lote 13,Chaco,Argentina,21,-26.58190224,-60.76231839,
Colonia Florencia,Chaco,Argentina,21,-27.98001199,-59.31221212,
El 38,Chaco,Argentina,21,-27.77975169,-59.60537908,
La Laguna,Formosa,Argentina,21,-24.32541415,-61.30174355,
Isla El Talar,Corrientes,Argentina,21,-27.40694365,-58.78250059,
Bernachea,Corrientes,Argentina,21,-27.92792341,-58.3304978,
Paso Tirante,Corrientes,Argentina,21,-27.59981359,-56.24610742,
San Joaquín,Corrientes,Argentina,21,-29.66816409,-57.37085636,
Nikizanga,San Juan,Argentina,21,-31.68136634,-67.80026308,
Colonia Japonesa,Mendoza,Argentina,21,-33.53222443,-67.54745541,
El Corcovo,Mendoza,Argentina,21,-37.47607803,-68.3043036,
El Balde,Mendoza,Argentina,21,-35.84046358,-68.06630924,
Estación El Sosneado,Mendoza,Argentina,21,-35.09848275,-69.55525666,
El Rincón,San Luis,Argentina,21,-32.65555855,-66.19829466,
Las Chimbas,San Luis,Argentina,21,-32.15645664,-66.55055204,
Cerro Challacó,Neuquén,Argentina,21,-38.8552288,-68.89032552,
Planicie Banderita,Neuquén,Argentina,21,-38.56082498,-68.47270059,
Puerto Llao Llao,Río Negro,Argentina,21,-41.03816079,-71.56065989,
San Nicolás,Río Negro,Argentina,21,-41.73052929,-67.16235141,
Cañadón Grande,Chubut,Argentina,21,-42.54056774,-70.7671068,
Paso Malerba,Chubut,Argentina,21,-44.56770238,-66.98582541,
Laguna Colorada,Chubut,Argentina,21,-44.48148949,-69.08754134,
Las Oscuras,Buenos Aires,Argentina,20,-38.76364964,-61.69567317,
San Eloy,Buenos Aires,Argentina,20,-37.77419823,-61.71418343,
Bonnement,Buenos Aires,Argentina,20,-35.71825039,-58.4643576,
Don Pedro,Buenos Aires,Argentina,20,-37.57003238,-61.15162581,
La Margarita,Buenos Aires,Argentina,20,-34.53030964,-62.08218572,
Fortín República,Buenos Aires,Argentina,20,-34.49354581,-63.30325059,
El Cruce,Buenos Aires,Argentina,20,-35.70151683,-62.23269733,
Hunter,Buenos Aires,Argentina,20,-34.24777896,-60.5327014,
La Vuelta,Buenos Aires,Argentina,20,-34.31692251,-60.74664333,
La Josefina,Buenos Aires,Argentina,20,-37.90603498,-62.46188548,
La Isabel,Buenos Aires,Argentina,20,-34.21074939,-60.18552407,
El Espinillo,Buenos Aires,Argentina,20,-33.68649887,-59.82013535,
Los Vallecitos,Córdoba,Argentina,20,-32.3575079,-64.85348748,
Las Tres Cascadas,Córdoba,Argentina,20,-30.94207529,-64.32040242,
Agua Colorada,Córdoba,Argentina,20,-30.94537463,-64.76954755,
San Bernardo,Córdoba,Argentina,20,-30.52035453,-64.43493268,
Colonia Ermila,Córdoba,Argentina,20,-32.54190587,-62.34199608,
Ciénaga de Britos,Córdoba,Argentina,20,-31.25187629,-64.93845103,
San Tiburcio,Córdoba,Argentina,20,-31.66317332,-65.47637423,
Ruiz Díaz de Guzmán,Córdoba,Argentina,20,-33.86854168,-63.46396659,
Campo Daniele,Córdoba,Argentina,20,-31.98771703,-63.8094567,
Las Heras,Córdoba,Argentina,20,-31.54576953,-63.89528614,
El Mirador,Córdoba,Argentina,20,-31.58345355,-65.11148758,
Colonia La Trinchera,Córdoba,Argentina,20,-31.07892784,-62.49632229,
La Quemada,Córdoba,Argentina,20,-31.31929131,-63.18643435,
Río del Medio,Córdoba,Argentina,20,-31.87505394,-64.68458698,
El Chilo,Córdoba,Argentina,20,-32.40827679,-63.89994304,
Cañada Martel,Córdoba,Argentina,20,-30.90755551,-64.3169077,
Santa Emilia,Santa Fe,Argentina,20,-33.83304641,-61.50895244,
Coronel Rosetti,Santa Fe,Argentina,20,-34.29407503,-62.54217679,
El Cantor,Santa Fe,Argentina,20,-33.51351446,-62.13493762,
El Abolengo,Santa Fe,Argentina,20,-34.09829411,-62.22415242,
Mocoví,Santa Fe,Argentina,20,-28.41217339,-59.68488859,
Fortín Atahualpa,Santa Fe,Argentina,20,-28.7786537,-61.66229276,
Sin Pereza,Santa Fe,Argentina,20,-28.95329251,-61.19636152,
La Cabaña,Santa Fe,Argentina,20,-30.17279653,-60.25770448,
Colonia Ovejita,Santa Fe,Argentina,20,-30.23911841,-60.27485098,
Miguel Escalada,Santa Fe,Argentina,20,-31.0300112,-60.50860401,
Colonia Las Mercedes,Entre Ríos,Argentina,20,-32.07159846,-58.23797801,
Colonia Mandisoví,Entre Ríos,Argentina,20,-30.89111623,-58.08688514,
Cerro de los Viejos,La Pampa,Argentina,20,-38.4745884,-64.44638193,
Pozo del Medio,La Rioja,Argentina,20,-31.02297344,-65.88795168,
Río Grande,La Rioja,Argentina,20,-31.05706094,-66.3987147,
San Antonio,La Rioja,Argentina,20,-31.74987637,-66.79881409,
El Divisadero,La Rioja,Argentina,20,-31.72677032,-66.75731389,
La Mesada,La Rioja,Argentina,20,-30.26557137,-67.46675734,
Agua de Aguirre,La Rioja,Argentina,20,-31.13900525,-66.620845,
El Secadal,La Rioja,Argentina,20,-29.35473346,-66.99780775,
Cachiyuyo,Catamarca,Argentina,20,-28.00846202,-67.54845432,
Rodeo Chico,Jujuy,Argentina,20,-22.22006571,-66.01495916,
Laguna Colorada,Jujuy,Argentina,20,-23.74407267,-65.69997893,
San Ignacio,Salta,Argentina,20,-23.04075014,-64.56733127,
Las Delicias,Salta,Argentina,20,-22.58111052,-62.63773685,
Carrera Muerta,Salta,Argentina,20,-24.41151874,-65.99215691,
Minerva,Santiago del Estero,Argentina,20,-27.53303503,-63.38325403,
San José,Santiago del Estero,Argentina,20,-26.04745235,-63.11850963,
Lote 40,Santiago del Estero,Argentina,20,-26.17927698,-61.96128216,
El Quemado,Santiago del Estero,Argentina,20,-27.11906372,-63.5388771,
Las Dos A,Santiago del Estero,Argentina,20,-27.60687476,-62.04975287,
Concepción,Santiago del Estero,Argentina,20,-27.47487068,-63.24008102,
El Ayudante,Santiago del Estero,Argentina,20,-29.54339661,-63.31507535,
San Nicolás,Santiago del Estero,Argentina,20,-29.05473293,-63.47834641,
Bajo Verde,Santiago del Estero,Argentina,20,-27.3665414,-64.76270668,
El Palacho,Tucumán,Argentina,20,-27.79183115,-65.4400114,
El Ojo,Tucumán,Argentina,20,-26.41487032,-64.93126042,
Cañete,Tucumán,Argentina,20,-26.88344968,-64.88210071,
Monte Rico Viejo,Tucumán,Argentina,20,-27.39492102,-65.62908339,
Huacra,Tucumán,Argentina,20,-28.00425409,-65.57983084,
El Suncho,Tucumán,Argentina,20,-27.9260945,-65.56344664,
Puente Viejo,Misiones,Argentina,20,-26.74110642,-54.75406601,
Lote 19,Chaco,Argentina,20,-27.63781741,-61.13091526,
El Estanque,Chaco,Argentina,20,-25.71386316,-60.50194217,
El Quebracho,Chaco,Argentina,20,-25.23800214,-61.27942532,
La Pampa,Chaco,Argentina,20,-25.31149996,-61.21451251,
Lote 91 y 101,Chaco,Argentina,20,-27.04031421,-60.65513006,
Fortín Aguilar,Chaco,Argentina,20,-27.07275914,-59.64846035,
Tres Horquetas,Chaco,Argentina,20,-27.35515785,-58.97854323,
El Bellaco,Formosa,Argentina,20,-25.8642213,-59.74638177,
San Juan,Corrientes,Argentina,20,-29.59943054,-58.01280356,
Indio Muerto,Corrientes,Argentina,20,-27.68002012,-58.22590778,
Luján,Corrientes,Argentina,20,-28.56888377,-58.61661873,
El Rosario,Corrientes,Argentina,20,-30.20118284,-59.11880713,
Corral de Lorca,Mendoza,Argentina,20,-34.70213632,-67.05321307,
Santa Clara,Mendoza,Argentina,20,-32.1193014,-68.98409295,
Vallecitos,Mendoza,Argentina,20,-32.97479028,-69.35848092,
Malal del Medio,Mendoza,Argentina,20,-36.10065656,-69.72123082,
Kilómetro 947,Mendoza,Argentina,20,-33.39245907,-67.79589978,
La Carrera,Mendoza,Argentina,20,-33.19474003,-69.25544655,
Virorco,San Luis,Argentina,20,-33.11112491,-66.1105797,
Colonia El Porvenir,San Luis,Argentina,20,-35.8798935,-66.31442752,
El Lechuzo,San Luis,Argentina,20,-33.53252941,-66.78018794,
La Lobería,Río Negro,Argentina,20,-41.15272681,-63.12541616,
Punta Colorada,Río Negro,Argentina,20,-41.69443117,-65.02914741,
Sauce Chico,Río Negro,Argentina,20,-40.45672155,-63.78641298,
Lago Hess,Río Negro,Argentina,20,-41.36722863,-71.73808903,
Paso del Manso,Río Negro,Argentina,20,-41.50946387,-71.84485444,
Lonco Vaca,Río Negro,Argentina,20,-41.31000188,-66.10486999,
Sierra Negra,Chubut,Argentina,20,-43.98431726,-67.72906727,
Paraje La Ruta,Buenos Aires,Argentina,19,-38.65234865,-60.86591012,
El Divisorio,Buenos Aires,Argentina,19,-38.32328067,-61.44427556,
Cilley,Buenos Aires,Argentina,19,-37.12675074,-62.70698394,
El Triunfo,Buenos Aires,Argentina,19,-37.66091923,-61.54146555,
Zentena,Buenos Aires,Argentina,19,-37.21980695,-61.9435924,
La Quinua,Buenos Aires,Argentina,19,-36.59462329,-57.92449201,
Victorino de la Plaza,Buenos Aires,Argentina,19,-36.62177064,-62.67073729,
La Cubana,Buenos Aires,Argentina,19,-36.21552503,-59.21016892,
Puerta del Diablo,Buenos Aires,Argentina,19,-37.84024138,-58.5724043,
San José,Buenos Aires,Argentina,19,-38.17662275,-59.00768938,
General Rondeau,Buenos Aires,Argentina,19,-38.23951258,-63.12175994,
La Andorra,Buenos Aires,Argentina,19,-36.35165834,-59.20869254,
Santiago Larré,Buenos Aires,Argentina,19,-35.5823814,-59.16528765,
Estación Vásquez,Buenos Aires,Argentina,19,-38.17916559,-60.17382641,
Colonia Mastrangelo,Buenos Aires,Argentina,19,-38.87322663,-62.66715747,
La Aguada,Buenos Aires,Argentina,19,-35.47085944,-58.78114774,
La Aguadita,Córdoba,Argentina,19,-30.86779805,-65.24026558,
Campo Evangelista,Córdoba,Argentina,19,-33.10535947,-62.49145343,
Cuchillaco,Córdoba,Argentina,19,-31.33132502,-65.0352697,
La Margarita,Córdoba,Argentina,19,-34.35800532,-63.16677769,
Estación San Ambrosio,Córdoba,Argentina,19,-33.23856286,-64.14441236,
Las Acacias,Córdoba,Argentina,19,-31.20943091,-63.54170722,
Paso de Vélez,Córdoba,Argentina,19,-31.67699194,-64.01423898,
Loma Blanca,Córdoba,Argentina,19,-29.65821799,-64.20213151,
Pozo del Tigre,Córdoba,Argentina,19,-29.69619884,-63.94111668,
Colonia Lola,Córdoba,Argentina,19,-32.69252684,-63.95080515,
El Rincón,Córdoba,Argentina,19,-30.55770873,-63.70134797,
Campo Borgarello,Santa Fe,Argentina,19,-31.21696442,-61.95056479,
Campo Mugueta,Santa Fe,Argentina,19,-33.52812918,-60.43845144,
Colonia El Yaguaré,Santa Fe,Argentina,19,-28.61082706,-59.33783612,
Aromos,Santa Fe,Argentina,19,-31.18254214,-60.62442657,
Campo La Maruca,Santa Fe,Argentina,19,-29.3276581,-61.48067498,
La Curva,Santa Fe,Argentina,19,-28.24682017,-61.44782235,
Campo Pichuco,Santa Fe,Argentina,19,-30.72711121,-60.55233042,
La Pepita,Santa Fe,Argentina,19,-30.81316032,-60.38814184,
Colonia La Blanca,Santa Fe,Argentina,19,-30.19872202,-60.46618058,
Campo Las Mellizas,Santa Fe,Argentina,19,-32.11455633,-62.10503861,
Montenegro,Santa Fe,Argentina,19,-28.59267696,-60.23620036,
Sumaca,Entre Ríos,Argentina,19,-31.92726667,-58.19225702,
Colonia Stauber,Entre Ríos,Argentina,19,-32.87471883,-58.9488134,
Paso Yunque,Entre Ríos,Argentina,19,-30.38527739,-59.25896231,
Colonia San Vicente,Entre Ríos,Argentina,19,-31.79978321,-58.75764314,
Alfredo Peña,La Pampa,Argentina,19,-35.93158391,-63.50610207,
El Tigre,La Pampa,Argentina,19,-35.67591172,-64.26814362,
Gamay,La Pampa,Argentina,19,-37.44566391,-64.40131615,
El Quebrachal,La Rioja,Argentina,19,-30.49157817,-66.18018855,
El Virque,La Rioja,Argentina,19,-30.57991363,-66.22305135,
El Unquillal,La Rioja,Argentina,19,-30.78155826,-66.36010802,
Casa Grande,La Rioja,Argentina,19,-30.76765946,-66.495427,
El Condado,La Rioja,Argentina,19,-28.98050092,-68.21511308,
Palo Santo,Catamarca,Argentina,19,-29.88929055,-65.2947494,
San Salvador,Catamarca,Argentina,19,-29.68014749,-65.4668361,
Chorro La Perla,Jujuy,Argentina,19,-24.26812701,-64.28224936,
Confluencia del Río Grande de San Juan y Mojinete,Jujuy,Argentina,19,-21.78255017,-66.21992256,
Yacochuya Sur,Salta,Argentina,19,-26.04147699,-66.02383752,
Kilómetro 1094,Salta,Argentina,19,-24.60908362,-65.07857405,
El Desengaño,Salta,Argentina,19,-23.27903055,-63.27852465,
Sauce Redondo,Salta,Argentina,19,-25.45481407,-65.46368674,
Huayra Huasi,Salta,Argentina,19,-22.64330747,-65.12046809,
Rodeo de las Mulas,Salta,Argentina,19,-26.03294557,-65.00439666,
Tipán,Salta,Argentina,19,-23.75742005,-66.29350016,
El Mojón,Salta,Argentina,19,-23.93807866,-66.17195149,
Dique Puerta de Díaz,Salta,Argentina,19,-25.27124525,-65.52457436,
Jerónimo Matorras,Salta,Argentina,19,-23.69821114,-64.07406947,
Abra Grande,Salta,Argentina,19,-22.97450837,-64.41674782,
Las Cortaderas,Salta,Argentina,19,-25.40917677,-65.85573657,
San  José,Santiago del Estero,Argentina,19,-28.86646944,-63.69815453,
Bajo Hondo,Santiago del Estero,Argentina,19,-28.64037191,-64.8058985,
Monte Bello,Santiago del Estero,Argentina,19,-27.11181203,-64.17318141,
Las Lomas,Santiago del Estero,Argentina,19,-28.1186308,-62.09088213,
El Saladillo,Santiago del Estero,Argentina,19,-27.97343063,-62.09039905,
Santa María,Santiago del Estero,Argentina,19,-27.32511087,-62.77235583,
El Algarrobo,Santiago del Estero,Argentina,19,-29.4038225,-64.08939237,
Los Pinos,Tucumán,Argentina,19,-27.29862733,-65.84465974,
Lote 34,Chaco,Argentina,19,-25.6493563,-62.78825171,
La Tota,Chaco,Argentina,19,-27.55748181,-61.69011362,
El Ballado,Chaco,Argentina,19,-24.4588867,-61.61073017,
Pozo del Anta,Chaco,Argentina,19,-24.7580537,-61.28926136,
Pozo del Gato,Chaco,Argentina,19,-24.77105173,-61.82342893,
Lote 48,Chaco,Argentina,19,-26.90467933,-60.676948,
Lote 176,Chaco,Argentina,19,-26.79298836,-60.19564368,
Lote 5,Chaco,Argentina,19,-27.33872329,-60.2772614,
El 50,Formosa,Argentina,19,-23.85156512,-61.9490541,
El Timbó,Formosa,Argentina,19,-24.58408593,-59.63008414,
Emilio R. Coni,Corrientes,Argentina,19,-30.06921312,-58.27064729,
Pasito,Corrientes,Argentina,19,-27.88496911,-58.07192953,
Barrialito,San Juan,Argentina,19,-31.36983765,-69.5374239,
Colonia San Pedro del Atuel,Mendoza,Argentina,19,-35.13244831,-67.65216567,
El Vatro,Mendoza,Argentina,19,-36.70506289,-69.92532821,
Papagayos,Mendoza,Argentina,19,-34.26747855,-69.19375917,
La Brea,San Luis,Argentina,19,-32.21703728,-65.87480332,
Baldecito,San Luis,Argentina,19,-32.34800492,-66.20372509,
El Ramblón,San Luis,Argentina,19,-33.05253365,-67.16739466,
Paso de Piedras Anchas,San Luis,Argentina,19,-32.77506678,-65.8373726,
Villa Marina,Tierra del Fuego,Argentina,19,-54.60176729,-67.70169814,
Agua de Canale,Neuquén,Argentina,19,-38.19487294,-69.4741208,
Cañadón Nogales,Neuquén,Argentina,19,-37.8085682,-69.38482631,
Tratayen,Neuquén,Argentina,19,-38.45074541,-68.60670968,
Carrán Curá,Neuquén,Argentina,19,-40.01413869,-70.33299201,
Quintupuray,Neuquén,Argentina,19,-40.6257995,-71.66036251,
Agrio del Medio,Neuquén,Argentina,19,-38.35002124,-69.93879464,
Barrio Planta Compresora de Gas,Río Negro,Argentina,19,-40.06192993,-64.47485443,
Villa Tacul,Río Negro,Argentina,19,-41.03937187,-71.56476392,
Quetrequil,Río Negro,Argentina,19,-41.58867064,-69.38470474,
La Hoya,Chubut,Argentina,19,-42.82361209,-71.25486159,
La Barrancosa,Santa Cruz,Argentina,19,-50.19953717,-70.21358353,
Puente Blanco,Santa Cruz,Argentina,19,-51.89617993,-71.59927648,
Lago San Martín,Santa Cruz,Argentina,19,-49.12602349,-72.49195129,
Mina Marta,Santa Cruz,Argentina,19,-48.6922538,-69.70125787,
Tamel Aike,Santa Cruz,Argentina,19,-48.30185273,-70.97275475,
El Porvenir,Buenos Aires,Argentina,18,-34.90676556,-59.90689977,
La Armonía,Buenos Aires,Argentina,18,-36.48230551,-61.95308435,
La Brava,Buenos Aires,Argentina,18,-36.16062465,-60.48930888,
Tío Domingo,Buenos Aires,Argentina,18,-37.02464346,-56.9514775,
Los Huesos,Buenos Aires,Argentina,18,-34.8946884,-60.88139439,
Los Laureles,Buenos Aires,Argentina,18,-35.11182023,-62.90944686,
Cuartel IX,Buenos Aires,Argentina,18,-34.93367875,-59.235503,
Durañona,Buenos Aires,Argentina,18,-37.25160911,-60.5043649,
El Barrancoso,Buenos Aires,Argentina,18,-40.65508696,-62.59660449,
La Josefa,Buenos Aires,Argentina,18,-36.09951626,-61.91587299,
Chapalauquen,Buenos Aires,Argentina,18,-36.16521622,-58.45591524,
El Puente,Buenos Aires,Argentina,18,-35.46294971,-59.58062678,
José R. Sojo,Buenos Aires,Argentina,18,-35.66068083,-59.68765537,
Yerbas,Buenos Aires,Argentina,18,-36.18320875,-60.06328508,
Fortín Chaco,Buenos Aires,Argentina,18,-37.94199362,-62.09412151,
La Esther,Buenos Aires,Argentina,18,-38.09080057,-62.55500206,
Puerto Lima,Buenos Aires,Argentina,18,-33.97347055,-59.17853308,
San Roque,Córdoba,Argentina,18,-32.21622162,-64.67172849,
Los Charcos,Córdoba,Argentina,18,-30.51537618,-65.16013227,
Los Talas,Córdoba,Argentina,18,-30.74836025,-64.21248413,
Colonia Mackey,Córdoba,Argentina,18,-33.54863145,-62.41436041,
Punta del Arroyo,Córdoba,Argentina,18,-30.9917909,-63.16762999,
La Represa,Córdoba,Argentina,18,-31.33517105,-63.27182338,
La Providencia,Córdoba,Argentina,18,-29.98680481,-64.01989316,
Campo Caffaratti,Córdoba,Argentina,18,-32.11438128,-63.79414128,
Campo Caprivi,Córdoba,Argentina,18,-32.63439131,-63.8460813,
Puesto San José,Córdoba,Argentina,18,-30.50995019,-63.82044634,
Los Algarrobos,Córdoba,Argentina,18,-32.95330954,-62.50876919,
Campo Rivarossa,Santa Fe,Argentina,18,-31.32583395,-61.77330733,
Campo Sierra,Santa Fe,Argentina,18,-33.64851902,-61.52789788,
El Triángulo,Santa Fe,Argentina,18,-29.20432159,-61.42442673,
Petronila,Santa Fe,Argentina,18,-30.6546566,-60.66276876,
La Cigüeña,Santa Fe,Argentina,18,-29.25554848,-61.0203195,
Arroyo del Medio,Entre Ríos,Argentina,18,-31.27428214,-59.09160161,
Colonia Italiana,Entre Ríos,Argentina,18,-32.80900152,-58.99389308,
Arroyo Santos Grande,Entre Ríos,Argentina,18,-33.5635435,-58.56131841,
Chacabuco,Entre Ríos,Argentina,18,-31.09054115,-59.3258364,
Campo Mujica,Entre Ríos,Argentina,18,-31.66038509,-59.82985189,
San Jorge,Entre Ríos,Argentina,18,-31.85285133,-58.75184669,
Barrio San José,Entre Ríos,Argentina,18,-31.8870645,-60.64565187,
Boeuf,La Pampa,Argentina,18,-35.96145652,-64.44184408,
El Destino,La Pampa,Argentina,18,-36.21608882,-64.60987643,
Paso de los Carros,La Pampa,Argentina,18,-37.16081983,-66.78288578,
Colonia Chapalcó,La Pampa,Argentina,18,-36.87189509,-64.78157739,
San Ramón,La Rioja,Argentina,18,-30.97437757,-65.79468047,
Sauce Mayo,Catamarca,Argentina,18,-28.12107131,-65.56252362,
Loma Blanca,Jujuy,Argentina,18,-22.47226274,-66.48410755,
San José de Miraflores,Jujuy,Argentina,18,-22.83150361,-65.89038908,
El Ceibal,Salta,Argentina,18,-24.97277037,-65.38069621,
Senda Hachada,Salta,Argentina,18,-23.04728969,-63.92987331,
La Población,Salta,Argentina,18,-25.33187169,-64.57947171,
San Martín de la Ceiba,Salta,Argentina,18,-22.40178356,-62.47048682,
La Toma,Salta,Argentina,18,-23.74731848,-63.16351325,
Las Almas,Salta,Argentina,18,-23.5789709,-62.80391255,
Las Barrancas,Salta,Argentina,18,-25.84616781,-65.91844422,
Dique La Punta,Santiago del Estero,Argentina,18,-28.37050277,-64.81835161,
San Antonio de las Flores,Santiago del Estero,Argentina,18,-29.0233145,-64.66800125,
Las Lomitas,Santiago del Estero,Argentina,18,-26.70488761,-64.58422378,
Mistol Pampa,Santiago del Estero,Argentina,18,-27.34633138,-62.83056786,
El Carmen,Santiago del Estero,Argentina,18,-27.37627969,-62.9592103,
La Ovejería,Santiago del Estero,Argentina,18,-26.3687268,-64.12504342,
Ramos,Tucumán,Argentina,18,-27.85901234,-65.14296557,
Los Gómez,Tucumán,Argentina,18,-27.48522719,-65.13649321,
Paso Andresito,Misiones,Argentina,18,-25.60167412,-53.9751868,
Puerto Oasis,Misiones,Argentina,18,-26.9416051,-55.25106272,
Paso Rosales,Misiones,Argentina,18,-26.61148989,-53.73658676,
Las Golondrinas Sur,Chaco,Argentina,18,-27.6159141,-60.92966448,
Pampa Sandi,Chaco,Argentina,18,-26.94957003,-61.3859429,
María Sara,Chaco,Argentina,18,-27.57452868,-59.21820046,
Pampa Ombú,Chaco,Argentina,18,-26.30878333,-59.94088216,
Crucero General Belgrano,Formosa,Argentina,18,-24.86959024,-59.61484924,
La Pampa,Formosa,Argentina,18,-25.29694414,-59.5666244,
Murúa,Formosa,Argentina,18,-25.69322538,-59.65076049,
Santos Lugares,Corrientes,Argentina,18,-27.46044039,-58.44848857,
La María,Corrientes,Argentina,18,-28.39972121,-58.48485775,
La Cortadera Grande,Mendoza,Argentina,18,-35.90158363,-66.79615662,
Algarrobito,Mendoza,Argentina,18,-32.97347016,-67.212918,
Telteca,Mendoza,Argentina,18,-32.38321868,-68.05574273,
Cañada Amarilla,Mendoza,Argentina,18,-34.9773825,-69.12520216,
La Leona,San Luis,Argentina,18,-32.21954006,-66.39397057,
El Peje,San Luis,Argentina,18,-35.34729076,-66.31919862,
Dique La Huertita,San Luis,Argentina,18,-32.40362506,-65.72141256,
Balneario Las Chacras,San Luis,Argentina,18,-32.54419401,-65.75976693,
Lago Quillén,Neuquén,Argentina,18,-39.37011341,-71.23129659,
Puerto Quetrihue,Neuquén,Argentina,18,-40.85748514,-71.61427894,
Bajada Vieja,Neuquén,Argentina,18,-38.47179426,-70.0831244,
Caleta de los Loros,Río Negro,Argentina,18,-41.01946093,-64.07221376,
General Nicolás H. Palacios,Río Negro,Argentina,18,-40.83682772,-63.35973182,
Perito Moreno,Río Negro,Argentina,18,-41.06272443,-71.01445032,
Playa Isla Escondida,Chubut,Argentina,18,-43.67259112,-65.34168633,
Paso Moreno,Chubut,Argentina,18,-44.98452845,-70.43434802,
Pastos Blancos,Chubut,Argentina,18,-45.27651024,-70.51357495,
Chacay Oeste,Chubut,Argentina,18,-42.67964648,-68.06161373,
San Marcos,Buenos Aires,Argentina,17,-37.49549157,-63.35636732,
La Blanqueada,Buenos Aires,Argentina,17,-35.20763059,-60.48468665,
Los Altos Verdes,Buenos Aires,Argentina,17,-36.11100153,-57.9087459,
Paso Mayor,Buenos Aires,Argentina,17,-38.67130312,-61.79052761,
Nicolás Descalzi,Buenos Aires,Argentina,17,-38.43802983,-60.98912049,
Gregorio Villafañe,Buenos Aires,Argentina,17,-34.71394396,-60.60151647,
La Carlota,Buenos Aires,Argentina,17,-34.7954293,-60.0323015,
Los Flamencos,Buenos Aires,Argentina,17,-36.06190345,-60.23464867,
Santa Fortuna,Buenos Aires,Argentina,17,-36.72346368,-57.7986908,
Dussaud,Buenos Aires,Argentina,17,-34.79342241,-61.77889786,
La Oriental,Buenos Aires,Argentina,17,-34.56809323,-60.81711977,
La Dorotea,Buenos Aires,Argentina,17,-35.09860916,-61.83582658,
El Lenguaraz,Buenos Aires,Argentina,17,-38.06725554,-58.85863176,
La Galia,Buenos Aires,Argentina,17,-38.18939343,-59.03406657,
Curuchet,Buenos Aires,Argentina,17,-35.91038319,-62.06088523,
Campo Roth,Buenos Aires,Argentina,17,-33.9305281,-60.77418773,
Kilómetro 357,Buenos Aires,Argentina,17,-34.29368844,-60.76800638,
Juan Tronconi,Buenos Aires,Argentina,17,-35.50988022,-59.25292059,
Colonia Villarino,Buenos Aires,Argentina,17,-38.89503136,-62.64558134,
Pueblito,Córdoba,Argentina,17,-32.1180211,-64.53250102,
Pueblo Escondido,Córdoba,Argentina,17,-32.42413504,-64.87150713,
Cuatro Esquinas,Córdoba,Argentina,17,-31.20205443,-65.15555686,
Los Sauces,Córdoba,Argentina,17,-30.79868011,-64.30142897,
Presa Achiras,Córdoba,Argentina,17,-33.17225583,-64.965825,
Chua,Córdoba,Argentina,17,-31.69816487,-65.30198977,
Toro Muerto,Córdoba,Argentina,17,-31.64923492,-64.97847662,
Los Quebrachos,Córdoba,Argentina,17,-31.76579068,-64.47142582,
Campo Mosca,Santa Fe,Argentina,17,-32.76218737,-61.38414224,
El Palmar,Santa Fe,Argentina,17,-29.22524431,-61.60319105,
La Nevada,Santa Fe,Argentina,17,-30.17370357,-60.61585523,
Arrascaeta,Santa Fe,Argentina,17,-30.79038086,-60.31025634,
El Ñandubay,Santa Fe,Argentina,17,-29.63935251,-60.14024856,
Arroyo Las Lechiguanas,Entre Ríos,Argentina,17,-33.55848243,-59.46981167,
Colonia Cóndor,Entre Ríos,Argentina,17,-31.54978798,-58.55285254,
Colonia La Pastoril,La Pampa,Argentina,17,-36.37276289,-66.22646738,
Valle Daza,La Pampa,Argentina,17,-37.07687142,-65.4222435,
Famalilao,La Rioja,Argentina,17,-28.51072384,-67.68516761,
Colozocán,La Rioja,Argentina,17,-30.5522638,-66.51477115,
Tosquea,La Rioja,Argentina,17,-31.05059987,-66.84756034,
El Buen Retiro,La Rioja,Argentina,17,-31.7926116,-66.20441426,
Entre Ríos,La Rioja,Argentina,17,-31.99375637,-66.35766451,
La Tuna,Catamarca,Argentina,17,-28.38014281,-65.28530704,
Las Ánimas,Catamarca,Argentina,17,-29.08420212,-65.76397448,
Bella Vista,Catamarca,Argentina,17,-28.62056132,-65.49147495,
Puerta  de Córdoba,Catamarca,Argentina,17,-28.878641,-64.93639523,
Casa de la Quesera,Salta,Argentina,17,-24.54189182,-66.1896541,
Esquina de Guardia,Salta,Argentina,17,-23.81997101,-66.23325107,
Corralitos,Salta,Argentina,17,-23.95508572,-66.2724006,
Pozo Grande,Santiago del Estero,Argentina,17,-26.75980562,-63.57458363,
Guayacán Pozo,Santiago del Estero,Argentina,17,-25.91247421,-63.32595191,
Campo Bandera,Santiago del Estero,Argentina,17,-26.21907721,-62.71525605,
San Juan,Santiago del Estero,Argentina,17,-28.60321974,-64.74068412,
El Mangrullo,Santiago del Estero,Argentina,17,-28.1062976,-65.03718436,
La Providencia,Santiago del Estero,Argentina,17,-29.6264288,-62.485533,
Aragonés,Santiago del Estero,Argentina,17,-27.48609579,-64.67795931,
Rosario,Santiago del Estero,Argentina,17,-27.91907775,-63.75590002,
Las Lenguas,Tucumán,Argentina,17,-27.32799189,-65.92935189,
El Quebrachal,Tucumán,Argentina,17,-26.23742623,-65.32179054,
Colonia Luján,Misiones,Argentina,17,-26.69386537,-54.89608324,
La Pinta,Chaco,Argentina,17,-25.49087816,-62.41629498,
Paraje Santa Rosa,Chaco,Argentina,17,-26.0500966,-61.30927899,
San Telmo,Chaco,Argentina,17,-25.14024686,-62.93610383,
Sol de Mayo,Chaco,Argentina,17,-25.00488117,-62.4225289,
Alberdi,Chaco,Argentina,17,-25.80284848,-60.59612314,
El Quebracho Baleado,Chaco,Argentina,17,-25.35695971,-60.91958404,
El Quirquincho,Chaco,Argentina,17,-25.11359596,-61.37330867,
San Agustín,Chaco,Argentina,17,-25.81836515,-60.45266733,
Lote 10,Chaco,Argentina,17,-26.2594514,-60.69027401,
Agua Verde,Formosa,Argentina,17,-23.6759983,-62.31033284,
San Alberto,Formosa,Argentina,17,-25.75518402,-57.85389761,
Colonia El Cacuy,Formosa,Argentina,17,-24.65972839,-59.39027507,
Colonia El Catorce,Formosa,Argentina,17,-25.1848934,-59.95455134,
Kilómetro 387,Corrientes,Argentina,17,-28.8128496,-58.79347126,
Agua del Toro,Mendoza,Argentina,17,-36.64122001,-68.54849171,
El Clavado,Mendoza,Argentina,17,-36.64637888,-69.42901467,
Santa Teresa,San Luis,Argentina,17,-32.2034617,-66.26882288,
Los Quemados,San Luis,Argentina,17,-31.89171584,-65.73148024,
Cañada de Vilan,San Luis,Argentina,17,-32.81367415,-66.57729949,
Pampa de la Invernada,San Luis,Argentina,17,-32.75965588,-66.13164598,
Bella Vista,San Luis,Argentina,17,-32.69131906,-65.9665151,
Tierra Mayor,Tierra del Fuego,Argentina,17,-54.71615173,-68.08316622,
Río Kilca,Neuquén,Argentina,17,-38.90216947,-70.81408614,
Bajada del Mono,Neuquén,Argentina,17,-38.2543472,-68.8938308,
Sañico,Neuquén,Argentina,17,-40.12211581,-70.4243892,
Coyuco Abajo,Neuquén,Argentina,17,-36.65477503,-70.06208336,
Laguna Blanca,Río Negro,Argentina,17,-40.72202405,-69.8416959,
El Espigón,Río Negro,Argentina,17,-41.11989936,-63.00986181,
Arroyo Las Minas,Río Negro,Argentina,17,-41.80664379,-71.12555433,
El Valle,Río Negro,Argentina,17,-41.7996612,-66.58221058,
El Tropezón,Río Negro,Argentina,17,-41.75738769,-68.99093166,
Punta Delgada,Chubut,Argentina,17,-42.76371157,-63.64151583,
Boca Toma,Chubut,Argentina,17,-43.44411698,-65.94198987,
Don Ángel,Chubut,Argentina,17,-45.25289063,-70.96074159,
Dos Lagunas,Santa Cruz,Argentina,17,-50.75047424,-69.62076282,
Los Monos,Santa Cruz,Argentina,17,-46.02732237,-69.60653354,
Mazarredo,Santa Cruz,Argentina,17,-47.07889204,-66.6963548,
Juan José Albornoz,Santa Cruz,Argentina,17,-48.4262122,-68.94249424,
Villa Margarita,Buenos Aires,Argentina,16,-37.46135364,-63.24217352,
El Lucero,Buenos Aires,Argentina,16,-38.17723007,-59.91360278,
Paraje Chapar,Buenos Aires,Argentina,16,-38.027354,-59.64857376,
San José,Buenos Aires,Argentina,16,-36.30787143,-59.54564815,
La Vitícola,Buenos Aires,Argentina,16,-38.5233384,-62.2891645,
Balneario La Balandra,Buenos Aires,Argentina,16,-34.92897658,-57.71803451,
Campo Merlo,Buenos Aires,Argentina,16,-35.73417124,-62.34551695,
La Salada,Buenos Aires,Argentina,16,-36.01555666,-57.65483699,
Balneario Coronel Suárez,Buenos Aires,Argentina,16,-37.50686043,-61.85047406,
El Tejado,Buenos Aires,Argentina,16,-34.76298058,-60.58094324,
Louge,Buenos Aires,Argentina,16,-36.93749203,-61.66510366,
La Paloma,Buenos Aires,Argentina,16,-36.10567655,-60.45818175,
Balneario Laguna Alsina,Buenos Aires,Argentina,16,-36.88127269,-62.22345402,
La María,Buenos Aires,Argentina,16,-36.53500372,-62.51944207,
Santa Inés,Buenos Aires,Argentina,16,-36.18495586,-58.96099827,
Colonia Etchart,Buenos Aires,Argentina,16,-39.96013726,-62.71400429,
El Recado,Buenos Aires,Argentina,16,-35.7888274,-62.22440931,
Tambo Nuevo,Buenos Aires,Argentina,16,-33.96707712,-60.5794002,
Pincén,Buenos Aires,Argentina,16,-37.78723316,-62.9338678,
La Rojera,Buenos Aires,Argentina,16,-34.15776847,-60.70141181,
La Tramontana,Buenos Aires,Argentina,16,-37.66043642,-62.15408144,
Mamaguita,Buenos Aires,Argentina,16,-35.68898125,-60.22488243,
Ombucta,Buenos Aires,Argentina,16,-38.90570296,-62.54388393,
Huerta Vieja,Córdoba,Argentina,16,-32.50902219,-64.73255285,
El Chaguaral,Córdoba,Argentina,16,-30.33964957,-65.1165614,
Campo La Adela,Córdoba,Argentina,16,-34.8191017,-63.38567968,
La Pacífica,Córdoba,Argentina,16,-34.72949228,-64.13388732,
Campo El Chato,Córdoba,Argentina,16,-32.74117567,-63.15094167,
La Higuerita,Córdoba,Argentina,16,-30.72320991,-64.43174272,
San Miguel,Córdoba,Argentina,16,-30.34725717,-64.47960638,
Colonia Marcos Sastre,Córdoba,Argentina,16,-32.53964281,-62.41681074,
La Aguada,Córdoba,Argentina,16,-31.02487491,-65.15714575,
Miguel Salas,Córdoba,Argentina,16,-34.18643683,-63.07689176,
Wallala,Córdoba,Argentina,16,-30.81842442,-64.530254,
Hansen,Santa Fe,Argentina,16,-33.26736122,-61.70617155,
Colonia La Posta,Santa Fe,Argentina,16,-33.05097142,-61.48774703,
Campo Crenna,Santa Fe,Argentina,16,-33.23371275,-61.68250572,
Campo Ubino,Santa Fe,Argentina,16,-32.63539885,-61.42838374,
Kilómetro 293,Santa Fe,Argentina,16,-29.09307001,-60.14171502,
Colonia Las Margaritas,Santa Fe,Argentina,16,-29.74626146,-60.18236766,
Campo Bernardi,Santa Fe,Argentina,16,-29.30066564,-60.89081019,
Salto Grande,Entre Ríos,Argentina,16,-31.21208368,-57.93248255,
Fernández,Entre Ríos,Argentina,16,-33.64717278,-59.04666107,
Talitas,Entre Ríos,Argentina,16,-31.43622787,-59.66475682,
Paso Margariños,Entre Ríos,Argentina,16,-31.58576276,-58.39267849,
Colonia Berro,Entre Ríos,Argentina,16,-31.59937001,-58.57636778,
Colonia La Noria,La Pampa,Argentina,16,-37.48251318,-64.121409,
San Guillermo,La Rioja,Argentina,16,-29.21717429,-66.06680384,
Los Patillos,La Rioja,Argentina,16,-29.48881621,-67.8305371,
Paso San Isidro,La Rioja,Argentina,16,-29.47094139,-68.22912912,
El Fraile,La Rioja,Argentina,16,-31.06199915,-65.94082307,
Los Tellos,La Rioja,Argentina,16,-30.97570442,-65.93377768,
Agua de la Piedra,La Rioja,Argentina,16,-31.25508483,-66.39148306,
Puesto de Rua,Catamarca,Argentina,16,-28.84507127,-65.75098367,
La Brea,Catamarca,Argentina,16,-28.44323357,-65.84778421,
El Suncho,Catamarca,Argentina,16,-29.39809717,-65.26435971,
Los Cordero,Catamarca,Argentina,16,-27.90243917,-65.74737864,
Arbolito Nuevo,Jujuy,Argentina,16,-22.59398929,-65.85016884,
Estación San Juancito,Jujuy,Argentina,16,-24.37110838,-65.03299665,
Cóndor,Jujuy,Argentina,16,-22.90454681,-65.28498744,
Ichaca,Jujuy,Argentina,16,-22.89277879,-66.82538101,
Santa Cecilia,Salta,Argentina,16,-24.6880116,-63.98274035,
El Estanque,Salta,Argentina,16,-24.92539174,-65.02645744,
Peñas Blancas,Salta,Argentina,16,-25.29531229,-65.28873464,
El Guayacán,Salta,Argentina,16,-25.59947984,-65.59597066,
Las Juntas,Salta,Argentina,16,-25.31461345,-64.85734737,
La Jojoba,Salta,Argentina,16,-23.77050425,-63.68708409,
La Fortuna Este,Santiago del Estero,Argentina,16,-26.12678367,-63.1414647,
El Yunchancito,Santiago del Estero,Argentina,16,-26.11946731,-63.00100246,
Santa María,Santiago del Estero,Argentina,16,-27.63165136,-63.72175563,
Colonia Josefina,Santiago del Estero,Argentina,16,-27.98370082,-62.2332377,
San Antonio,Santiago del Estero,Argentina,16,-27.6289247,-62.89691972,
Huchu Payana,Santiago del Estero,Argentina,16,-27.67172444,-61.94619499,
Cañada de Tala Pozo,Santiago del Estero,Argentina,16,-27.39584776,-64.86690575,
Vilca Pozo,Tucumán,Argentina,16,-27.19346481,-65.1981416,
Chañar Solo,Tucumán,Argentina,16,-26.30982758,-65.95703001,
Salas,Tucumán,Argentina,16,-26.57331902,-65.83386021,
Aliso Morado,Tucumán,Argentina,16,-26.6189464,-65.55919923,
El Arenal,Chaco,Argentina,16,-26.59428602,-61.46274959,
Santa Rosa,Chaco,Argentina,16,-25.40137141,-62.31484251,
Santa Teresa de Carballo,Chaco,Argentina,16,-25.58632179,-63.19606209,
Colonia El Mirasol,Chaco,Argentina,16,-26.84828526,-58.58149381,
Las Víboras,Chaco,Argentina,16,-27.64454309,-61.68030667,
Tañigo,Chaco,Argentina,16,-27.50156379,-61.41865466,
La Cangayé,Chaco,Argentina,16,-25.58029569,-60.59115755,
La Entrada,Chaco,Argentina,16,-24.6773433,-61.95655488,
Las Maravillas,Chaco,Argentina,16,-25.86758799,-60.39683305,
Lote 11,Chaco,Argentina,16,-27.95280848,-60.64888596,
Campo Cantón,Chaco,Argentina,16,-27.06359112,-60.95245597,
La Vicuña,Chaco,Argentina,16,-27.97706567,-59.97681795,
Los Claveles,Formosa,Argentina,16,-25.09843549,-60.3523218,
Pago Largo,Corrientes,Argentina,16,-29.93468572,-58.28028194,
La Flecha,Corrientes,Argentina,16,-27.69635113,-57.92680812,
Timboy,Corrientes,Argentina,16,-27.94835051,-57.98883918,
San Gabriel,Corrientes,Argentina,16,-28.9666088,-57.19535356,
Malezal,Corrientes,Argentina,16,-29.97389462,-58.81155949,
Pampita,Mendoza,Argentina,16,-33.43221268,-67.27306637,
Los Toldos,Mendoza,Argentina,16,-35.2913183,-68.23513266,
Rodeo de Cadenas,San Luis,Argentina,16,-32.70165026,-66.18986326,
Lomas Blancas,San Luis,Argentina,16,-32.75445355,-66.76630184,
Pedernera,San Luis,Argentina,16,-33.78388014,-65.28462783,
Cramer,San Luis,Argentina,16,-33.69730922,-65.36000171,
Bañado de Cautana,San Luis,Argentina,16,-32.20901378,-65.50536332,
Los Barreales,Neuquén,Argentina,16,-38.51006546,-68.96312963,
Puerto Arturo,Neuquén,Argentina,16,-40.01726408,-71.37116243,
Quilanlahue,Neuquén,Argentina,16,-40.1121632,-71.52763418,
Bajada de Carrizo,Neuquén,Argentina,16,-38.05473735,-70.21345466,
Vilu Mallín,Neuquén,Argentina,16,-37.45543932,-70.76049276,
El Portón,Neuquén,Argentina,16,-37.15481744,-69.64961749,
Villa Tenis Club Neuquén,Neuquén,Argentina,16,-38.58913545,-68.47535373,
Cubanea,Río Negro,Argentina,16,-40.61735665,-63.55681068,
Cerro Perito Moreno,Río Negro,Argentina,16,-41.79014388,-71.56410965,
Mina Sierra Grande,Río Negro,Argentina,16,-41.67296505,-65.3690157,
Punta Pardelas,Chubut,Argentina,16,-42.61783432,-64.26056974,
Lago Cholila,Chubut,Argentina,16,-42.46867436,-71.59581729,
Bajada del Diablo,Chubut,Argentina,16,-42.8845531,-67.45908745,
Campo El Arroyo,Chubut,Argentina,16,-43.4579385,-67.86629228,
Mallín Angosto,Chubut,Argentina,16,-44.56590426,-69.16663872,
Chacras de Telsen,Chubut,Argentina,16,-42.33499257,-67.03492977,
Punta Bandera,Santa Cruz,Argentina,16,-50.31347444,-72.79236403,
Río Mitre,Santa Cruz,Argentina,16,-50.39860988,-72.73204216,
Avestruz,Buenos Aires,Argentina,15,-37.6598302,-63.35527161,
Cañada Mariano,Buenos Aires,Argentina,15,-37.67243246,-63.19681569,
Álzaga,Buenos Aires,Argentina,15,-37.85976983,-59.97085519,
La Criolla,Buenos Aires,Argentina,15,-34.9915152,-60.72761769,
Los Álamos,Buenos Aires,Argentina,15,-35.28847129,-62.41392221,
Laguna Altos Verdes,Buenos Aires,Argentina,15,-36.12790846,-57.9987198,
Campo Alvear,Buenos Aires,Argentina,15,-34.33967574,-61.37477153,
Calle Angosta,Buenos Aires,Argentina,15,-35.8351918,-58.47846925,
La Graciela,Buenos Aires,Argentina,15,-36.0709598,-59.3287784,
El Morito,Buenos Aires,Argentina,15,-35.06237372,-61.5558195,
La Providencia,Buenos Aires,Argentina,15,-37.00033586,-60.18838369,
Colonia La Delfina,Buenos Aires,Argentina,15,-39.63943309,-62.80614368,
Abel,Buenos Aires,Argentina,15,-35.61726092,-62.00437206,
La Tigra,Buenos Aires,Argentina,15,-37.70458932,-62.43520009,
Club de Pesca Pigüé,Buenos Aires,Argentina,15,-38.03878596,-62.52027241,
Colonia Moreno,Buenos Aires,Argentina,15,-36.5253689,-62.96710513,
Cañada El Durazno,Córdoba,Argentina,15,-32.1033245,-64.60938756,
Sol de Mayo,Córdoba,Argentina,15,-31.98921254,-64.72943966,
Villa Tronquils,Córdoba,Argentina,15,-32.40958612,-64.55001238,
Cachiyuyo,Córdoba,Argentina,15,-30.54347618,-65.28645047,
Los Morteritos,Córdoba,Argentina,15,-31.11625264,-65.01257082,
Manantiales,Córdoba,Argentina,15,-33.53574003,-63.31685922,
Colonia Marcos Juárez,Córdoba,Argentina,15,-32.91225608,-62.06706171,
La Bismutina,Córdoba,Argentina,15,-31.15300806,-65.25464404,
La Guanaca,Córdoba,Argentina,15,-31.4974447,-65.65761355,
Puesto Ramallo,Córdoba,Argentina,15,-31.1213037,-64.54939601,
Colonia Nueva Sampacho,Córdoba,Argentina,15,-33.27618974,-64.6872049,
14 de Mayo,Córdoba,Argentina,15,-29.79042997,-63.18670751,
Luján,Córdoba,Argentina,15,-31.46493959,-65.00558788,
Cañada de Jume,Córdoba,Argentina,15,-30.95656518,-63.76838965,
Las Barrancas,Córdoba,Argentina,15,-30.88593938,-64.38903993,
Inti Huasi,Córdoba,Argentina,15,-30.41344809,-64.22100832,
Santa Juana,Santa Fe,Argentina,15,-34.01218002,-61.37320736,
Kilómetro 312,Santa Fe,Argentina,15,-29.45313202,-61.70721992,
Colonia Wavelberg,Santa Fe,Argentina,15,-30.64770088,-61.42993873,
Campo Baroni,Santa Fe,Argentina,15,-29.93001801,-60.13293478,
Paso Frontera,Entre Ríos,Argentina,15,-30.27355506,-58.24098484,
Colonia Buena Vista,Entre Ríos,Argentina,15,-30.8525565,-59.50444273,
Riacho El Brasilero,Entre Ríos,Argentina,15,-33.10504549,-60.47600264,
Los Hornos,La Pampa,Argentina,15,-35.63145749,-64.4434302,
La Lancha,La Rioja,Argentina,15,-29.20174607,-66.80527311,
Ismiango,La Rioja,Argentina,15,-29.02386344,-66.89209247,
Las Ventanitas,La Rioja,Argentina,15,-31.69759791,-65.77994108,
Siempre Verde,La Rioja,Argentina,15,-31.66234359,-66.20307224,
El Durazno,La Rioja,Argentina,15,-28.41537303,-68.02347216,
Río de las Cuevas,Catamarca,Argentina,15,-27.08709242,-66.64700438,
El Desmonte,Catamarca,Argentina,15,-28.27479419,-65.44653828,
Mesada de las Colmenas,Jujuy,Argentina,15,-23.69964591,-64.86698592,
Mina Bélgica,Jujuy,Argentina,15,-22.36937731,-65.61379092,
Santa Rita,Salta,Argentina,15,-24.65665248,-64.96762278,
Morales,Salta,Argentina,15,-25.72738251,-65.69752783,
Cauchari,Salta,Argentina,15,-24.09730215,-66.78918425,
Los Ranchitos,Salta,Argentina,15,-23.43532654,-62.94536105,
Cachiñal,Salta,Argentina,15,-24.27455573,-66.03439598,
Los Sauces,Salta,Argentina,15,-25.78323438,-65.96989597,
Kelloticar,Salta,Argentina,15,-22.52006054,-65.11546084,
Doña Lorenza,Santiago del Estero,Argentina,15,-29.10215192,-62.57269247,
Santa Rosa Sur,Santiago del Estero,Argentina,15,-26.15415057,-63.06974249,
El Corrido,Santiago del Estero,Argentina,15,-26.19972913,-62.99814921,
Lote 115,Santiago del Estero,Argentina,15,-27.63674345,-62.57681145,
La Tala Grande,Tucumán,Argentina,15,-27.72548147,-65.53337779,
Monte Redondo,Tucumán,Argentina,15,-27.45814838,-65.57663522,
Alto de las Lechuzas,Tucumán,Argentina,15,-27.40802506,-65.25235095,
El Corral,Tucumán,Argentina,15,-26.51488583,-65.52709399,
Campo Gentilini,Misiones,Argentina,15,-27.79130474,-55.71574032,
Mesa Redonda,Misiones,Argentina,15,-27.08552378,-53.98000936,
Boroloré,Misiones,Argentina,15,-27.84782151,-55.04309037,
Paduán,Misiones,Argentina,15,-26.60547595,-53.91622589,
El Cañon,Chaco,Argentina,15,-25.49115937,-62.78793831,
El Indio,Chaco,Argentina,15,-25.62950334,-62.53849645,
El Lebretón,Chaco,Argentina,15,-25.61573542,-62.88145706,
Lote 9 Pampa Grande,Chaco,Argentina,15,-26.65921984,-61.23305633,
Santa Rita,Chaco,Argentina,15,-24.89816577,-62.49539116,
El 14,Chaco,Argentina,15,-26.88980986,-58.72624751,
El Cuadrado Oeste,Chaco,Argentina,15,-27.31320861,-61.70882553,
Las Delicias,Chaco,Argentina,15,-25.92305548,-60.94979043,
Los Pereyras,Chaco,Argentina,15,-25.47551446,-61.17668625,
Colonia Oeste,Chaco,Argentina,15,-26.44685171,-59.42848815,
Las Golondrinas Norte,Chaco,Argentina,15,-27.55871211,-60.95877434,
Colonia Uriburu,Formosa,Argentina,15,-26.27412235,-58.23563133,
Colonia El Zapallito,Formosa,Argentina,15,-26.11342386,-59.33684517,
Laguna Medina,Corrientes,Argentina,15,-28.54546706,-57.75086542,
Santillán,Corrientes,Argentina,15,-29.46540212,-58.97961066,
Paso de la Barca,Corrientes,Argentina,15,-30.10502659,-57.61923791,
Colonia Juan Ramón Vidal,Corrientes,Argentina,15,-28.86517581,-58.8209001,
Pachaco,San Juan,Argentina,15,-31.29708161,-69.08822565,
Laguna La Niña Encantada,Mendoza,Argentina,15,-35.16058711,-69.8678852,
Río Barrancas,Mendoza,Argentina,15,-36.81030775,-69.86364163,
San Isidro,Mendoza,Argentina,15,-33.50785317,-68.82475825,
Arístides Villanueva,Mendoza,Argentina,15,-34.22583171,-67.91070111,
Balde de los Torres,San Luis,Argentina,15,-32.02577876,-66.10120539,
Alto Tavira,San Luis,Argentina,15,-32.41529447,-66.55590257,
Balde de Puertas,San Luis,Argentina,15,-32.43179993,-66.21885452,
Bajo del Durazno,San Luis,Argentina,15,-32.58071368,-66.43468956,
Los Membrillos,San Luis,Argentina,15,-32.99538239,-65.81309827,
Loma Alta,San Luis,Argentina,15,-32.96046339,-65.95470598,
La Arenilla,San Luis,Argentina,15,-32.93200444,-66.05864099,
El Charco,San Luis,Argentina,15,-33.57586746,-66.16013802,
La Seña,San Luis,Argentina,15,-33.87057052,-66.28927311,
Las Horquetas,San Luis,Argentina,15,-34.08582891,-66.70269204,
Valle Hermoso,Tierra del Fuego,Argentina,15,-54.71518108,-68.04561874,
Dique Portezuelo Grande,Neuquén,Argentina,15,-38.45577584,-68.93568664,
La Angostura de Mari Menuco,Neuquén,Argentina,15,-38.58154774,-68.69094333,
Lago Espejo,Neuquén,Argentina,15,-40.6913352,-71.69645779,
Casa de Piedra,Río Negro,Argentina,15,-41.17334176,-70.43178233,
Campana Mahuida,Río Negro,Argentina,15,-41.57760377,-66.46974599,
Arroyo Verde,Río Negro,Argentina,15,-41.92537178,-66.19511921,
El Mallín de Currumil,Chubut,Argentina,15,-42.5465353,-69.74722927,
Cerro Dragón,Chubut,Argentina,15,-45.7481185,-68.28997875,
La Payanca,Chubut,Argentina,15,-43.2793661,-69.93130968,
El Triana,Chubut,Argentina,15,-45.572582,-71.69856008,
Valle Hermoso,Chubut,Argentina,15,-45.74950545,-68.49800207,
Lago Número 3,Chubut,Argentina,15,-44.25447703,-71.58527672,
Rincón Grande,Santa Cruz,Argentina,15,-50.29107395,-70.15997205,
Paso Río Jeinemeni,Santa Cruz,Argentina,15,-46.586821,-71.66646633,
Colonia Leven,Buenos Aires,Argentina,14,-37.30889437,-63.33689539,
Mauleón,Buenos Aires,Argentina,14,-37.72511303,-60.55186457,
Usina Vieja,Buenos Aires,Argentina,14,-38.73503139,-60.57435615,
Paraje Don Alfredo,Buenos Aires,Argentina,14,-38.37560033,-61.65515326,
La Rinconada,Buenos Aires,Argentina,14,-35.73937127,-58.00852429,
Funke,Buenos Aires,Argentina,14,-35.46445695,-58.97727119,
Gerente Cilley,Buenos Aires,Argentina,14,-35.48666257,-60.50023937,
Defferrari,Buenos Aires,Argentina,14,-38.30185211,-59.38688967,
El Pino,Buenos Aires,Argentina,14,-38.22142538,-59.60060526,
Pinto,Córdoba,Argentina,14,-30.80037682,-64.20146708,
Campo La Chantada,Córdoba,Argentina,14,-33.14029901,-63.60010726,
La Ñatita,Córdoba,Argentina,14,-32.85418912,-63.55442282,
Campo Gerbaudo,Córdoba,Argentina,14,-33.089698,-62.56469748,
Vivero,Córdoba,Argentina,14,-34.23537861,-62.83552589,
Campo Alegre,Córdoba,Argentina,14,-30.27889734,-62.98070445,
Río Hondo,Córdoba,Argentina,14,-31.68568603,-64.9530656,
Buena Vista,Córdoba,Argentina,14,-31.83234877,-64.11424082,
Tacanas,Córdoba,Argentina,14,-29.68765985,-64.1454517,
Isla Larga,Córdoba,Argentina,14,-30.33426168,-63.28174904,
Colonia La Concordia,Córdoba,Argentina,14,-32.6644479,-62.74593359,
Campo Cuco,Santa Fe,Argentina,14,-33.37973426,-61.35448909,
Costa Itatí,Santa Fe,Argentina,14,-29.35422833,-59.67531382,
Campo Los Claveles,Santa Fe,Argentina,14,-28.93825966,-61.43025117,
San Juan,Santa Fe,Argentina,14,-30.53497942,-60.59071691,
La Hosca,Santa Fe,Argentina,14,-29.94960867,-60.45797961,
Guaycurú,Santa Fe,Argentina,14,-29.12879559,-60.1483086,
San Ramón,Entre Ríos,Argentina,14,-30.81881565,-58.24979477,
Anahí,Entre Ríos,Argentina,14,-33.74560074,-58.97737286,
La Colorada Chica,La Pampa,Argentina,14,-38.3758051,-63.39052907,
Laguna La Amarga,La Pampa,Argentina,14,-38.18448833,-66.16876371,
El Garabato,La Rioja,Argentina,14,-30.29683895,-66.13327946,
El Retamo,La Rioja,Argentina,14,-30.14722976,-65.86736368,
La Represita,La Rioja,Argentina,14,-30.31559338,-66.86607919,
Nepes,La Rioja,Argentina,14,-30.68531573,-66.00854274,
Illisca,La Rioja,Argentina,14,-30.98213443,-66.75567461,
La Aguada,La Rioja,Argentina,14,-31.10112959,-66.61928226,
El Arenal,Catamarca,Argentina,14,-29.0969275,-65.49269376,
La Aguada,Catamarca,Argentina,14,-28.40081823,-65.79220952,
Motegasta,Catamarca,Argentina,14,-29.02911037,-65.35020699,
Cara Cara,Jujuy,Argentina,14,-22.56624488,-65.86281725,
Azul Pampa,Jujuy,Argentina,14,-22.96890121,-65.43642402,
La Quinta,Jujuy,Argentina,14,-23.88337652,-64.46855413,
Los Cardones,Salta,Argentina,14,-25.19207835,-65.86580886,
El Simbolar,Salta,Argentina,14,-25.14641346,-65.46868218,
Aguay,Salta,Argentina,14,-22.53624431,-63.96907764,
Tacupampa,Salta,Argentina,14,-22.66426553,-65.11382582,
Cortadera,Salta,Argentina,14,-23.48690399,-66.06989632,
Esteco,Salta,Argentina,14,-25.43699803,-64.85447213,
Schneidewind,Salta,Argentina,14,-25.43544276,-64.93396721,
Madrejones,Salta,Argentina,14,-22.76500166,-62.92863172,
Ingrata Norte,Santiago del Estero,Argentina,14,-26.6444799,-61.95717376,
La Barranquita,Santiago del Estero,Argentina,14,-28.77489851,-64.96510436,
Laguna Baya,Santiago del Estero,Argentina,14,-27.83309684,-61.85528662,
Santa Bárbara,Santiago del Estero,Argentina,14,-28.44739114,-64.32770928,
Negra Muerta,Santiago del Estero,Argentina,14,-28.93259404,-63.97968095,
San Ramón Norte,Santiago del Estero,Argentina,14,-25.98195013,-63.82212391,
Ahí Veremos,Santiago del Estero,Argentina,14,-27.35084009,-64.92271779,
Calimonte,Tucumán,Argentina,14,-26.44314833,-65.96313669,
Ñacanguazú,Misiones,Argentina,14,-27.10097096,-55.4214477,
Pampa Quimilí,Chaco,Argentina,14,-26.27742964,-61.15724008,
Pozo Hondo,Chaco,Argentina,14,-25.59187374,-63.0369521,
San José,Chaco,Argentina,14,-25.64225757,-61.31910034,
La Fidelidad,Chaco,Argentina,14,-25.17013169,-61.35318977,
Las Tunillas,Chaco,Argentina,14,-25.32903195,-60.47255383,
Pozo La Gringa,Chaco,Argentina,14,-25.31827078,-60.98499447,
La Palmira,Chaco,Argentina,14,-26.48772979,-59.441153,
Las Golondrinas,Chaco,Argentina,14,-27.5572385,-60.91092398,
Colonia 25 de Mayo,Formosa,Argentina,14,-24.98479699,-58.88860437,
Paso Caá Caraí,Corrientes,Argentina,14,-27.82367441,-56.26223581,
Monte Grande,Corrientes,Argentina,14,-27.5646605,-58.10357154,
Dique Pachimoco,San Juan,Argentina,14,-30.19778903,-68.82952428,
San Antonio,San Juan,Argentina,14,-30.3568169,-67.68627229,
La Valenciana,Mendoza,Argentina,14,-35.52394708,-69.86722145,
Guadales,Mendoza,Argentina,14,-34.48290401,-67.87455047,
Laguna Negra,Mendoza,Argentina,14,-36.17686408,-70.39011316,
Talita,San Luis,Argentina,14,-32.35066923,-66.72668646,
La Petra,San Luis,Argentina,14,-33.25104407,-65.99650774,
Caldenadas,San Luis,Argentina,14,-33.7689322,-65.82643827,
Lago Fagnano,Tierra del Fuego,Argentina,14,-54.59606497,-67.62391632,
Altos del Valle,Tierra del Fuego,Argentina,14,-54.72169643,-68.11998171,
El Ciénago,Neuquén,Argentina,14,-37.22367499,-70.21634451,
Cancha Huinganco,Neuquén,Argentina,14,-37.02756063,-70.42143303,
Parador Kilómetro 46,Río Negro,Argentina,14,-39.8759085,-65.43874332,
Laguna Los Moscos,Río Negro,Argentina,14,-41.34886636,-71.60790999,
Estación Ñorquincó,Río Negro,Argentina,14,-41.8839167,-70.90851177,
La Carolina,Río Negro,Argentina,14,-40.25915255,-66.02971604,
Vaca Laufquen,Río Negro,Argentina,14,-41.41554568,-68.29257538,
Cabo Raso,Chubut,Argentina,14,-44.10907024,-65.24127621,
Malaspina,Chubut,Argentina,14,-44.93457104,-66.92771782,
Piedra Parada,Chubut,Argentina,14,-42.66321647,-70.15254642,
La Helvética,Chubut,Argentina,14,-44.74258599,-69.26073436,
Lago Ghio,Santa Cruz,Argentina,14,-47.28001993,-71.47585152,
Paso Rodolfo Roballos,Santa Cruz,Argentina,14,-47.15815829,-71.85134284,
Lartigau,Buenos Aires,Argentina,13,-38.44720932,-61.56688701,
Loncoy,Buenos Aires,Argentina,13,-37.20474401,-57.41208538,
Las Acacias,Buenos Aires,Argentina,13,-35.4650031,-58.18326041,
Las Parvas,Buenos Aires,Argentina,13,-34.56556524,-61.12938063,
San Ramón,Buenos Aires,Argentina,13,-35.49280655,-57.41510208,
Laguna Indio Muerto,Buenos Aires,Argentina,13,-35.47997956,-59.70477894,
Cuartel IX,Buenos Aires,Argentina,13,-34.84424628,-59.59543429,
Cerros Colorados,Buenos Aires,Argentina,13,-38.07352759,-62.4694962,
El Zorro,Buenos Aires,Argentina,13,-39.51682007,-62.36921033,
Las Oscuras,Córdoba,Argentina,13,-31.66207306,-65.32154407,
Embalse Ingeniro Reolín,Córdoba,Argentina,13,-32.20130373,-64.33159825,
La Joyita,Córdoba,Argentina,13,-31.94178185,-64.61961951,
San José de los Sauces,Córdoba,Argentina,13,-32.57296055,-64.67745683,
Larsen,Córdoba,Argentina,13,-34.77862893,-64.62109535,
La Esperanza,Córdoba,Argentina,13,-32.7836182,-64.49245491,
Piedra Blanca,Córdoba,Argentina,13,-32.90107352,-64.77721094,
Campo Carolini,Córdoba,Argentina,13,-31.94357435,-63.60650326,
Valle del Lago,Córdoba,Argentina,13,-31.87669534,-65.0094921,
Potrerillo,Córdoba,Argentina,13,-31.78449924,-64.58397647,
La Majadilla,Córdoba,Argentina,13,-29.70039945,-64.11751072,
Laguna Helvecia,Córdoba,Argentina,13,-33.42842165,-62.89503695,
Los Trebolares,Santa Fe,Argentina,13,-29.71835492,-60.87278491,
Colonia Yatay,Santa Fe,Argentina,13,-30.3220878,-59.97913843,
Kilómetro 38,Santa Fe,Argentina,13,-29.44975932,-60.51797705,
Campo Zamo,Santa Fe,Argentina,13,-29.42382083,-60.18012593,
Campo Pavicich,Santa Fe,Argentina,13,-29.72591872,-60.28912994,
Kilómetro 70,Santa Fe,Argentina,13,-29.1631527,-60.34160343,
Cañada Grande,Entre Ríos,Argentina,13,-31.68877764,-58.52721399,
Colonia Caraguatá,Entre Ríos,Argentina,13,-32.10293971,-58.75421794,
Colonia Genacito,Entre Ríos,Argentina,13,-32.51392256,-58.73056626,
Colonia La Chunga,Entre Ríos,Argentina,13,-31.46365662,-58.8607811,
Colonia Emilio Mitre,La Pampa,Argentina,13,-36.44502921,-66.49533046,
Cerro Puntudo,La Pampa,Argentina,13,-36.35014478,-68.20915707,
Puesto Luján,La Pampa,Argentina,13,-36.8680564,-67.4480382,
Salina Grande,La Pampa,Argentina,13,-37.45257962,-67.19956153,
La Fama,La Pampa,Argentina,13,-35.67550541,-64.55836066,
Villa Carmela,La Rioja,Argentina,13,-30.29943495,-66.30802986,
Santa María,La Rioja,Argentina,13,-30.92024876,-66.81193798,
Tuani,La Rioja,Argentina,13,-30.93432305,-66.51661252,
Villa Luisa,La Rioja,Argentina,13,-31.72297119,-65.96881889,
Paganzo,La Rioja,Argentina,13,-30.21228877,-67.28594111,
Cerro Negro,Catamarca,Argentina,13,-28.25961747,-67.13708582,
El Huayco,Catamarca,Argentina,13,-28.74698836,-65.63790573,
Collagasta,Catamarca,Argentina,13,-28.33495162,-65.30263595,
El Milagro,Catamarca,Argentina,13,-29.34588606,-65.33991221,
Cerro Colorado,Catamarca,Argentina,13,-26.69040397,-66.30501321,
Jaire,Jujuy,Argentina,13,-24.04929098,-65.41202067,
Aguas Blancas,Jujuy,Argentina,13,-24.3183793,-64.54642495,
Agua de los Loros,Salta,Argentina,13,-25.0975406,-66.0074172,
Escalchi Adentro,Salta,Argentina,13,-25.14751642,-66.20357776,
Monte Carmelo,Salta,Argentina,13,-23.31990822,-63.69236401,
El Alfarcito,Salta,Argentina,13,-22.75624676,-65.07111465,
Esquina Azul,Salta,Argentina,13,-24.65689547,-66.19939406,
20 de Febrero,Salta,Argentina,13,-25.4283697,-65.52706029,
El Bordo,Salta,Argentina,13,-25.37519527,-64.77634387,
Kilómetro 1281,Salta,Argentina,13,-23.38474826,-64.2880155,
Las Cejas,Santiago del Estero,Argentina,13,-26.77587387,-63.67482573,
San Roque,Santiago del Estero,Argentina,13,-27.4859233,-63.97427628,
San Carlos,Santiago del Estero,Argentina,13,-26.05913785,-62.82628525,
Sobremonte,Santiago del Estero,Argentina,13,-28.68060814,-64.75859818,
El Prado,Santiago del Estero,Argentina,13,-27.09292355,-62.34243019,
Amapola,Santiago del Estero,Argentina,13,-27.36735383,-64.84632933,
Las Cejas,Santiago del Estero,Argentina,13,-27.34190879,-64.90853332,
Colonia 5,Tucumán,Argentina,13,-27.00994221,-65.46569217,
Los Chorizos,Tucumán,Argentina,13,-27.26115878,-65.89295169,
Los Sauces,Tucumán,Argentina,13,-27.67802459,-65.28684969,
Anchillos,Tucumán,Argentina,13,-26.31474569,-66.02330558,
San Lucas,Misiones,Argentina,13,-28.03343726,-55.4914677,
Puerto Península,Misiones,Argentina,13,-25.67531527,-54.64318175,
Pampa Guanaco,Chaco,Argentina,13,-26.23575077,-61.02944116,
Pampa Virgen,Chaco,Argentina,13,-26.42549316,-60.90406828,
El Colorado,Chaco,Argentina,13,-24.80542119,-61.44411318,
El Quebrachal,Chaco,Argentina,13,-24.50380875,-61.65620741,
El Caburé,Chaco,Argentina,13,-27.48053162,-60.99606197,
Colonia El Raigonal,Chaco,Argentina,13,-26.93838357,-59.75154966,
La Lagunita,Formosa,Argentina,13,-24.31440316,-61.73192698,
Las Bolivianas,Formosa,Argentina,13,-24.31836312,-61.25700844,
El Potrerito,Formosa,Argentina,13,-24.3083853,-61.8124039,
Puerto Corazón,Corrientes,Argentina,13,-27.2732876,-58.00420535,
Paso Mesa,Corrientes,Argentina,13,-28.90520476,-57.24425248,
Mogote Corralitos,San Juan,Argentina,13,-31.31530769,-67.92671002,
Las Aguaditas,San Juan,Argentina,13,-30.42523564,-68.68349683,
Lagunas del Rosario,Mendoza,Argentina,13,-32.13450387,-68.19359618,
San Vicente,San Luis,Argentina,13,-32.24371936,-66.23959006,
Amieva,San Luis,Argentina,13,-32.69420254,-66.26890254,
Divisadero,San Luis,Argentina,13,-32.73197419,-66.47683582,
Los Cerrillos,San Luis,Argentina,13,-32.50438089,-66.33755119,
Mesilla del Cura,San Luis,Argentina,13,-32.44737508,-65.82645845,
El Paraguay,San Luis,Argentina,13,-32.76460652,-65.66069238,
Bella Vista,Tierra del Fuego,Argentina,13,-54.00098083,-68.59411321,
Puerto Páramo Chico,Tierra del Fuego,Argentina,13,-53.01520877,-68.26581089,
Río Moat,Tierra del Fuego,Argentina,13,-54.97389924,-66.74505711,
Rancahue,Neuquén,Argentina,13,-39.48634053,-70.94527805,
Agua Fría,Neuquén,Argentina,13,-38.78705142,-70.91695986,
Punta Carranza,Neuquén,Argentina,13,-37.92785813,-69.25276254,
Malleo,Neuquén,Argentina,13,-39.77743296,-71.03511518,
Agua Dulce,Neuquén,Argentina,13,-37.86888766,-70.07400924,
Lagunas de Epulafquen,Neuquén,Argentina,13,-36.8424004,-71.00960644,
Valle de las Damas,Neuquén,Argentina,13,-37.66070802,-70.9859329,
Treneta,Río Negro,Argentina,13,-41.17435624,-66.99459834,
El Caín,Río Negro,Argentina,13,-41.66736098,-68.16131287,
Colonia Josefa,Río Negro,Argentina,13,-39.60353258,-65.49618467,
La Frontera,Chubut,Argentina,13,-42.52575073,-71.52616154,
La Ponderosa,Chubut,Argentina,13,-42.54814629,-71.5680689,
Playa El Francés,Chubut,Argentina,13,-42.79079392,-71.72620463,
Taquetrén,Chubut,Argentina,13,-42.5234667,-69.40128128,
Paso Moreno,Chubut,Argentina,13,-42.47798882,-66.86813035,
Güer Aike,Santa Cruz,Argentina,13,-51.63049006,-69.60941817,
Lago Burmeister,Santa Cruz,Argentina,13,-47.95030895,-72.11991464,
Villa Sauri,Buenos Aires,Argentina,12,-37.11374142,-62.97539966,
Vuelta de los Pastos,Buenos Aires,Argentina,12,-33.9085323,-59.23675971,
Los Molles,Buenos Aires,Argentina,12,-36.08961573,-57.61217023,
El Calfiao,Buenos Aires,Argentina,12,-38.84908091,-60.79490928,
Bathurst,Buenos Aires,Argentina,12,-37.57604451,-61.81936431,
Paso de los Chilenos,Buenos Aires,Argentina,12,-37.51022981,-61.83581177,
Perisee,Buenos Aires,Argentina,12,-34.74919343,-61.84086196,
Millacó,Buenos Aires,Argentina,12,-35.23052413,-62.98250321,
Los Alfalfares,Buenos Aires,Argentina,12,-34.42592287,-61.49926473,
Los Pozos,Buenos Aires,Argentina,12,-34.93423763,-59.3222977,
El Agro,Buenos Aires,Argentina,12,-35.8100357,-62.3171306,
El Castellano,Buenos Aires,Argentina,12,-36.21237842,-59.53157292,
Hueso Clavado,Buenos Aires,Argentina,12,-38.59139058,-59.9421541,
Chosoico Algarrobo,Buenos Aires,Argentina,12,-38.74237583,-63.10648994,
Colonia Astrada,Córdoba,Argentina,12,-34.28320982,-64.4378012,
Las Palmas,Córdoba,Argentina,12,-30.39154987,-64.88087945,
Campo La Zulema,Córdoba,Argentina,12,-32.92245817,-63.53743196,
El Carrizal,Córdoba,Argentina,12,-31.03263627,-63.48963781,
La Constancia,Córdoba,Argentina,12,-32.01183433,-64.97135944,
La Ochoa,Córdoba,Argentina,12,-31.42086877,-64.40117967,
Campo Boaglio,Córdoba,Argentina,12,-32.37861516,-63.5731689,
El Vence,Córdoba,Argentina,12,-30.35076537,-63.72076737,
La Picasa,Santa Fe,Argentina,12,-34.36406292,-62.34980281,
El Amargo,Santa Fe,Argentina,12,-28.55185801,-59.63416538,
Campo Contarde,Santa Fe,Argentina,12,-29.07528192,-61.09029413,
Campo La Elvira,Santa Fe,Argentina,12,-33.07985,-60.91327212,
Vera Mujica,Santa Fe,Argentina,12,-30.85988612,-60.44214665,
Paso Puente de Hierro,Entre Ríos,Argentina,12,-30.22592289,-58.78283563,
Arroyo Palmar,Entre Ríos,Argentina,12,-31.74226787,-58.48452005,
Arroyo Obispo,Entre Ríos,Argentina,12,-32.20891109,-59.19128696,
Colonia Nueva Montevideo,Entre Ríos,Argentina,12,-32.49651002,-58.96148743,
La Colorada Grande,La Pampa,Argentina,12,-38.32441477,-63.74727806,
Salitral Levalle,La Pampa,Argentina,12,-37.863811,-65.54615142,
Epu Pel,La Pampa,Argentina,12,-37.58706122,-64.3088745,
La Antigua,La Rioja,Argentina,12,-29.80523346,-66.09782308,
Jumial,La Rioja,Argentina,12,-30.36068187,-66.10113726,
Tala Verde,La Rioja,Argentina,12,-30.52418617,-66.16188103,
El Retamal,La Rioja,Argentina,12,-30.76931255,-66.79791472,
Huaja,La Rioja,Argentina,12,-30.69276853,-66.68270491,
San Pedro,La Rioja,Argentina,12,-30.77052593,-66.95828901,
Dique de Anzulón,La Rioja,Argentina,12,-30.85736554,-66.26732505,
Huaco,La Rioja,Argentina,12,-29.17248146,-67.04775425,
Puerta de Allega,Catamarca,Argentina,12,-28.98966324,-65.57551947,
La Agüita,Catamarca,Argentina,12,-27.7553436,-66.78213671,
Loma Cortada,Catamarca,Argentina,12,-28.43089663,-65.84723218,
Portillo Grande,Catamarca,Argentina,12,-29.29169874,-65.41472936,
Abras Coloradas,Catamarca,Argentina,12,-26.30434517,-66.21472068,
Andaluca,Catamarca,Argentina,12,-28.28798739,-67.38274632,
San Juan de Quillaqués,Jujuy,Argentina,12,-23.23069315,-66.34277692,
Colonia Guayacán,Jujuy,Argentina,12,-23.94899115,-64.99745166,
El Sauzal,Jujuy,Argentina,12,-24.12261596,-64.27927551,
Saladillo,Jujuy,Argentina,12,-23.66639113,-65.76968115,
Huachichocana,Jujuy,Argentina,12,-23.72667024,-65.60165475,
Lipán,Jujuy,Argentina,12,-23.66835273,-65.57340307,
Las Tienditas,Salta,Argentina,12,-25.0564991,-65.38165161,
Santa Ana,Salta,Argentina,12,-25.16452807,-65.46098654,
La Bodeguita,Salta,Argentina,12,-25.51655836,-65.24185612,
Cardonal,Salta,Argentina,12,-24.63812665,-66.18981567,
Las Curtiembres,Salta,Argentina,12,-25.66360529,-65.6735279,
El Pastiadero,Salta,Argentina,12,-25.44008261,-64.87737236,
Santa María,Salta,Argentina,12,-23.2674654,-64.46248911,
El Despunte,Salta,Argentina,12,-22.95009547,-63.12650029,
El Breal,Salta,Argentina,12,-23.72693047,-63.35758711,
La Floresta,Salta,Argentina,12,-24.62253716,-62.94059092,
Pozo El Camino,Salta,Argentina,12,-23.84747619,-63.36892535,
Stayle,Santiago del Estero,Argentina,12,-27.59768595,-62.91110449,
La Nombrada,Santiago del Estero,Argentina,12,-27.01144556,-62.02197667,
Colonia 3,Tucumán,Argentina,12,-27.01325152,-65.49718982,
Huanca Loma,Tucumán,Argentina,12,-27.79085907,-65.57018041,
Pueblo Viejo,Tucumán,Argentina,12,-27.14867902,-65.7318587,
Las Cañas,Tucumán,Argentina,12,-26.43228601,-66.04994531,
La Ciénaga,Tucumán,Argentina,12,-26.7805405,-65.6529155,
Casa de Campo,Tucumán,Argentina,12,-26.54878045,-66.01785678,
Tacuaruzú,Misiones,Argentina,12,-27.60776407,-55.64106198,
Puerto Laharrague,Misiones,Argentina,12,-26.50143982,-54.75665574,
Puerto Maní,Misiones,Argentina,12,-27.10658065,-55.52179069,
Estación General Obligado,Chaco,Argentina,12,-27.41162626,-59.4193459,
General Roca,Chaco,Argentina,12,-25.51021533,-61.98155281,
Campo La China,Chaco,Argentina,12,-25.47737422,-60.97782603,
La Rinconada,Chaco,Argentina,12,-25.98683778,-60.36242995,
Fortín Cardoso,Chaco,Argentina,12,-27.40901456,-59.23385173,
Las Tablas,Chaco,Argentina,12,-26.30075568,-59.67651448,
2 de Mayo,Chaco,Argentina,12,-27.01755947,-61.18794837,
Lote 21,Chaco,Argentina,12,-27.11064283,-60.29377387,
Las Unidas,Chaco,Argentina,12,-27.83519991,-59.80366127,
El Chañaral,Formosa,Argentina,12,-23.55707805,-61.54054123,
Chuqui Cué,Formosa,Argentina,12,-26.48489381,-58.27818306,
Campo Bandera,Formosa,Argentina,12,-24.00181439,-61.87973383,
El Carmen,Corrientes,Argentina,12,-28.14578191,-57.94001067,
Tranquera del Medio,Corrientes,Argentina,12,-28.73797935,-58.32729986,
Costa de Empedrado,Corrientes,Argentina,12,-27.79157655,-58.4220281,
Paso Yunque,Corrientes,Argentina,12,-30.35925246,-59.25939467,
San Lorencito,Corrientes,Argentina,12,-28.05159128,-58.40863858,
Malimán de Arriba,San Juan,Argentina,12,-29.93438783,-69.16979909,
Coll,San Juan,Argentina,12,-31.5464149,-68.36287886,
Pampa del Tigre,Mendoza,Argentina,12,-34.7225131,-66.87443116,
Tambillos,Mendoza,Argentina,12,-32.38417564,-69.39100373,
La Batra,Mendoza,Argentina,12,-35.78900442,-69.46017962,
La Salvadora,San Luis,Argentina,12,-32.28436626,-66.73219994,
Balde del Carmen,San Luis,Argentina,12,-32.27858858,-66.16092436,
Barro Blanco,San Luis,Argentina,12,-32.41787094,-65.24507732,
Chadileu,Neuquén,Argentina,12,-36.72860485,-70.03477743,
Challacó,Neuquén,Argentina,12,-38.97015771,-68.96325933,
Quechu Quina,Neuquén,Argentina,12,-40.16258096,-71.566046,
Hua Hum,Neuquén,Argentina,12,-40.11349846,-71.66331659,
Aguas Calientes,Neuquén,Argentina,12,-36.67741317,-70.60516803,
Ailinco,Neuquén,Argentina,12,-36.6265736,-70.60988348,
Cajón del Azul,Río Negro,Argentina,12,-41.85177059,-71.62148823,
Fitalancao,Río Negro,Argentina,12,-41.70310957,-70.88093455,
Kilómetro 839,Río Negro,Argentina,12,-38.89126188,-64.42432656,
Mallín Grande,Río Negro,Argentina,12,-41.14186045,-71.10879635,
Los Molles,Río Negro,Argentina,12,-40.52161913,-68.18799332,
Queupuniyeu,Río Negro,Argentina,12,-40.27872002,-68.17870892,
Media Luna,Chubut,Argentina,12,-42.29083168,-63.85312731,
El Mayoco,Chubut,Argentina,12,-42.70477858,-70.96392823,
Florentino Ameghino,Chubut,Argentina,12,-43.83544706,-65.80109708,
Bajada Moreno,Chubut,Argentina,12,-42.93979544,-67.78885426,
El Sombrero,Chubut,Argentina,12,-44.15322826,-68.24834379,
Alto Río Mayo,Chubut,Argentina,12,-45.56294275,-71.29672358,
Nueva Lubecka,Chubut,Argentina,12,-44.51953009,-70.4091749,
Río Frías,Chubut,Argentina,12,-44.57928646,-71.05585039,
El Tordillo,Santa Cruz,Argentina,12,-50.45818925,-70.31754925,
Tehuelches,Santa Cruz,Argentina,12,-46.92940434,-67.47675391,
El Cóndor,Santa Cruz,Argentina,12,-52.16644943,-69.06442393,
Bahía Túnel,Santa Cruz,Argentina,12,-49.39356697,-72.86936708,
Cascada Cifuentes,Buenos Aires,Argentina,11,-38.63047434,-60.60516701,
La María Luisa,Buenos Aires,Argentina,11,-36.1336926,-60.36739195,
La Felicidad,Buenos Aires,Argentina,11,-37.19127982,-57.54842887,
Manantiales,Buenos Aires,Argentina,11,-37.00322538,-56.90289241,
Colonia La Belita,Buenos Aires,Argentina,11,-34.79450134,-62.75834624,
El Recao,Buenos Aires,Argentina,11,-35.06535608,-62.75245448,
Calera Avellaneda,Buenos Aires,Argentina,11,-36.98080134,-60.24755549,
San Rafael,Buenos Aires,Argentina,11,-33.76001088,-60.55428111,
Las Marías,Buenos Aires,Argentina,11,-37.66322192,-62.49632128,
Ingeniero Urcelay,Buenos Aires,Argentina,11,-33.59375896,-60.39000636,
Colonia Vélaz,Buenos Aires,Argentina,11,-33.80917503,-60.02830225,
La Cueva del Tigre,Buenos Aires,Argentina,11,-38.83489225,-60.53299363,
Puente Viejo,Buenos Aires,Argentina,11,-38.73290549,-60.57104462,
Capilla del Carmen,Córdoba,Argentina,11,-32.20122201,-64.82078136,
El Atalaya,Córdoba,Argentina,11,-32.07856946,-64.6637087,
Los Gigantes,Córdoba,Argentina,11,-31.39532814,-64.77985417,
Villa Moderna,Córdoba,Argentina,11,-34.72056318,-64.63457823,
Masa,Córdoba,Argentina,11,-30.61508423,-64.6242964,
Olmos,Córdoba,Argentina,11,-33.50231247,-63.16626718,
Campo Las Lonjas,Córdoba,Argentina,11,-33.07426802,-62.38634658,
Piedritas Rosadas,Córdoba,Argentina,11,-31.33329424,-65.31971793,
La Barraca,Córdoba,Argentina,11,-29.6708836,-63.72461262,
Pozo del MIstol,Córdoba,Argentina,11,-29.85314661,-63.08668985,
Campo Santa Rita,Córdoba,Argentina,11,-32.66198872,-62.45131849,
Laguna del Platero,Santa Fe,Argentina,11,-30.25250852,-60.21623859,
Arroyo Urquiza,Entre Ríos,Argentina,11,-32.38508576,-58.23992717,
Gaviotas,La Pampa,Argentina,11,-38.94386071,-63.6381426,
Laguna La Dulce,La Pampa,Argentina,11,-38.05124537,-65.92820394,
Cerro Rogaciano,La Pampa,Argentina,11,-37.21609804,-66.74185629,
Ricardo Lavalle,La Pampa,Argentina,11,-35.12824604,-64.15585563,
Cerro La Bota,La Pampa,Argentina,11,-37.3721225,-65.47630161,
El Estanquito,La Rioja,Argentina,11,-29.42627772,-66.55284342,
Pozo de la Vaca,La Rioja,Argentina,11,-30.38208939,-65.63014594,
Miraflores,La Rioja,Argentina,11,-30.75788064,-65.80605499,
Las Barrancas,La Rioja,Argentina,11,-30.96702489,-66.87546717,
Esquina Grande,La Rioja,Argentina,11,-30.95110053,-66.04660598,
San Pedro,La Rioja,Argentina,11,-31.10410118,-65.86590961,
San José,La Rioja,Argentina,11,-31.64788334,-66.08247204,
La Laguna,La Rioja,Argentina,11,-31.16084968,-66.65366413,
Paso del Alumbre,Catamarca,Argentina,11,-28.81438197,-65.67241566,
La Rocha,Catamarca,Argentina,11,-28.95359001,-65.75802836,
Santa Ana,Catamarca,Argentina,11,-28.86607018,-65.76128698,
El Pantanillo,Catamarca,Argentina,11,-28.41229766,-65.48515761,
Yocán,Catamarca,Argentina,11,-28.41146941,-65.62256607,
Pié de Médano,Catamarca,Argentina,11,-26.98834221,-66.26857389,
El Virguil,Catamarca,Argentina,11,-28.1179494,-65.44853418,
Doncellas,Jujuy,Argentina,11,-22.82717021,-66.04070766,
Loma Larga,Jujuy,Argentina,11,-23.53873311,-65.16898241,
El Jardín,Salta,Argentina,11,-25.54251459,-64.60570706,
El Ciénego,Salta,Argentina,11,-23.50347345,-62.95092329,
Suncho Pozo,Santiago del Estero,Argentina,11,-28.56950606,-62.8034133,
San José,Santiago del Estero,Argentina,11,-27.81312195,-64.91382601,
Las Abras,Santiago del Estero,Argentina,11,-29.22784968,-62.90939056,
Los Milagros,Santiago del Estero,Argentina,11,-27.12256237,-62.8393988,
Campo del Infierno,Santiago del Estero,Argentina,11,-27.70399144,-62.0100942,
Las Lajas,Santiago del Estero,Argentina,11,-26.42059678,-64.28846045,
Tuama,Santiago del Estero,Argentina,11,-28.00542813,-64.10706533,
El Jardín,Tucumán,Argentina,11,-27.81982905,-65.29776218,
El Indio,Tucumán,Argentina,11,-27.05597741,-65.67044898,
El Carmen,Tucumán,Argentina,11,-26.57224784,-66.11569662,
Los Corpitos,Tucumán,Argentina,11,-26.6410567,-65.8232912,
Piedra Pintada,Tucumán,Argentina,11,-26.27300805,-65.56370136,
Colonia Welbers,Chaco,Argentina,11,-27.34734466,-61.36300306,
Pampa Zappa,Chaco,Argentina,11,-26.960129,-61.071875,
El Telasco,Chaco,Argentina,11,-25.68263043,-60.55095387,
La Estación,Chaco,Argentina,11,-24.25412752,-61.98899706,
Los Rosales,Chaco,Argentina,11,-25.30858112,-61.16809071,
San Luis,Chaco,Argentina,11,-25.57090098,-60.44266653,
Ex Misión San Martín,Formosa,Argentina,11,-22.99617431,-62.01869885,
Los Lapachos,Corrientes,Argentina,11,-28.47475599,-57.88997732,
Buena Esperanza,San Juan,Argentina,11,-30.05022116,-69.16252183,
El Acequión,San Juan,Argentina,11,-32.09476195,-68.88424825,
Villavicencio,Mendoza,Argentina,11,-32.5254236,-69.01288798,
Cochicó,Mendoza,Argentina,11,-35.70834843,-67.33579396,
Cadetes de Chile,Mendoza,Argentina,11,-33.55462163,-67.2504017,
Agua del Capataz,Mendoza,Argentina,11,-35.38666836,-68.20224258,
El Bañado,San Luis,Argentina,11,-32.50452879,-66.20801468,
Santa Rosa del Gigante,San Luis,Argentina,11,-32.99120595,-66.81203459,
El Totoral,San Luis,Argentina,11,-32.99400353,-66.0641126,
La Puerta,San Luis,Argentina,11,-32.99773919,-65.80696889,
Dique El Saladillo,San Luis,Argentina,11,-33.18234514,-65.90963384,
Chalanta,San Luis,Argentina,11,-33.71530402,-65.94666076,
Dique Alicurá,Neuquén,Argentina,11,-40.57880578,-70.73644915,
Puerto Arrayán,Neuquén,Argentina,11,-40.61509218,-71.54734041,
Ruca Malen,Neuquén,Argentina,11,-40.60325304,-71.70545611,
Las Olletas,Neuquén,Argentina,11,-36.65974426,-70.58475816,
Curacó,Neuquén,Argentina,11,-37.5172377,-69.96853227,
Primeros Pinos,Neuquén,Argentina,11,-38.87090684,-70.57829754,
Faro Belén,Río Negro,Argentina,11,-41.1322866,-63.83029403,
La Japonesa,Río Negro,Argentina,11,-38.74789907,-66.43633356,
Lago Roca,Río Negro,Argentina,11,-41.37632373,-71.74986351,
Kilómetro 1071,Río Negro,Argentina,11,-39.10633167,-66.69244411,
El Abra,Río Negro,Argentina,11,-40.75737828,-67.17398123,
Mancha Blanca,Río Negro,Argentina,11,-40.77777006,-65.45093008,
Mina María Isabel,Río Negro,Argentina,11,-41.43822629,-69.7887501,
Uzcudun,Chubut,Argentina,11,-44.2717914,-66.16053327,
Pampa de Agnia,Chubut,Argentina,11,-43.74838246,-69.65159245,
La Confluencia,Chubut,Argentina,11,-45.77248351,-69.7205578,
Ramón Lista,Santa Cruz,Argentina,11,-47.34357733,-66.90004745,
Las Tortugas,Buenos Aires,Argentina,10,-36.23710112,-57.97977635,
Los Barriles,Buenos Aires,Argentina,10,-33.94666166,-61.228022,
Ingeniero Silveyra,Buenos Aires,Argentina,10,-34.52413269,-60.19875442,
La Selva,Buenos Aires,Argentina,10,-36.37787016,-57.58864208,
Rolito,Buenos Aires,Argentina,10,-37.00334879,-62.71029691,
Goyeneche,Buenos Aires,Argentina,10,-35.33972771,-58.72147686,
Cerro Sotuyo,Buenos Aires,Argentina,10,-36.962383,-60.11063154,
Campo Blanco,Buenos Aires,Argentina,10,-34.15578718,-60.47150249,
Ortíz de Rosas,Buenos Aires,Argentina,10,-35.40177298,-60.37830335,
El Chara,Buenos Aires,Argentina,10,-39.47558213,-62.21039791,
Curapaligüe,Córdoba,Argentina,10,-34.07547181,-63.61382768,
Cueva del Indio,Córdoba,Argentina,10,-31.14411619,-64.53272163,
San Bernardo,Córdoba,Argentina,10,-33.19406785,-64.168892,
Timón Cruz,Córdoba,Argentina,10,-30.99416535,-63.49739567,
Chañaritos,Córdoba,Argentina,10,-32.07752271,-65.15575198,
Paso Las Selvas,Córdoba,Argentina,10,-32.61232206,-63.93638439,
San Isidro,Córdoba,Argentina,10,-30.63112854,-63.58898964,
Balneario Arequito,Santa Fe,Argentina,10,-33.04289187,-61.5413762,
Colonia El Dichoso,Santa Fe,Argentina,10,-28.4758591,-61.69575954,
Primera Sección de Islas,Entre Ríos,Argentina,10,-32.64063942,-60.61240516,
Mariano Miró,La Pampa,Argentina,10,-35.02134542,-63.81213207,
Colonia Lobocó,La Pampa,Argentina,10,-35.80003776,-64.93558133,
Anchumbil,La Rioja,Argentina,10,-29.29515897,-68.16098612,
Santa Rita de la Zanja,La Rioja,Argentina,10,-30.24032359,-65.84857002,
La Esmeralda,La Rioja,Argentina,10,-30.4927053,-66.06736835,
Villa Clotilde,La Rioja,Argentina,10,-31.51921002,-66.22435663,
Isla del Tigre,La Rioja,Argentina,10,-31.62137722,-65.81766082,
El Chiflón,La Rioja,Argentina,10,-30.21120301,-67.5537133,
Loro Huasi,La Rioja,Argentina,10,-28.26389105,-67.01951201,
Incahuasi,Catamarca,Argentina,10,-25.43009238,-67.18341519,
Vega Las Quinuas,Catamarca,Argentina,10,-25.85286422,-67.90960237,
San José Norte,Catamarca,Argentina,10,-29.24554756,-65.21300902,
San Miguel,Catamarca,Argentina,10,-29.45900988,-65.29740764,
Pipanaco,Catamarca,Argentina,10,-27.98550904,-66.20292186,
Casa Colorada,Jujuy,Argentina,10,-22.70713045,-66.05658642,
Puerta Verde,Jujuy,Argentina,10,-24.27163656,-64.83184215,
Aguas Calientes,Jujuy,Argentina,10,-23.74384654,-64.51970976,
Ojo de Agua,Jujuy,Argentina,10,-24.25762882,-64.31040614,
Lagunita,Jujuy,Argentina,10,-23.79264138,-66.00558843,
Campos del Norte,Salta,Argentina,10,-24.97699234,-63.85647591,
Peña Alta,Salta,Argentina,10,-24.10959941,-66.26261661,
Termas de Pompeya,Salta,Argentina,10,-24.24742975,-66.36416848,
Magdalena,Salta,Argentina,10,-22.01142704,-62.94492421,
Pozo Largo,Salta,Argentina,10,-24.17316549,-62.95008126,
La Merced,Salta,Argentina,10,-25.74311328,-65.99435949,
Noqueoj,Santiago del Estero,Argentina,10,-26.82503373,-63.50958538,
Puesto Córdoba,Santiago del Estero,Argentina,10,-25.92329692,-62.74173064,
La Calera,Santiago del Estero,Argentina,10,-28.06553615,-64.84281985,
San Lorenzo,Santiago del Estero,Argentina,10,-27.8931358,-65.02053785,
Lote 69,Santiago del Estero,Argentina,10,-28.16179387,-62.58097543,
Nasaló,Santiago del Estero,Argentina,10,-28.29000389,-62.77925878,
El Aromito,Santiago del Estero,Argentina,10,-29.91369526,-62.53826852,
San Francisco,Santiago del Estero,Argentina,10,-27.43054613,-63.15631109,
Colonia 3,Tucumán,Argentina,10,-26.8281362,-65.02060533,
Potrerillo,Tucumán,Argentina,10,-27.89684639,-65.65331647,
El Molino,Tucumán,Argentina,10,-26.33540782,-66.03618901,
Ruinas de Quilmes,Tucumán,Argentina,10,-26.4647938,-66.0368795,
Acequiones,Tucumán,Argentina,10,-26.32146953,-65.27498218,
Luján,Chaco,Argentina,10,-25.20510886,-62.27470607,
3 de Mayo,Chaco,Argentina,10,-25.50510497,-62.99281136,
Campo Marcelino Ugarte,Chaco,Argentina,10,-27.34548529,-61.43453598,
La Zanja,Chaco,Argentina,10,-24.45447486,-61.80611649,
La Lidia,Formosa,Argentina,10,-24.13437014,-60.30866484,
Buey Muerto,Formosa,Argentina,10,-25.51700517,-57.58622255,
Cerrudo Cué,Corrientes,Argentina,10,-27.56997583,-57.93821324,
Rincón de la Merced,Corrientes,Argentina,10,-27.53812514,-58.34774507,
Mina Casposo,San Juan,Argentina,10,-31.21190601,-69.62767,
Laguna Seca,San Juan,Argentina,10,-31.57693721,-67.52566358,
Agua Negra,San Juan,Argentina,10,-30.29584649,-68.72797206,
Gaspar Campos,Mendoza,Argentina,10,-34.65197007,-67.4765802,
Los Terneros,Mendoza,Argentina,10,-34.71570211,-68.61059118,
San Ignacio,San Luis,Argentina,10,-32.08682452,-66.08895438,
Las Chilcas,San Luis,Argentina,10,-32.41285405,-65.30892571,
La Costa,San Luis,Argentina,10,-33.78209751,-66.49386697,
La Cumbrera,San Luis,Argentina,10,-33.86998319,-66.65107586,
Copahue,Neuquén,Argentina,10,-37.8188588,-71.0987786,
La Negra,Neuquén,Argentina,10,-39.54671256,-70.33532438,
Rincón del Peral,Neuquén,Argentina,10,-39.49050064,-70.62416721,
El Marucho,Neuquén,Argentina,10,-39.43575738,-70.18491043,
La Continental,Neuquén,Argentina,10,-37.85516809,-69.97704298,
Camalón,Neuquén,Argentina,10,-37.14620491,-70.66804929,
Colomichicó,Neuquén,Argentina,10,-36.92246974,-70.67037616,
El Trapial,Neuquén,Argentina,10,-37.36270455,-69.28586987,
Pichi Mahuida,Río Negro,Argentina,10,-38.83196975,-64.9340278,
Bahía Rosas,Río Negro,Argentina,10,-41.15546508,-63.38666429,
El Pescadero,Río Negro,Argentina,10,-41.02269888,-62.79823489,
Pilahué,Río Negro,Argentina,10,-40.54286941,-69.72607475,
Laguna Blanca Chica,Río Negro,Argentina,10,-40.6859291,-69.80649467,
Desemboque,Chubut,Argentina,10,-42.15110095,-71.59994639,
Loco Trapial,Chubut,Argentina,10,-43.55480828,-69.58911224,
Las Horquetas,Chubut,Argentina,10,-44.06245516,-68.58790088,
Isla Pavón,Santa Cruz,Argentina,10,-50.00338669,-68.93577192,
Cabo Blanco,Santa Cruz,Argentina,10,-47.20667206,-65.75106108,
San Carlos,Buenos Aires,Argentina,9,-38.43097092,-61.96208217,
El Zorro,Buenos Aires,Argentina,9,-38.5579418,-61.09057801,
Empalme Dorrego,Buenos Aires,Argentina,9,-38.69930626,-61.22177016,
El Gavilán,Buenos Aires,Argentina,9,-38.19598055,-61.17954107,
Las Acacias,Buenos Aires,Argentina,9,-36.6899122,-57.73566281,
El Toro,Buenos Aires,Argentina,9,-36.10039131,-58.87543056,
Trigales,Buenos Aires,Argentina,9,-34.5327631,-61.94234428,
El Tinkunako,Buenos Aires,Argentina,9,-40.27953058,-62.79812656,
Los Troncos,Buenos Aires,Argentina,9,-40.1141252,-62.95579863,
La Cautiva,Buenos Aires,Argentina,9,-35.96523991,-63.33557138,
12 de Agosto,Buenos Aires,Argentina,9,-33.78289124,-60.59306016,
Rancho Barreto,Buenos Aires,Argentina,9,-35.54280826,-57.22631342,
Los Cerritos,Buenos Aires,Argentina,9,-38.02335817,-62.43016512,
Isla Botija,Buenos Aires,Argentina,9,-33.84713457,-59.00447801,
Chacras del Mar,Buenos Aires,Argentina,9,-37.3627436,-57.04159538,
San José,Córdoba,Argentina,9,-32.15137827,-64.62088693,
Colonia El Chajá,Córdoba,Argentina,9,-32.73934404,-62.36462596,
El Tala,Córdoba,Argentina,9,-31.80051704,-64.48095682,
Pampa de Achala,Córdoba,Argentina,9,-31.83432022,-64.84612587,
Puesto de Luna,Córdoba,Argentina,9,-29.57960626,-64.03447735,
San Martín,Córdoba,Argentina,9,-29.59138829,-64.38190256,
Capilla Fassi,Santa Fe,Argentina,9,-31.14246963,-61.60428051,
Campo Puerta,Santa Fe,Argentina,9,-28.09065518,-59.268583,
El Salitral,Santa Fe,Argentina,9,-28.49023192,-61.16035147,
Paso Medina,Entre Ríos,Argentina,9,-30.9214025,-59.5540689,
Arroyo Gená,Entre Ríos,Argentina,9,-32.2641262,-58.63534664,
Lihuel Calel,La Pampa,Argentina,9,-38.01417205,-65.58456529,
La Chilca,La Rioja,Argentina,9,-29.47452546,-68.39648982,
Las Cuevas,La Rioja,Argentina,9,-29.21785162,-68.70925344,
La Resistencia,La Rioja,Argentina,9,-30.23053836,-65.60633608,
El Vallecito,La Rioja,Argentina,9,-29.12432093,-67.65277097,
El Porongo,La Rioja,Argentina,9,-30.9753914,-66.5656666,
Dique El Saladillo,La Rioja,Argentina,9,-31.03686178,-66.27465709,
El Ingenio,Catamarca,Argentina,9,-27.22504323,-66.24932368,
La Albigasta,Catamarca,Argentina,9,-28.6442808,-65.17955831,
La Salvia,Catamarca,Argentina,9,-28.38891804,-66.1151396,
Negra Muerta,Jujuy,Argentina,9,-22.95761481,-65.39500281,
Santa Ana,Jujuy,Argentina,9,-22.45250364,-66.40612427,
Laguna Verde,Salta,Argentina,9,-24.61211352,-64.01497768,
Santa Rita,Salta,Argentina,9,-24.597415,-63.36087751,
Vallecito,Salta,Argentina,9,-25.22537521,-66.26761581,
El Ceibal,Salta,Argentina,9,-24.56160162,-65.18475114,
Carahuasi,Salta,Argentina,9,-25.73685156,-65.46269384,
Chañar,Salta,Argentina,9,-22.75015779,-65.16635595,
Casa Grande,Salta,Argentina,9,-22.80657274,-65.16409544,
La Bodega,Salta,Argentina,9,-25.34507568,-65.29302842,
El Manzano,Salta,Argentina,9,-24.95909806,-65.80173879,
Jumialito,Santiago del Estero,Argentina,9,-27.54307435,-63.9761313,
Ingeniero Ezcurra,Santiago del Estero,Argentina,9,-27.9757548,-64.23923551,
San Lorenzo de los Sayagos,Santiago del Estero,Argentina,9,-27.98212386,-64.43143985,
Villa Elvira,Santiago del Estero,Argentina,9,-28.55472668,-64.56545197,
Tusca Pozo,Santiago del Estero,Argentina,9,-28.53840536,-64.7486315,
Simbol Bajo,Santiago del Estero,Argentina,9,-28.52827126,-62.72337464,
Mistol Puesto,Santiago del Estero,Argentina,9,-26.87002039,-63.71357789,
El Noque,Santiago del Estero,Argentina,9,-27.74486783,-63.34075579,
El Carretel,Santiago del Estero,Argentina,9,-27.96850373,-61.79086291,
Ottavia,Santiago del Estero,Argentina,9,-27.0991032,-62.48855058,
Puerta de los Cerros,Santiago del Estero,Argentina,9,-29.25412562,-63.85454336,
El Tipal,Tucumán,Argentina,9,-26.53982565,-65.02933716,
Las Banderitas,Tucumán,Argentina,9,-27.3309181,-65.9519031,
Dique Villa Lola,Tucumán,Argentina,9,-27.35718001,-65.81689511,
Ichipuca,Tucumán,Argentina,9,-27.52973017,-65.37400587,
Sol de Mayo,Tucumán,Argentina,9,-27.59392045,-65.11861272,
Los Mistoles,Tucumán,Argentina,9,-27.90975092,-65.17887341,
Puesto Nuevo,Tucumán,Argentina,9,-27.72392393,-65.56063629,
Colonia 10,Tucumán,Argentina,9,-27.50674682,-65.70547829,
Colonia 16,Tucumán,Argentina,9,-27.44614117,-65.73304322,
El Duraznito,Tucumán,Argentina,9,-26.67394526,-65.18369555,
La Junta,Tucumán,Argentina,9,-26.74761361,-65.51766325,
Puerto San Lucas,Misiones,Argentina,9,-28.07213778,-55.48281144,
Villa Ojo de Agua,Misiones,Argentina,9,-26.56208217,-54.44117099,
Castelli,Chaco,Argentina,9,-25.45110226,-62.72027612,
El Pintado,Chaco,Argentina,9,-24.62548144,-61.42205305,
La Invernada,Chaco,Argentina,9,-24.33997864,-61.79773506,
Pozo El Gallo,Chaco,Argentina,9,-24.34556961,-62.26239458,
Colonia 8 de Abril,Formosa,Argentina,9,-24.02297842,-61.6407658,
El Azotado,Formosa,Argentina,9,-24.23015204,-61.78193867,
Fortín Pilcomayo,Formosa,Argentina,9,-23.87047747,-60.87808853,
Timbo Porá,Formosa,Argentina,9,-26.00019296,-58.02347513,
Banco Ortellado,Formosa,Argentina,9,-26.51781359,-58.23756397,
Yatay Corá,Corrientes,Argentina,9,-28.65522886,-58.22202272,
Las Palmas,Corrientes,Argentina,9,-29.47847352,-57.16035724,
Bahía Carayá,Corrientes,Argentina,9,-27.52657754,-56.53145852,
Las Amarillas,San Juan,Argentina,9,-31.89953549,-69.74167639,
Chinguillos,San Juan,Argentina,9,-29.71192793,-69.16027515,
Campo Grariel,Mendoza,Argentina,9,-35.98795079,-67.17175652,
Puntilla de Huincan,Mendoza,Argentina,9,-36.36081662,-69.68422501,
Termas Cajón Grande,Mendoza,Argentina,9,-35.90009001,-70.279699,
Cueva del Indio,Mendoza,Argentina,9,-34.8150518,-69.98521115,
La Tosca,Mendoza,Argentina,9,-34.24860365,-68.67223964,
Dique Los Reyunos,Mendoza,Argentina,9,-34.59708712,-68.64258081,
Las Lagunitas,San Luis,Argentina,9,-32.02724955,-66.23992712,
El Injerto,San Luis,Argentina,9,-32.22820596,-65.69135142,
Rincón del  Carmen,San Luis,Argentina,9,-32.46178094,-65.48052842,
Cerro Colorado,San Luis,Argentina,9,-32.63549252,-65.93031563,
El Manzano,Neuquén,Argentina,9,-38.99722864,-70.0893257,
Aguada Lastra,Neuquén,Argentina,9,-37.74995308,-68.44829702,
Los Bastos,Neuquén,Argentina,9,-38.83707555,-68.72374311,
Curamallín,Neuquén,Argentina,9,-37.30426526,-70.64298298,
El Pino,Neuquén,Argentina,9,-36.68083344,-70.78647667,
Rahueco,Neuquén,Argentina,9,-37.4529227,-70.4288434,
Puesto Hernández,Neuquén,Argentina,9,-37.29061401,-69.06765391,
Covunco Arriba,Neuquén,Argentina,9,-38.78419416,-70.13144187,
El Sauce,Neuquén,Argentina,9,-39.02752166,-70.02082562,
Kilómetro 967,Río Negro,Argentina,9,-39.23216989,-65.58167515,
La Julia,Río Negro,Argentina,9,-39.72122392,-65.45057795,
Puerto Frías,Río Negro,Argentina,9,-41.07940422,-71.80786401,
Puerto Blest,Río Negro,Argentina,9,-41.02460473,-71.81383633,
Lago Escondido,Río Negro,Argentina,9,-41.70028814,-71.61593396,
El Solito,Río Negro,Argentina,9,-39.96725132,-65.33402005,
Carrilaufquen,Río Negro,Argentina,9,-41.3540741,-68.4359968,
Cajón de Ginebra Chico,Chubut,Argentina,9,-43.7477438,-69.5104679,
Playa Santa Isabel,Chubut,Argentina,9,-43.41691466,-65.07659893,
Lago Número 4,Chubut,Argentina,9,-44.19064104,-71.61259027,
Laguna Blanca,Chubut,Argentina,9,-43.80246233,-70.22860623,
Laguna de la Vaca,Chubut,Argentina,9,-42.47537828,-67.39310151,
Le Marchand,Santa Cruz,Argentina,9,-50.74428388,-69.4766694,
Médanos Negros,Santa Cruz,Argentina,9,-47.97679204,-65.96617036,
Bahía Oso Marino,Santa Cruz,Argentina,9,-47.92966394,-65.79627464,
Gobernador Mayer,Santa Cruz,Argentina,9,-51.34857004,-70.29169881,
Cerro León,Santa Cruz,Argentina,9,-50.92102197,-72.17126964,
Puerto Coig,Santa Cruz,Argentina,9,-50.95444612,-69.22316628,
El Galpón del Glaciar,Santa Cruz,Argentina,9,-50.34777894,-72.53085267,
San Silverio,Buenos Aires,Argentina,8,-38.04385152,-58.18247162,
Cuartel II,Buenos Aires,Argentina,8,-38.92275384,-61.30805413,
La Isleta,Buenos Aires,Argentina,8,-35.02243374,-62.43724568,
Delgado,Buenos Aires,Argentina,8,-34.16738927,-61.24918877,
Kilómetro 234,Buenos Aires,Argentina,8,-35.38852372,-60.60451945,
La Cotorra,Buenos Aires,Argentina,8,-36.02658925,-62.22455141,
Faro Querandí,Buenos Aires,Argentina,8,-37.46531431,-57.11008837,
El Puesto Nuevo,Córdoba,Argentina,8,-30.51752189,-65.19775327,
El Quebracho,Córdoba,Argentina,8,-30.39090691,-64.65755026,
San Felipe,Córdoba,Argentina,8,-31.21526742,-65.35519787,
Río Yuspe,Córdoba,Argentina,8,-31.37674002,-64.77041297,
Las Peñas,Córdoba,Argentina,8,-32.48175785,-64.28170039,
Las Selvas,Córdoba,Argentina,8,-32.55607739,-63.89029151,
San Pellegrino,Córdoba,Argentina,8,-30.80719885,-64.29827692,
Totoralejos,Córdoba,Argentina,8,-29.63869254,-64.85328506,
Cañada de las Víboras,Santa Fe,Argentina,8,-28.2267839,-61.37670993,
El 94,Santa Fe,Argentina,8,-29.61054351,-60.03780652,
El Saladero,Entre Ríos,Argentina,8,-33.23067213,-59.42191993,
Isla Juanicó,Entre Ríos,Argentina,8,-32.93783543,-58.11962186,
Salitral Negro,La Pampa,Argentina,8,-38.69133718,-64.165516,
Colonia Catinzaco,La Rioja,Argentina,8,-29.63933961,-67.40519622,
El Sunchal,La Rioja,Argentina,8,-29.79624553,-66.57917989,
El Carrizal,La Rioja,Argentina,8,-29.47728886,-67.85276555,
Piedra Pintada,La Rioja,Argentina,8,-29.44297897,-67.85281514,
Las Higueritas,La Rioja,Argentina,8,-29.10284687,-67.60551719,
Falda de Citán,La Rioja,Argentina,8,-30.68276017,-66.54698668,
Monte Negro,La Rioja,Argentina,8,-30.52574729,-65.63031031,
Mina de Cañete,La Rioja,Argentina,8,-29.94432553,-67.55983046,
Balde de Amaya,La Rioja,Argentina,8,-31.10660122,-67.04548511,
Totoral,La Rioja,Argentina,8,-31.20901856,-66.4645907,
Chavarría,Catamarca,Argentina,8,-27.94883431,-65.94489926,
Vis Vis,Catamarca,Argentina,8,-27.42202116,-66.52408482,
Luna Aguada,Catamarca,Argentina,8,-27.63104131,-66.90153398,
Talamayo,Catamarca,Argentina,8,-27.56312577,-66.84956541,
Sauce Huacho,Catamarca,Argentina,8,-28.29706797,-65.43370445,
La Laguna,Catamarca,Argentina,8,-28.74753484,-65.30315906,
El Balde,Catamarca,Argentina,8,-26.95819953,-66.51740781,
Ovejería,Catamarca,Argentina,8,-26.24911529,-66.19731296,
Alta Gracia,Catamarca,Argentina,8,-28.04504522,-65.27889623,
Termas de Fiambalá,Catamarca,Argentina,8,-27.74274259,-67.55069968,
Libertad,Jujuy,Argentina,8,-23.76239632,-64.72726951,
La Higuerita,Jujuy,Argentina,8,-23.95841077,-64.91919484,
Pozuelos,Jujuy,Argentina,8,-22.4331274,-65.9568203,
Tres Morros,Jujuy,Argentina,8,-23.71465331,-65.83982121,
Balbuena,Salta,Argentina,8,-25.19969026,-64.35806798,
El Rey,Salta,Argentina,8,-24.72230378,-64.64472867,
La Quesera,Salta,Argentina,8,-24.88592654,-65.31613018,
Humaitá,Salta,Argentina,8,-24.93126178,-65.36847255,
Esquina del Tolar,Salta,Argentina,8,-23.89570625,-66.15269184,
Mina La Poma,Salta,Argentina,8,-24.23763595,-66.43420497,
Cavi,Salta,Argentina,8,-25.13615012,-67.74429967,
Arenal Viejo,Salta,Argentina,8,-25.89751584,-65.15275276,
El Milagro,Santiago del Estero,Argentina,8,-26.69205523,-62.53259451,
Pozo Muerto,Santiago del Estero,Argentina,8,-26.63597389,-62.84578761,
El Cadillo,Santiago del Estero,Argentina,8,-27.84903868,-65.01128537,
Illajes,Santiago del Estero,Argentina,8,-27.90115883,-64.90857017,
La Verde,Santiago del Estero,Argentina,8,-26.9395892,-64.02102977,
El Aibal,Santiago del Estero,Argentina,8,-27.86437957,-63.223982,
Limache,Santiago del Estero,Argentina,8,-29.85324175,-62.72774059,
Pampa Pozo,Santiago del Estero,Argentina,8,-27.34082484,-63.01363227,
Muyusca,Santiago del Estero,Argentina,8,-27.61198332,-62.95081002,
Quiscaloro,Santiago del Estero,Argentina,8,-25.86771338,-64.33438103,
El Barranquero,Tucumán,Argentina,8,-27.75118221,-65.41499374,
El Morao,Tucumán,Argentina,8,-26.24714636,-64.82515302,
El Potrerillo,Tucumán,Argentina,8,-27.34846575,-65.84058301,
Pozo del Quebracho,Tucumán,Argentina,8,-27.7456375,-65.14516261,
La Ramadita,Tucumán,Argentina,8,-27.09609925,-65.62157329,
Puerto San Isidro,Misiones,Argentina,8,-28.0497479,-55.41631442,
El Silencio,Chaco,Argentina,8,-26.14153386,-61.00351093,
Lote 30,Chaco,Argentina,8,-26.66330881,-60.92989763,
San Antonio,Chaco,Argentina,8,-25.46919574,-62.19292171,
La Esperanza,Chaco,Argentina,8,-26.86885037,-58.83521872,
El Destierro,Chaco,Argentina,8,-26.11403996,-60.31133221,
La Ensenada,Chaco,Argentina,8,-24.82386597,-61.6555054,
La Mesada,Chaco,Argentina,8,-24.8463814,-61.62004405,
Paraje Las Vertientes,Chaco,Argentina,8,-24.84148796,-61.73774398,
Las Chuñas,Chaco,Argentina,8,-25.85205633,-60.08160572,
Puesto Capitán,Corrientes,Argentina,8,-29.15160864,-58.68186802,
Rincón de Anima,Corrientes,Argentina,8,-27.86101476,-58.05488976,
Arroyo Yuquerí,Corrientes,Argentina,8,-29.08803408,-57.87784776,
Paso San Roquito,Corrientes,Argentina,8,-29.29630689,-57.56037008,
Baños La Laja,San Juan,Argentina,8,-31.34313896,-68.47950168,
Pampa del Leoncito,San Juan,Argentina,8,-31.81461165,-69.44883904,
Las Salinas,San Juan,Argentina,8,-31.43853095,-67.18376059,
Agua de Pérez,Mendoza,Argentina,8,-36.79544299,-69.51670948,
Laguna Diamante,Mendoza,Argentina,8,-34.19098541,-69.70406183,
Cuesta de los Terneros,Mendoza,Argentina,8,-34.69706102,-68.63273351,
El Desvío,Mendoza,Argentina,8,-34.85569653,-68.69282627,
Salinas El Diamante,Mendoza,Argentina,8,-34.96457591,-68.82813096,
Los Embanques,Mendoza,Argentina,8,-35.91387863,-68.07685008,
Lomas Blancas,San Luis,Argentina,8,-32.33722414,-66.47058368,
Bella Estancia,San Luis,Argentina,8,-32.82014547,-66.64330816,
Boca del Río,San Luis,Argentina,8,-33.01033347,-65.04238112,
Barrancas,San Luis,Argentina,8,-33.65753075,-66.26835909,
Conlara,San Luis,Argentina,8,-32.89365265,-65.51589507,
Paso de Icalma,Neuquén,Argentina,8,-38.84667249,-71.24450599,
Paso de los Indios,Neuquén,Argentina,8,-38.5437532,-69.36063347,
Dique Loma de la Lata,Neuquén,Argentina,8,-38.5447021,-68.60702567,
Coyuco,Neuquén,Argentina,8,-36.67119518,-70.11554644,
Riscos Bayos,Neuquén,Argentina,8,-37.96275544,-70.78528725,
Huara Co,Neuquén,Argentina,8,-36.74988665,-70.01116553,
Bahía de Playas,Neuquén,Argentina,8,-38.66211229,-68.58699887,
Aguada Troncoso,Río Negro,Argentina,8,-41.76642224,-70.36069645,
Pichi Leufú Abajo,Río Negro,Argentina,8,-40.96836086,-70.88060971,
El Pajarito,Chubut,Argentina,8,-43.80478439,-69.28265092,
Sección Zabalza,Chubut,Argentina,8,-45.17331892,-71.11922375,
Arroyo Arenoso,Chubut,Argentina,8,-44.4627657,-71.14276691,
Tres Banderas,Chubut,Argentina,8,-42.77585775,-68.04291631,
Arroyo Corpen,Santa Cruz,Argentina,8,-49.6641297,-69.32111917,
Playa Alsina,Santa Cruz,Argentina,8,-46.05620945,-67.62785787,
Comodoro Py,Santa Cruz,Argentina,8,-51.88625123,-71.40916893,
Playa Bagliardi,Buenos Aires,Argentina,7,-34.87389031,-57.81016511,
El Billar,Buenos Aires,Argentina,7,-35.70145396,-61.29475932,
Las Oscuras,Buenos Aires,Argentina,7,-38.76303326,-61.72074252,
Los Cerrillos,Buenos Aires,Argentina,7,-35.4691693,-57.99303695,
Villa Mónica,Buenos Aires,Argentina,7,-36.89938774,-60.1417708,
La Querencia,Buenos Aires,Argentina,7,-40.47622515,-62.80340615,
Arroyo Seco,Buenos Aires,Argentina,7,-38.27923454,-63.30855276,
Piedra Echada,Buenos Aires,Argentina,7,-38.082163,-62.77561506,
San Carlos,Buenos Aires,Argentina,7,-33.71738992,-59.99418406,
Baldano,Buenos Aires,Argentina,7,-35.80290625,-63.15560091,
Cerro San Lorenzo,Córdoba,Argentina,7,-32.41840106,-64.63043756,
El Espinillo,Córdoba,Argentina,7,-30.81510988,-65.10263043,
Laguna El 20,Córdoba,Argentina,7,-34.74100614,-64.70189966,
Palo Cortado,Córdoba,Argentina,7,-30.65435954,-64.32459163,
Santa Rosa,Córdoba,Argentina,7,-31.26777418,-64.60489368,
Pozo del Algarrobo,Córdoba,Argentina,7,-31.76327261,-65.07501143,
El Tunalito,Santa Fe,Argentina,7,-28.90684038,-61.13990665,
Los Quebrachales,Santa Fe,Argentina,7,-28.29060987,-61.70407025,
Estación Santurce,Santa Fe,Argentina,7,-30.17861191,-61.20427811,
Los Tres Pozos,Santa Fe,Argentina,7,-28.88651952,-60.1854558,
El 21,Santa Fe,Argentina,7,-29.32442858,-60.52042388,
El Bonete,Santa Fe,Argentina,7,-29.38470732,-60.591131,
Gobernador Ayala,La Pampa,Argentina,7,-37.5841228,-68.0947081,
Ampiza de Abajo,La Rioja,Argentina,7,-29.76371773,-66.85876367,
La Serena,La Rioja,Argentina,7,-30.24875827,-66.25568695,
La Esperanza,La Rioja,Argentina,7,-30.56428231,-65.8338012,
La Aguada,La Rioja,Argentina,7,-30.79755157,-66.33234589,
La Playa,La Rioja,Argentina,7,-30.99995633,-66.46282042,
El Mollaco,La Rioja,Argentina,7,-30.13252583,-67.02993022,
La Antigua,La Rioja,Argentina,7,-30.25361263,-66.87822388,
Refugio del Minero,Catamarca,Argentina,7,-27.34944638,-66.38930727,
San Nicolás,Catamarca,Argentina,7,-29.28522171,-65.23827287,
Las Higueritas,Catamarca,Argentina,7,-28.11716865,-67.69082296,
Mina Providencia,Jujuy,Argentina,7,-23.2629645,-66.65456194,
Mina 9 de Octubre,Jujuy,Argentina,7,-24.2454645,-65.08540836,
Potrerillos,Salta,Argentina,7,-23.86447181,-66.24099578,
La Polvorilla,Salta,Argentina,7,-24.20371153,-66.41440922,
Salina Huyamampa,Santiago del Estero,Argentina,7,-27.32051751,-64.22387686,
Tres Lagunas,Santiago del Estero,Argentina,7,-29.3676725,-62.04244244,
Charco Viejo,Santiago del Estero,Argentina,7,-27.27801383,-64.7430625,
Esquina,Tucumán,Argentina,7,-27.54349078,-65.16655883,
El Paraíso,Tucumán,Argentina,7,-26.54501258,-65.98744515,
Las Juntas,Tucumán,Argentina,7,-26.39587011,-65.50774118,
Puerto Pescador,Misiones,Argentina,7,-26.67180922,-54.91695828,
El Palo Santo 2,Chaco,Argentina,7,-24.91215501,-62.24568354,
Kilómetro 27,Chaco,Argentina,7,-25.51516222,-63.0201051,
La Aurora,Chaco,Argentina,7,-25.28462153,-62.22520764,
Pampa Pereyra,Chaco,Argentina,7,-26.46298816,-60.96685075,
San Agustín,Chaco,Argentina,7,-25.60678428,-62.46114826,
Alto Alegre,Chaco,Argentina,7,-24.9087025,-61.38762537,
El Retiro Norte,Chaco,Argentina,7,-24.78947059,-61.4409066,
Guayaibí,Chaco,Argentina,7,-26.97073711,-59.94006945,
Kilómetro 443,Chaco,Argentina,7,-27.77836897,-59.90382165,
Colonia Isla Sola,Formosa,Argentina,7,-25.22318422,-59.99822015,
Isleta,Formosa,Argentina,7,-24.03549754,-60.06362456,
Posta Sargento Cabral,Formosa,Argentina,7,-24.38048383,-60.32335579,
Colonia Imparciales,Corrientes,Argentina,7,-28.12902225,-58.82299651,
Isipoyu,Corrientes,Argentina,7,-28.13458028,-58.35495882,
Paso San Joaquín,Corrientes,Argentina,7,-29.15676042,-56.84750494,
Las Hornillas,San Juan,Argentina,7,-32.02882174,-69.75785706,
Alto de Mogna,San Juan,Argentina,7,-30.87799576,-68.38561016,
Goico,Mendoza,Argentina,7,-34.6285703,-67.66557518,
Minas El Sosneado,Mendoza,Argentina,7,-34.92788563,-69.49288479,
Refugio General Soler,Mendoza,Argentina,7,-34.75879436,-70.06941555,
La Perlita,San Luis,Argentina,7,-32.65587832,-66.3125138,
Baldecitos,San Luis,Argentina,7,-32.88353778,-65.86562369,
Las Pircas,San Luis,Argentina,7,-33.07709493,-66.10857644,
Coronel Segovia,San Luis,Argentina,7,-34.78541276,-65.90501317,
Colonia Nueva Constitución,San Luis,Argentina,7,-35.95883927,-66.19348916,
El Cielito,San Luis,Argentina,7,-33.20529268,-66.27831202,
Gorgonta,San Luis,Argentina,7,-33.78873397,-66.74697117,
Alto Blanco,San Luis,Argentina,7,-33.45730539,-66.30820161,
Villa Rincón Chico,Neuquén,Argentina,7,-40.16360696,-70.02887652,
Aguada de Castro,Neuquén,Argentina,7,-37.80102785,-69.93704043,
Puerto Radal,Neuquén,Argentina,7,-40.90105889,-71.53837954,
Caitacó,Río Negro,Argentina,7,-39.54699109,-67.23586622,
Kilómetro 935,Río Negro,Argentina,7,-38.98192798,-65.3976787,
Bahía López,Río Negro,Argentina,7,-41.07400574,-71.56762828,
Casa de Piedra,Río Negro,Argentina,7,-38.2313397,-67.22230857,
Coronel Eugenio del Busto,Río Negro,Argentina,7,-38.94315449,-64.24676572,
Paso Flores,Río Negro,Argentina,7,-40.67903888,-70.62536586,
Lifi Mahuida,Río Negro,Argentina,7,-41.9414797,-68.79607185,
Llama Niyeo,Río Negro,Argentina,7,-41.9226026,-68.60125249,
Cari Laufquen,Río Negro,Argentina,7,-41.22994045,-69.42560546,
Bahía Bustamante,Chubut,Argentina,7,-45.12830193,-66.53664626,
Bajo del Gualicho,Chubut,Argentina,7,-42.3252841,-65.63409328,
El Portezuelo,Chubut,Argentina,7,-42.41134257,-69.66390993,
Holdich,Chubut,Argentina,7,-45.96576751,-68.20016744,
Laguna de la Bombilla,Chubut,Argentina,7,-44.14365917,-69.26267088,
Sierra Cuadrada,Chubut,Argentina,7,-44.60358649,-67.80744447,
Arroyo Verde,Chubut,Argentina,7,-45.11230127,-71.02940441,
Paso Guenguel,Chubut,Argentina,7,-45.96019871,-70.59949844,
El Salitral,Chubut,Argentina,7,-45.60374384,-69.54312841,
Hermitte,Chubut,Argentina,7,-45.78545261,-68.74643473,
Lago Vintter,Chubut,Argentina,7,-43.96547579,-71.55242756,
Laguna Azul,Chubut,Argentina,7,-44.42361546,-71.31483017,
Vicente Pereda,Buenos Aires,Argentina,6,-36.69860772,-59.78227624,
Ojo de Agua,Buenos Aires,Argentina,6,-38.37807924,-61.40184654,
Quiñihual,Buenos Aires,Argentina,6,-37.78863739,-61.58986393,
Laguna Sauce Grande,Buenos Aires,Argentina,6,-38.94668051,-61.34775016,
Club de Pesca Saavedra,Buenos Aires,Argentina,6,-38.02838886,-62.4637095,
Las Flores,Buenos Aires,Argentina,6,-33.7468781,-59.91375594,
Dique Paso de las Piedras,Buenos Aires,Argentina,6,-38.42072297,-61.76640327,
El Reducto,Buenos Aires,Argentina,6,-39.7963187,-62.31311128,
Montes de Oca,Buenos Aires,Argentina,6,-38.92424503,-63.35538815,
Cerro Colorado,Córdoba,Argentina,6,-32.41874846,-64.68705223,
Mina San Virgilio,Córdoba,Argentina,6,-32.45786279,-64.83837417,
Cuchi Corral,Córdoba,Argentina,6,-30.96697375,-64.5845842,
Río Jaime,Córdoba,Argentina,6,-31.42492587,-65.0069455,
El Bordo,Córdoba,Argentina,6,-29.72959164,-64.39870319,
La Acequiecita,Córdoba,Argentina,6,-31.82460463,-64.66161308,
La Sombrilla,Santa Fe,Argentina,6,-28.10545201,-60.31099654,
La Guampita,Santa Fe,Argentina,6,-29.60138791,-60.23492452,
Paso Birrinchín,Entre Ríos,Argentina,6,-30.77028473,-59.22147189,
Villa Mervil,La Rioja,Argentina,6,-28.64864832,-66.60416994,
Los Viscos,La Rioja,Argentina,6,-29.34036354,-68.04291817,
Talampaya,La Rioja,Argentina,6,-29.78413168,-67.99387299,
Pampa Huasi,La Rioja,Argentina,6,-29.07478798,-67.73379506,
Bajo del Gallo,La Rioja,Argentina,6,-30.40221762,-66.86538572,
Santa Cruz,La Rioja,Argentina,6,-30.55833347,-66.41893282,
El Recreo,La Rioja,Argentina,6,-30.5546236,-65.89282749,
La Isla,La Rioja,Argentina,6,-31.2316215,-65.96231267,
El Ciénago,La Rioja,Argentina,6,-30.87138081,-66.22615999,
La Soledad,La Rioja,Argentina,6,-30.92501036,-65.85684787,
El Retiro,La Rioja,Argentina,6,-28.25996949,-66.99790377,
La Aguada,Catamarca,Argentina,6,-27.52013653,-66.29784075,
Ancastillo,Catamarca,Argentina,6,-28.70672307,-65.33086421,
Calalaste,Catamarca,Argentina,6,-25.87181519,-67.46174401,
El Cajón,Catamarca,Argentina,6,-27.05399075,-66.90401655,
Puesto Agua La Zorra,Catamarca,Argentina,6,-27.84121678,-67.31963423,
Los Cerrillos,Catamarca,Argentina,6,-27.13652807,-66.14237136,
Fundiciones,Jujuy,Argentina,6,-22.50717276,-66.24687004,
Fuensanta de Murcia,Jujuy,Argentina,6,-24.24648517,-64.63407888,
Sauce Guacho,Jujuy,Argentina,6,-24.27015322,-64.63517417,
Cerro Bayo,Jujuy,Argentina,6,-23.86794838,-65.7327415,
Chorroarín,Salta,Argentina,6,-25.15952526,-64.32064476,
La Florida,Salta,Argentina,6,-24.93003273,-64.53714479,
Santa Laura,Salta,Argentina,6,-25.03085233,-63.3395491,
Agua Blanca,Salta,Argentina,6,-22.75494433,-65.17601133,
Casa de Arco,Salta,Argentina,6,-25.70487772,-65.49054313,
Monte Grande,Salta,Argentina,6,-25.30390295,-66.29152785,
Las Mojarras,Salta,Argentina,6,-22.64842021,-62.72096554,
El Tandil,Salta,Argentina,6,-25.71350892,-64.71261322,
Mina Don Otto,Salta,Argentina,6,-25.61214584,-65.92435921,
La Soledad,Salta,Argentina,6,-22.21982372,-64.89127698,
Ingrata Sur,Santiago del Estero,Argentina,6,-26.69962056,-61.94437063,
Santa María,Santiago del Estero,Argentina,6,-26.23612675,-63.23968417,
Santa Lucía,Santiago del Estero,Argentina,6,-28.74383776,-64.69403818,
Las Puertas,Santiago del Estero,Argentina,6,-26.72051883,-64.17699831,
Lote 31,Santiago del Estero,Argentina,6,-27.76873328,-62.19959638,
Campo de Leones,Santiago del Estero,Argentina,6,-29.61308356,-63.38998231,
Llampa,Tucumán,Argentina,6,-27.20119655,-65.82471211,
Saladillo,Tucumán,Argentina,6,-27.20987323,-65.92210276,
Cara Huasi,Tucumán,Argentina,6,-27.68109261,-65.44894367,
Los Tirantes,Tucumán,Argentina,6,-27.17318183,-65.68262408,
Las Juntas (comuna Monteagudo),Tucumán,Argentina,6,-27.45181187,-65.10762947,
Molle Yaco,Tucumán,Argentina,6,-26.54788846,-65.82661131,
Puerto Garuhapé,Misiones,Argentina,6,-26.79185775,-54.9651014,
Colonia Vélaz,Chaco,Argentina,6,-26.69174393,-58.65981622,
Paso de la Cruz,Chaco,Argentina,6,-25.26270278,-61.07778129,
San Vicente,Chaco,Argentina,6,-25.7108705,-60.67803101,
La Palizada,Formosa,Argentina,6,-24.37329611,-60.82643069,
Virasol,Formosa,Argentina,6,-25.45532789,-58.55779495,
La Mocha,Formosa,Argentina,6,-23.06112193,-62.05714858,
Timbó Corá,Corrientes,Argentina,6,-27.54432694,-57.74223241,
Paso La Picada,Corrientes,Argentina,6,-29.71344092,-57.78004696,
Cabred,Corrientes,Argentina,6,-29.98981241,-57.62710727,
Baños del Salado,San Juan,Argentina,6,-31.3099668,-68.44238909,
Punta del Agua,San Juan,Argentina,6,-30.28191209,-68.30464682,
Gualcamayo,San Juan,Argentina,6,-29.75349606,-68.75740109,
Mina Gualcamayo,San Juan,Argentina,6,-29.70094656,-68.62589032,
Dique Punta Negra,San Juan,Argentina,6,-31.51535112,-68.81045897,
Agua de la Zorra,Mendoza,Argentina,6,-32.48100238,-69.16263428,
El Zampal,Mendoza,Argentina,6,-36.51498049,-69.66512438,
La Pasarela,Mendoza,Argentina,6,-36.31338681,-69.66537579,
Presa El Tigre,Mendoza,Argentina,6,-34.6054783,-68.61338755,
El Chañar,San Luis,Argentina,6,-32.37888836,-67.08509301,
Travesía,San Luis,Argentina,6,-33.78459987,-66.06751781,
Cerros Largos,San Luis,Argentina,6,-32.78196949,-65.95426387,
Yacimiento Cordón Alfa,Tierra del Fuego,Argentina,6,-52.74078483,-68.56958188,
Barranca del Palo,Neuquén,Argentina,6,-38.18958174,-68.36768375,
Sierra Chata,Neuquén,Argentina,6,-38.12475427,-69.23538705,
Pozo Cabado,Neuquén,Argentina,6,-38.40311305,-68.38788649,
Cerro Waile,Neuquén,Argentina,6,-37.0788695,-70.11884146,
Laguna Verde,Neuquén,Argentina,6,-39.83463131,-71.52477536,
Mamuil Malal,Neuquén,Argentina,6,-39.65799751,-71.2724546,
La Fragua,Neuquén,Argentina,6,-36.70845782,-70.7650656,
La Primavera,Neuquén,Argentina,6,-37.25874903,-70.62068546,
Nahueve,Neuquén,Argentina,6,-37.20949994,-70.71402791,
Chacayco,Neuquén,Argentina,6,-37.35288865,-70.80043146,
Puerta de Trolope,Neuquén,Argentina,6,-37.81377663,-70.84679366,
Cortaderas,Neuquén,Argentina,6,-37.62259078,-69.65410901,
Negro Muerto,Río Negro,Argentina,6,-39.85070982,-65.26428047,
Benjamín Zorrilla,Río Negro,Argentina,6,-39.09582,-65.48092298,
Señal Picada,Río Negro,Argentina,6,-37.66089031,-68.17786102,
Painaluf,Río Negro,Argentina,6,-40.92366011,-67.47175429,
Falckner,Río Negro,Argentina,6,-40.50610933,-67.044543,
Cullún Leufú,Río Negro,Argentina,6,-39.92291286,-67.29266972,
Talcahuala,Río Negro,Argentina,6,-40.63371344,-67.37166646,
Coquelén,Río Negro,Argentina,6,-40.7146856,-70.2574375,
Fracasso,Chubut,Argentina,6,-42.43072334,-64.12434511,
Riacho San José,Chubut,Argentina,6,-42.42619303,-64.61549341,
Lago Lezama,Chubut,Argentina,6,-42.47211786,-71.50369774,
Colelache,Chubut,Argentina,6,-42.58936606,-69.10672547,
La Rosada,Chubut,Argentina,6,-43.38900695,-66.83378139,
Laguna Grande,Chubut,Argentina,6,-43.69709485,-66.84849491,
Puesto Rechiné,Chubut,Argentina,6,-44.48455994,-67.88716591,
Makenke,Santa Cruz,Argentina,6,-49.44588812,-67.88309444,
Cabo Buen Tiempo,Santa Cruz,Argentina,6,-51.55947854,-68.96727209,
Cueva de las Manos,Santa Cruz,Argentina,6,-47.15831727,-70.66172142,
Punta Médanos,Buenos Aires,Argentina,5,-36.89848209,-56.6910263,
Laguna Salada Grande,Buenos Aires,Argentina,5,-36.95120969,-56.98050484,
Puente El 80,Buenos Aires,Argentina,5,-36.31718026,-58.11686927,
La Salina,Buenos Aires,Argentina,5,-38.7873042,-62.925765,
La Botija,Córdoba,Argentina,5,-30.28155009,-64.76729499,
Cañada del Coro,Córdoba,Argentina,5,-31.25953886,-65.02974694,
El Balde Viejo,Córdoba,Argentina,5,-31.33848015,-65.60939622,
Represa del Tala,Córdoba,Argentina,5,-31.32178104,-65.61603668,
Tegua,Córdoba,Argentina,5,-32.64075758,-64.28266564,
Piedras Blancas,Córdoba,Argentina,5,-31.81996246,-65.10510943,
Tilquicho,Córdoba,Argentina,5,-32.18049637,-65.2184749,
San Jorge,Córdoba,Argentina,5,-30.92350747,-64.30527174,
Puerto Ocampo,Santa Fe,Argentina,5,-28.551257,-59.11598091,
El Ñandubaysal,Entre Ríos,Argentina,5,-33.06606768,-58.38964014,
Libertador General San Martín,Entre Ríos,Argentina,5,-33.7086943,-59.03240093,
Colonia Barreros,Entre Ríos,Argentina,5,-32.0597871,-58.84701571,
Los Tamarindos,La Pampa,Argentina,5,-36.01224887,-68.19485708,
El Flechillar,La Pampa,Argentina,5,-37.64655295,-67.01003805,
La Cimbrita,La Rioja,Argentina,5,-28.34158612,-66.67363305,
Pastillos,La Rioja,Argentina,5,-28.38911818,-69.12832243,
Altillo del Medio,La Rioja,Argentina,5,-31.08977524,-66.12213446,
Santa Isabel,La Rioja,Argentina,5,-31.10784689,-65.83369138,
El Combado,La Rioja,Argentina,5,-31.3299229,-66.00418693,
Real del Cadillo,La Rioja,Argentina,5,-31.35689917,-66.81000143,
Rodeo Grande,La Rioja,Argentina,5,-31.15941187,-66.68246572,
El Bolsón,Catamarca,Argentina,5,-28.59185296,-65.29209466,
Antofallita,Catamarca,Argentina,5,-25.2582492,-67.52362398,
Kilómetro 1008,Catamarca,Argentina,5,-29.09806732,-65.08927487,
Zapicruz,Catamarca,Argentina,5,-28.00956301,-66.45238162,
Termas La Aguadita,Catamarca,Argentina,5,-28.03025475,-67.66582892,
Juire,Jujuy,Argentina,5,-22.99892856,-65.28579649,
Inti Cueva,Jujuy,Argentina,5,-22.97301393,-65.45783407,
Mina El Torno,Jujuy,Argentina,5,-21.97141092,-66.15319422,
El Queñoal,Jujuy,Argentina,5,-21.87057049,-66.11374495,
Alto El Morado,Jujuy,Argentina,5,-23.69365029,-65.64895661,
El Salto,Salta,Argentina,5,-24.96224498,-64.8380089,
Abra del Gallo,Salta,Argentina,5,-24.35327792,-66.52070475,
Alto del Mistol,Salta,Argentina,5,-25.26366209,-64.12942757,
El Talar,Salta,Argentina,5,-25.52355834,-65.00585288,
Corralito,Salta,Argentina,5,-24.98008387,-65.72711281,
Piedra del Molino,Salta,Argentina,5,-25.18059197,-65.85838469,
La Carolina,Santiago del Estero,Argentina,5,-29.29779511,-62.23741767,
Puerto Grande,Santiago del Estero,Argentina,5,-27.08032667,-64.30852504,
El Ochenta y Cinco,Santiago del Estero,Argentina,5,-26.90886064,-62.21576602,
Pampa Suni,Santiago del Estero,Argentina,5,-26.10070318,-64.14862558,
San Carlos,Tucumán,Argentina,5,-27.42161229,-65.4773536,
Tío Punco Chico,Tucumán,Argentina,5,-26.46565152,-65.93731368,
Bobayaco,Tucumán,Argentina,5,-26.39893104,-65.14148743,
Nueva York,Chaco,Argentina,5,-25.24757349,-62.76919783,
Ojo de Agua,Chaco,Argentina,5,-25.4013437,-62.8017813,
Puesto Santa Cruz,Chaco,Argentina,5,-25.35343273,-62.63267293,
La Posta,Chaco,Argentina,5,-26.85393972,-58.50800204,
Colonia Welbers Sur,Chaco,Argentina,5,-27.36160596,-61.3835352,
El Palo Santo,Chaco,Argentina,5,-24.87371356,-61.68095313,
Lagunita,Chaco,Argentina,5,-24.8034382,-61.70310872,
Palo Flojal,Chaco,Argentina,5,-24.99555188,-61.47214516,
La Madrugada,Formosa,Argentina,5,-23.43225686,-61.58916882,
Guayacanty,Formosa,Argentina,5,-26.71861891,-58.28863309,
Bordo Santo,Formosa,Argentina,5,-24.06148156,-60.41038621,
Kilómetro 642,Formosa,Argentina,5,-25.0308436,-60.84641721,
Cerro Puita,Corrientes,Argentina,5,-28.61980393,-58.16521541,
Paso Moreno,Corrientes,Argentina,5,-27.81342082,-57.07219973,
Horqueta de Guaviraví,Corrientes,Argentina,5,-29.08105249,-56.83905414,
La Alumbrera,San Juan,Argentina,5,-31.39419619,-69.7250906,
Castaño Viejo,San Juan,Argentina,5,-30.94431801,-69.63692305,
Niquivil Viejo,San Juan,Argentina,5,-30.42130233,-68.64980941,
Ramblón,San Juan,Argentina,5,-32.30701023,-68.65952381,
Agua Pinto,San Juan,Argentina,5,-31.77053619,-68.94014638,
Pirquita,Mendoza,Argentina,5,-33.50329466,-67.41178486,
La Hullera,Mendoza,Argentina,5,-32.70190813,-68.75308341,
Cristo de la Quebrada,Mendoza,Argentina,5,-36.40769132,-69.66645302,
Desfiladero Bayo,Mendoza,Argentina,5,-37.32001712,-68.94593433,
Ñire Co,Mendoza,Argentina,5,-36.98511549,-68.46013599,
Cruz de Piedra,Mendoza,Argentina,5,-34.23752802,-69.45687444,
Termas El Sosneado,Mendoza,Argentina,5,-34.77017381,-70.05856897,
El Portillo,Mendoza,Argentina,5,-33.61380654,-69.49991501,
El Vinagrillo,San Luis,Argentina,5,-32.40309283,-66.02269673,
La Quebrada,San Luis,Argentina,5,-32.24877729,-65.68622722,
Suyuque Viejo,San Luis,Argentina,5,-33.16022031,-66.27705957,
Santa Rosa,San Luis,Argentina,5,-33.63688432,-66.41883465,
La Huertita,San Luis,Argentina,5,-32.41645032,-65.72132884,
Cabo Domingo,Tierra del Fuego,Argentina,5,-53.6879144,-67.84720977,
Puerto Cook,Tierra del Fuego,Argentina,5,-54.77790507,-64.04792755,
Quilachanquil,Neuquén,Argentina,5,-39.08343626,-70.87976854,
Las Bayas,Neuquén,Argentina,5,-38.02330092,-68.42729843,
Collón Curá,Neuquén,Argentina,5,-40.11544694,-70.74802183,
Lulonco,Neuquén,Argentina,5,-36.57713583,-70.12294309,
Lago Tromen,Neuquén,Argentina,5,-39.57003801,-71.44044797,
Paso Mamuil Malal,Neuquén,Argentina,5,-39.58274575,-71.4534259,
Paso de Lumabia,Neuquén,Argentina,5,-36.72293098,-71.03537736,
Chenque Cura,Neuquén,Argentina,5,-37.3463511,-70.88104087,
Millán Currical,Neuquén,Argentina,5,-37.9001882,-70.9955638,
La Tungar,Neuquén,Argentina,5,-37.18865159,-69.78809858,
Barrio Norte,Río Negro,Argentina,5,-38.86739509,-68.01868622,
Catriel Oeste,Río Negro,Argentina,5,-37.70408893,-68.03624578,
Lauriente,Río Negro,Argentina,5,-40.11485509,-67.27405686,
La Pepita,Río Negro,Argentina,5,-39.42435054,-63.49954755,
Saladar,Río Negro,Argentina,5,-40.44373417,-65.1915503,
Salina del Gualicho,Río Negro,Argentina,5,-40.41174566,-65.31274311,
Teniente Maza,Río Negro,Argentina,5,-40.50319157,-66.77940052,
Barril Niyeu,Río Negro,Argentina,5,-41.82569872,-68.16361375,
Punta Norte,Chubut,Argentina,5,-42.08103031,-63.76067144,
El Molle,Chubut,Argentina,5,-42.25201412,-69.55294298,
Caleta Visser,Chubut,Argentina,5,-45.40362696,-67.11779003,
El Tordillo,Chubut,Argentina,5,-45.86850567,-67.93870603,
Escalante,Chubut,Argentina,5,-45.74874932,-67.82388644,
Paso Chico,Chubut,Argentina,5,-44.47645349,-66.91233927,
Punta Matos,Chubut,Argentina,5,-42.81507475,-71.71476714,
Alto de las Plumas,Chubut,Argentina,5,-43.68857423,-67.19003211,
Las Chapas,Chubut,Argentina,5,-43.60827803,-66.53268454,
Paso Berwin,Chubut,Argentina,5,-43.62005893,-68.95051409,
Bajo de los Huesos,Chubut,Argentina,5,-43.17035041,-64.81561322,
Monte Loayza,Santa Cruz,Argentina,5,-47.08342675,-66.24335694,
Kilómetro 52,Santa Cruz,Argentina,5,-51.72869311,-69.94051911,
Coti Aike,Santa Cruz,Argentina,5,-50.77655976,-71.43050571,
La Leona,Santa Cruz,Argentina,5,-49.81011843,-72.05395553,
Cóndor Cliff,Santa Cruz,Argentina,5,-50.22091067,-70.93094101,
Río Guanaco,Santa Cruz,Argentina,5,-49.92418767,-72.84064909,
Cabo Dañoso,Santa Cruz,Argentina,5,-48.81133819,-67.20398674,
Río Blanco,Santa Cruz,Argentina,5,-47.57506591,-71.38345849,
Balneario Municipal,Buenos Aires,Argentina,4,-34.91878381,-57.74131148,
El Recreo,Buenos Aires,Argentina,4,-35.80601025,-58.16382481,
Ham,Buenos Aires,Argentina,4,-34.23280648,-61.24144347,
San Leoncio,Buenos Aires,Argentina,4,-37.3508126,-57.46565401,
Ingeniero de Madrid,Buenos Aires,Argentina,4,-35.4855696,-60.46163749,
Cantera Villalonga,Buenos Aires,Argentina,4,-40.01561061,-62.3478277,
Los Chañares,Buenos Aires,Argentina,4,-35.90954593,-62.53977631,
Atucha,Buenos Aires,Argentina,4,-33.97562921,-59.20034483,
Ingeniero Malmen,Córdoba,Argentina,4,-34.77920839,-64.80953652,
La Nacional,Córdoba,Argentina,4,-34.75676204,-64.91158533,
Pegasano,Córdoba,Argentina,4,-34.60012668,-64.72392693,
Puerta Colorada,Córdoba,Argentina,4,-30.60323598,-64.68143135,
Saguion,Córdoba,Argentina,4,-30.56609356,-64.54867603,
Puesto Los Dos Pozos,Córdoba,Argentina,4,-31.26827186,-65.56461268,
La Amalia,Córdoba,Argentina,4,-34.30735124,-62.87499198,
Ñandubay,Santa Fe,Argentina,4,-30.822538,-60.32845147,
El 50,Santa Fe,Argentina,4,-29.31530607,-60.57737193,
Colonia Gobernador Basavilbaso,Entre Ríos,Argentina,4,-32.79048829,-58.91251574,
Parque Luro,La Pampa,Argentina,4,-36.91351613,-64.26153284,
San Javier,La Rioja,Argentina,4,-29.97640828,-66.47921802,
Rincón de la Pampa Grande,La Rioja,Argentina,4,-29.0848755,-66.94699124,
El Zaguán,La Rioja,Argentina,4,-29.37920233,-67.79350908,
Las Tucumanesas,La Rioja,Argentina,4,-29.33727345,-68.09619289,
La Invernada,La Rioja,Argentina,4,-30.12751601,-66.24320815,
La Florida,La Rioja,Argentina,4,-30.5342416,-65.87005963,
San Pedro,La Rioja,Argentina,4,-30.56037571,-65.84598047,
El Rodeo,La Rioja,Argentina,4,-31.08536377,-66.57200269,
El Telarillo,La Rioja,Argentina,4,-30.74042511,-66.80431545,
La Industria,La Rioja,Argentina,4,-31.52948754,-66.024385,
Los Pozuelos,La Rioja,Argentina,4,-28.61820925,-68.09635535,
El Retamito,La Rioja,Argentina,4,-29.89401673,-66.86521468,
Agua Negra,Catamarca,Argentina,4,-27.11356673,-67.78757901,
Zapallar,Catamarca,Argentina,4,-27.48845476,-66.16334019,
Vega Colorados,Catamarca,Argentina,4,-25.60418806,-67.51119442,
Pozo de la Orilla,Catamarca,Argentina,4,-29.76791429,-65.24038599,
Las Higuerillas,Catamarca,Argentina,4,-27.80874621,-65.78175682,
Ampajango,Catamarca,Argentina,4,-26.92461128,-66.07995176,
Vinque,Catamarca,Argentina,4,-28.10594932,-67.20170405,
Río Colorado,Jujuy,Argentina,4,-22.72425603,-65.50654658,
Tres Lagunas,Jujuy,Argentina,4,-23.95194963,-65.24623415,
Candelaria,Jujuy,Argentina,4,-23.00782066,-65.32965617,
Rosario de Coyaguayma,Jujuy,Argentina,4,-22.84531278,-66.71079173,
Arroyo del Medio,Jujuy,Argentina,4,-24.42374875,-64.656704,
Tres Lomas,Jujuy,Argentina,4,-23.89444281,-64.62911074,
Paso San Juan,Jujuy,Argentina,4,-22.08396406,-66.26656007,
San Juan y Oros,Jujuy,Argentina,4,-22.21567866,-66.38845963,
Huaira Huasi,Jujuy,Argentina,4,-23.53751415,-66.64960189,
Tury,Jujuy,Argentina,4,-24.07936556,-66.42976211,
Garganta del Diablo,Jujuy,Argentina,4,-23.59287216,-65.37470636,
Piscuno,Jujuy,Argentina,4,-23.42310101,-65.74790015,
El Retiro,Salta,Argentina,4,-24.52944419,-63.58728594,
Puesto del Medio,Salta,Argentina,4,-25.23970431,-63.8255399,
Zapallar,Salta,Argentina,4,-22.72128712,-65.12350066,
Acazoque,Salta,Argentina,4,-24.28846899,-66.38133629,
Condorhuasi,Salta,Argentina,4,-24.34556225,-66.22383717,
Tablada,Salta,Argentina,4,-23.0757198,-64.82307173,
La Hoyada,Salta,Argentina,4,-25.87929357,-65.18944084,
Kilómetro 1121,Santiago del Estero,Argentina,4,-28.08855278,-65.13533566,
Ceja Pozo,Santiago del Estero,Argentina,4,-26.812986,-64.51252875,
Colonia Paula,Santiago del Estero,Argentina,4,-29.22740078,-62.9922911,
Palermo,Santiago del Estero,Argentina,4,-27.57598414,-63.15963969,
Yuchán,Santiago del Estero,Argentina,4,-26.24912784,-63.99960557,
Las Zanjitas,Santiago del Estero,Argentina,4,-27.18775714,-64.7672188,
Agua de la Peña,Tucumán,Argentina,4,-26.38459543,-64.92923589,
El Talar,Tucumán,Argentina,4,-27.54525564,-65.15268322,
Cruz Yampa,Tucumán,Argentina,4,-26.68253097,-65.48332008,
Unquillal,Tucumán,Argentina,4,-26.30072189,-65.25610931,
Puente Uruzú,Misiones,Argentina,4,-25.85782919,-54.16878355,
Pepirí Miní,Misiones,Argentina,4,-27.16875693,-53.96218196,
La Paloma,Chaco,Argentina,4,-25.40248727,-62.74680343,
La Ralera,Chaco,Argentina,4,-26.49243857,-60.92531046,
Las Flores,Chaco,Argentina,4,-25.44639446,-62.70236153,
Santa Elena,Chaco,Argentina,4,-25.31971636,-62.81275244,
La Mora,Chaco,Argentina,4,-25.64532779,-60.60589251,
Las Avispas,Chaco,Argentina,4,-27.92029907,-60.64859451,
El Lindero,Formosa,Argentina,4,-23.73128306,-61.33616823,
Buena Vista,Corrientes,Argentina,4,-27.7161589,-56.94800452,
Castaño Nuevo,San Juan,Argentina,4,-31.03716197,-69.52420594,
Achango,San Juan,Argentina,4,-30.28913856,-69.19788032,
Matías Sánchez,San Juan,Argentina,4,-30.92765563,-68.6341484,
Talacasto,San Juan,Argentina,4,-31.09862072,-68.63995094,
Rincón Chico,San Juan,Argentina,4,-30.29061583,-67.71759939,
Media Luna,Mendoza,Argentina,4,-34.73476311,-66.68621344,
Caverna de las Brujas,Mendoza,Argentina,4,-35.8014704,-69.81948973,
Termas del Azufre,Mendoza,Argentina,4,-35.29243137,-70.52123805,
Invernada del Viejo,Mendoza,Argentina,4,-35.72817988,-70.16790283,
Alvarado,Mendoza,Argentina,4,-34.24503534,-69.37995081,
Planta de Azufre,Mendoza,Argentina,4,-34.6536822,-70.10318498,
Estación El Nihuil,Mendoza,Argentina,4,-34.86101571,-68.63569673,
Los Chacales,Mendoza,Argentina,4,-33.62821273,-69.39751006,
Balde de Azcurra,San Luis,Argentina,4,-32.1363861,-66.85472672,
La Chañarienta,San Luis,Argentina,4,-32.38728438,-67.01319864,
Bella Vista,San Luis,Argentina,4,-32.34838549,-66.55163203,
Los Ramblones,San Luis,Argentina,4,-32.47305896,-66.40638113,
Donado,San Luis,Argentina,4,-33.78927439,-66.87452664,
Laguna de la Suerte,Tierra del Fuego,Argentina,4,-53.68436462,-68.24768408,
Puerto Parry,Tierra del Fuego,Argentina,4,-54.81158936,-64.37136026,
Glaciar Martial,Tierra del Fuego,Argentina,4,-54.79317779,-68.38582658,
Paso del Arco,Neuquén,Argentina,4,-38.78890521,-71.05976649,
Aguada Florencio,Neuquén,Argentina,4,-39.49784331,-70.27822619,
Cerrito Piñón,Neuquén,Argentina,4,-40.27704821,-70.63516516,
Dique Piedra del Águila,Neuquén,Argentina,4,-40.17861467,-69.99788155,
Agua del Cajón,Neuquén,Argentina,4,-38.93513643,-68.35613111,
Lindero Atravesado,Neuquén,Argentina,4,-38.69674724,-68.50747452,
La Rinconada,Neuquén,Argentina,4,-39.99886542,-70.83934045,
Lago Falkner,Neuquén,Argentina,4,-40.43899902,-71.53369664,
Bajo de la Baya,Neuquén,Argentina,4,-37.61188734,-69.09981169,
Yacimiento El Sauce,Neuquén,Argentina,4,-39.46780491,-69.36005555,
Bajo de los Menucos,Río Negro,Argentina,4,-39.62983833,-67.04915338,
Bajo de Santa Rosa,Río Negro,Argentina,4,-39.85481589,-66.7384557,
Las Golondrinas,Río Negro,Argentina,4,-40.28767279,-67.25290326,
Tambelén,Río Negro,Argentina,4,-41.08258049,-67.3699481,
Kilómetro 899,Río Negro,Argentina,4,-38.8243356,-65.08688035,
Numuco,Río Negro,Argentina,4,-41.00689231,-66.41956412,
Centenario,Chubut,Argentina,4,-42.47625913,-63.89349857,
Puerto Lobos,Chubut,Argentina,4,-42.00377668,-65.07493743,
Puesto Valdés,Chubut,Argentina,4,-42.45338797,-63.61369767,
Punta Cantor,Chubut,Argentina,4,-42.51330056,-63.60116577,
Punta Gales,Chubut,Argentina,4,-42.42718867,-64.53575541,
Punta Loma,Chubut,Argentina,4,-42.81875776,-64.89182548,
Lepá,Chubut,Argentina,4,-42.60673822,-71.00683014,
Paso Arroqui,Chubut,Argentina,4,-44.78817259,-67.14206012,
Dos Pozos,Chubut,Argentina,4,-43.90205174,-65.41216334,
Playa de Elola,Chubut,Argentina,4,-44.82875762,-65.73385436,
Pampa Marrauf,Chubut,Argentina,4,-42.96200297,-68.58001992,
Aguada de Mulas,Chubut,Argentina,4,-43.39928149,-68.75796992,
La Payanca,Chubut,Argentina,4,-43.51054589,-68.89062715,
Los Adobes,Chubut,Argentina,4,-43.35721662,-68.76068262,
Lago Fontana,Chubut,Argentina,4,-44.9808848,-71.39058647,
Los Manantiales,Chubut,Argentina,4,-45.47765865,-69.48898944,
Monte León,Santa Cruz,Argentina,4,-50.33684859,-68.88297394,
Punta Buque,Santa Cruz,Argentina,4,-48.09645582,-65.92417852,
Fuentes del Coyle,Santa Cruz,Argentina,4,-51.13182102,-71.93051345,
Las Horquetas,Santa Cruz,Argentina,4,-51.41306282,-70.19356807,
Cancha Carrera,Santa Cruz,Argentina,4,-51.25563339,-72.23615643,
Laguna del Desierto,Santa Cruz,Argentina,4,-49.08029774,-72.88795432,
Canal Viedma,Santa Cruz,Argentina,4,-49.66690145,-72.88345311,
Tres Cerros,Santa Cruz,Argentina,4,-48.12414493,-67.64358969,
Centro Urquiza,Buenos Aires,Argentina,3,-38.47873542,-61.37702351,
Drabble,Buenos Aires,Argentina,3,-34.91896625,-62.76464433,
Laguna Blanca Grande,Buenos Aires,Argentina,3,-36.47619412,-60.8969088,
El Monte,Buenos Aires,Argentina,3,-36.47101707,-57.42044379,
Horqueta,Córdoba,Argentina,3,-32.25085452,-64.77397788,
Puesto El Tabaquillo,Córdoba,Argentina,3,-32.39454851,-64.85063025,
Cerro Uritorco,Córdoba,Argentina,3,-30.84512163,-64.47744511,
Los Terrones,Córdoba,Argentina,3,-30.79343307,-64.46856917,
Pintos,Córdoba,Argentina,3,-30.95671668,-64.60599291,
San Buenaventura,Córdoba,Argentina,3,-31.23725681,-64.52235051,
Valle de los Espíritus,Córdoba,Argentina,3,-30.85259385,-64.48059043,
Alto de Fierro,Córdoba,Argentina,3,-29.70119831,-63.61481524,
Alto del Fierro,Córdoba,Argentina,3,-31.64730399,-64.30801448,
Telares,Córdoba,Argentina,3,-29.69731847,-64.20410295,
La Luisita,Córdoba,Argentina,3,-32.99830123,-62.71951524,
Nogués,Santa Fe,Argentina,3,-28.06575732,-59.70555876,
El Cristal,Santa Fe,Argentina,3,-30.01829352,-60.11087865,
La Capilla,Entre Ríos,Argentina,3,-32.60113809,-58.87443908,
Kilómetro 891,La Rioja,Argentina,3,-28.80644209,-66.58977542,
Cañon del Ocre,La Rioja,Argentina,3,-28.90305748,-67.68863077,
Mina La Mejicana,La Rioja,Argentina,3,-28.99748793,-67.73332975,
Dique de Olta,La Rioja,Argentina,3,-30.63919241,-66.29612844,
El Carrizalito,La Rioja,Argentina,3,-30.85482485,-66.47405195,
El Suncho,La Rioja,Argentina,3,-30.79040187,-66.75927352,
La Merced,La Rioja,Argentina,3,-31.09715446,-66.96115334,
Los Loros,La Rioja,Argentina,3,-29.11914569,-68.24042353,
Parecitas,La Rioja,Argentina,3,-28.99929688,-68.25643489,
Comandante Leal,La Rioja,Argentina,3,-30.88269967,-65.7915336,
Baldecito,La Rioja,Argentina,3,-31.89452556,-65.82583769,
La Lilia,La Rioja,Argentina,3,-31.49406056,-66.15685682,
Señor de la Punta,La Rioja,Argentina,3,-28.47486622,-67.27468864,
La Aguadita,Catamarca,Argentina,3,-25.45488254,-67.18386602,
Vega Orohuasi,Catamarca,Argentina,3,-25.92029742,-67.92368428,
El Bolsón,Catamarca,Argentina,3,-27.02457554,-66.76132581,
El Paso,Catamarca,Argentina,3,-28.32203398,-65.47799615,
El Corralito,Catamarca,Argentina,3,-28.62619247,-65.28033744,
Kilómetro 997,Catamarca,Argentina,3,-29.19260987,-65.07399602,
San Rafael,Catamarca,Argentina,3,-29.13201806,-64.94453377,
Guanchín,Catamarca,Argentina,3,-27.61767499,-67.71411988,
Angosto de Jaire,Jujuy,Argentina,3,-24.02321628,-65.38977601,
San Marcos,Jujuy,Argentina,3,-22.7230587,-66.42713116,
El Olvido,Jujuy,Argentina,3,-24.04640135,-64.23706461,
La Cruz,Jujuy,Argentina,3,-21.92624135,-66.11955469,
Domingo Faustino Sarmiento,Jujuy,Argentina,3,-24.19033487,-66.54824141,
Muñano,Salta,Argentina,3,-24.29086811,-66.1513366,
La Punilla,Salta,Argentina,3,-26.01511063,-65.82273683,
El Zapallar,Salta,Argentina,3,-24.70684904,-64.96077276,
Mojotoro,Salta,Argentina,3,-24.70907531,-65.2864639,
Infiernillos,Salta,Argentina,3,-25.20999776,-67.10472313,
Tolar Chico,Salta,Argentina,3,-25.02031325,-67.00270889,
Corral Quemado,Salta,Argentina,3,-25.33172425,-64.07367185,
Peñas Azules,Salta,Argentina,3,-25.26516681,-65.22819468,
Las Quintas,Salta,Argentina,3,-23.25925417,-64.49514134,
El Algarrobal,Salta,Argentina,3,-24.35055965,-62.38178394,
Pozo El Anta,Salta,Argentina,3,-22.71242083,-62.90486951,
Guasamayo,Salta,Argentina,3,-25.84002829,-66.28990102,
Ovejería,Salta,Argentina,3,-25.33422567,-65.900922,
El Pabellón,Salta,Argentina,3,-22.50212748,-65.28138836,
La Guardia,Santiago del Estero,Argentina,3,-27.20336965,-63.70331722,
Las Chacras,Santiago del Estero,Argentina,3,-27.97900767,-65.12064633,
San Pedro,Santiago del Estero,Argentina,3,-27.09917751,-64.26837418,
La Mesada,Santiago del Estero,Argentina,3,-26.64609742,-64.1772509,
La Soledad,Santiago del Estero,Argentina,3,-27.97219972,-62.84675274,
Quebrachitos,Santiago del Estero,Argentina,3,-29.48709361,-62.75685759,
Huasi Bamba,Santiago del Estero,Argentina,3,-27.29958952,-62.27138781,
Las Tres Lomas,Santiago del Estero,Argentina,3,-27.79977384,-62.28862269,
Tres Quebrachos,Santiago del Estero,Argentina,3,-26.23448547,-63.97652664,
El Paraíso,Santiago del Estero,Argentina,3,-29.62203119,-63.1197785,
Agua Negra,Tucumán,Argentina,3,-26.367725,-65.0555458,
El Solco,Tucumán,Argentina,3,-27.30978455,-65.69778904,
La Rinconada,Tucumán,Argentina,3,-27.01735438,-65.48746156,
El Sauzal,Tucumán,Argentina,3,-27.54563547,-65.43581813,
Las Moreras,Tucumán,Argentina,3,-27.96251625,-65.54320456,
Toma Los Reales,Tucumán,Argentina,3,-27.11561363,-65.77386183,
Huasamayo,Tucumán,Argentina,3,-26.53656312,-65.54420974,
Las Ánimas,Tucumán,Argentina,3,-27.36938935,-65.78978053,
Puente Cangregillo,Tucumán,Argentina,3,-27.41717533,-65.94258366,
Chañar Pozo,Tucumán,Argentina,3,-26.55594764,-65.88232372,
Tío Punco Grande,Tucumán,Argentina,3,-26.45476406,-65.96044096,
Salto 3 de Mayo,Misiones,Argentina,3,-26.75965076,-54.92403983,
Pampa El Mangrullo,Chaco,Argentina,3,-26.16686406,-61.14771408,
La Barraca,Chaco,Argentina,3,-24.91176308,-61.57933936,
Pozo del Mataco,Chaco,Argentina,3,-24.79183775,-61.85781117,
Tres Yuchán,Formosa,Argentina,3,-23.47790983,-61.57916448,
La Extranjera,Formosa,Argentina,3,-23.68545925,-62.10928326,
Gómez Cué,Corrientes,Argentina,3,-28.31658972,-56.53086144,
La Junta,San Juan,Argentina,3,-31.89651868,-69.69685031,
Mina El Pachón,San Juan,Argentina,3,-31.75999736,-70.41052294,
Álvarez Condarco,San Juan,Argentina,3,-32.00486263,-69.74072639,
Dique Cuesta del Viento,San Juan,Argentina,3,-30.19338774,-69.06344134,
Dique Cauquenes,San Juan,Argentina,3,-30.14843461,-68.61680337,
Ciénagas,San Juan,Argentina,3,-29.92913303,-68.75981002,
Termas de Talacasto,San Juan,Argentina,3,-31.02273169,-68.74814011,
Dique Los Caracoles,San Juan,Argentina,3,-31.5173568,-68.96821357,
Las Cuevas,Mendoza,Argentina,3,-32.8139483,-70.04895527,
Maquinista Levet,Mendoza,Argentina,3,-33.60145421,-67.09899939,
La Primavera,Mendoza,Argentina,3,-33.2646187,-67.35966537,
El Guanaco,Mendoza,Argentina,3,-32.59799343,-67.55113023,
San Guillermo,Mendoza,Argentina,3,-32.75099341,-67.79332891,
Cañadón Amarillo,Mendoza,Argentina,3,-36.9739973,-69.37602795,
La Cantera,Mendoza,Argentina,3,-35.44104382,-69.86914834,
Ojo de Agua,Mendoza,Argentina,3,-34.59857545,-69.30369238,
Puerta Negra,San Luis,Argentina,3,-32.27428371,-66.14063559,
Cerro Bayo,San Luis,Argentina,3,-32.66719912,-66.19728228,
La Blanca,San Luis,Argentina,3,-35.25749677,-66.32462283,
La Estrechura,San Luis,Argentina,3,-33.24060135,-66.16544638,
Charlone,San Luis,Argentina,3,-33.72013309,-66.27916332,
Cabo Peñas,Tierra del Fuego,Argentina,3,-53.83702873,-67.58211575,
Paso Garibaldi,Tierra del Fuego,Argentina,3,-54.68985332,-67.84239544,
Lapataia,Tierra del Fuego,Argentina,3,-54.85515659,-68.57795087,
Puerto Lussich,Neuquén,Argentina,3,-39.39830786,-71.24209624,
Rincón de la Media Luna,Neuquén,Argentina,3,-39.51680676,-70.96219061,
Los Barreales,Neuquén,Argentina,3,-38.0794839,-68.41633589,
Los Jagüelitos,Neuquén,Argentina,3,-38.15419945,-68.36085845,
Dique Pichi Picún Leufú,Neuquén,Argentina,3,-40.00241133,-69.99164592,
Lago Tromen,Neuquén,Argentina,3,-37.08387724,-70.09464202,
Currhué Chico,Neuquén,Argentina,3,-39.90746332,-71.33516284,
Paso de Carirriñe,Neuquén,Argentina,3,-39.79027534,-71.67401588,
Caleufú,Neuquén,Argentina,3,-40.50054554,-71.1772359,
Nonthué,Neuquén,Argentina,3,-40.1496448,-71.62986768,
Coihueco,Neuquén,Argentina,3,-38.0567441,-70.16405247,
Paso Huitrín,Neuquén,Argentina,3,-37.6704756,-69.97823186,
Cajón del Atreuco,Neuquén,Argentina,3,-36.72533114,-70.62898337,
Cascada del Agrio,Neuquén,Argentina,3,-37.81046321,-70.92326125,
Hualcupén Arriba,Neuquén,Argentina,3,-37.94416499,-70.90791018,
Las Máquinas,Neuquén,Argentina,3,-37.83562558,-71.08702762,
Puesto Molina,Neuquén,Argentina,3,-37.21793464,-69.11963183,
Señal Cerro Bayo,Neuquén,Argentina,3,-37.62192759,-68.73527482,
Paso de las Bardas,Neuquén,Argentina,3,-37.15901948,-69.25869332,
Paso de Pino Hachado,Neuquén,Argentina,3,-38.66045752,-70.88602438,
Salto Andersen,Río Negro,Argentina,3,-38.82399905,-64.82073094,
Cascada Los Alerces,Río Negro,Argentina,3,-41.38057422,-71.73773572,
Fonck Chico,Río Negro,Argentina,3,-41.33746806,-71.7541351,
Puerto Alegre,Río Negro,Argentina,3,-41.04488316,-71.79953079,
Palenque Niyeu,Río Negro,Argentina,3,-40.30595294,-69.34841181,
Carriyegua,Río Negro,Argentina,3,-40.28326105,-69.17821806,
Chasicó,Río Negro,Argentina,3,-40.29433156,-68.96971285,
Lonco Vaca,Río Negro,Argentina,3,-40.11858133,-69.05002973,
Chajaijo,Río Negro,Argentina,3,-41.2281815,-66.89682567,
Colonia Macachín,Río Negro,Argentina,3,-40.7327796,-66.33508007,
Ne Luan,Río Negro,Argentina,3,-41.50817789,-68.61321832,
Kilómetro 648,Río Negro,Argentina,3,-41.35222966,-69.72606041,
Ruca Luan,Río Negro,Argentina,3,-41.84524611,-68.83972587,
Playa Gaviota,Chubut,Argentina,3,-42.61217347,-64.87715657,
El Trébol,Chubut,Argentina,3,-45.84251807,-67.8760868,
Pampa de Salamanca,Chubut,Argentina,3,-45.3640491,-67.38053302,
Caleta Sara,Chubut,Argentina,3,-44.90298469,-65.57712309,
Durazno Chico,Chubut,Argentina,3,-43.11654078,-64.65666455,
Punta Ninfas,Chubut,Argentina,3,-42.9689462,-64.31523063,
Paso Coihaique,Chubut,Argentina,3,-45.52909126,-71.56563539,
La Esperanza,Chubut,Argentina,3,-45.28693564,-68.99499761,
Paso Las Pampas,Chubut,Argentina,3,-44.24696136,-71.80215212,
Diego Ritchie,Santa Cruz,Argentina,3,-51.97818161,-70.39576043,
Tapi Aike,Santa Cruz,Argentina,3,-51.05688337,-71.80471538,
Puerto Bajo Las Sombras,Santa Cruz,Argentina,3,-50.47384308,-72.98562627,
El Pluma,Santa Cruz,Argentina,3,-46.48109137,-70.04454639,
Ingeniero Pallavicini,Santa Cruz,Argentina,3,-46.27678568,-71.7133103,
Puente La Vasca,Buenos Aires,Argentina,2,-36.47508366,-57.57485148,
El Peregrino,Buenos Aires,Argentina,2,-34.59786889,-62.12202442,
Montecarlo,Buenos Aires,Argentina,2,-37.04579229,-56.81660571,
Cabeza de Buey,Buenos Aires,Argentina,2,-38.8482293,-62.36271081,
Isla Verde,Buenos Aires,Argentina,2,-39.36448309,-62.09931943,
La Laguna,Córdoba,Argentina,2,-30.96969712,-64.85050497,
Las Chacras,Córdoba,Argentina,2,-30.83535431,-65.2213039,
Los Baños de Unquillo,Córdoba,Argentina,2,-30.19594423,-65.01947628,
Majada de Santiago,Córdoba,Argentina,2,-31.19697449,-64.86890321,
Los Alazanes,Córdoba,Argentina,2,-30.88446313,-64.4593448,
Mina Los Gigantes,Córdoba,Argentina,2,-31.43923724,-64.77115388,
Isla Verde,Córdoba,Argentina,2,-30.01644216,-62.86044306,
Estación Vera Mujica,Santa Fe,Argentina,2,-30.8554123,-60.47269873,
Puerto Boca,Entre Ríos,Argentina,2,-33.07021344,-58.42765504,
Esquina,Entre Ríos,Argentina,2,-33.54490728,-58.9511881,
Isla El Pillo,Entre Ríos,Argentina,2,-32.76794495,-60.11148549,
Puesto Pinto,La Pampa,Argentina,2,-37.49299634,-68.18882158,
Los Cerrillos,La Rioja,Argentina,2,-29.82398353,-65.80943314,
El Silencio,La Rioja,Argentina,2,-29.37341719,-67.79192802,
Dique La Aguadita,La Rioja,Argentina,2,-30.41570689,-66.37667049,
Dique Chañarmuyo,La Rioja,Argentina,2,-28.62726935,-67.59703599,
Los Cazadores,La Rioja,Argentina,2,-28.39910318,-67.61180519,
La Fortuna,La Rioja,Argentina,2,-30.56695274,-66.926408,
Balde del Salado,La Rioja,Argentina,2,-31.18572206,-65.83671223,
Pozo de la Pampa,La Rioja,Argentina,2,-31.51228289,-65.99756649,
La Banderita,La Rioja,Argentina,2,-31.33253762,-65.89665907,
Boca de la Quebrada,La Rioja,Argentina,2,-28.51103418,-68.51239528,
Nueva Esperanza,La Rioja,Argentina,2,-28.32070942,-68.33502907,
El 21,La Rioja,Argentina,2,-30.12180378,-67.03790753,
Los Mogotes Colorados,La Rioja,Argentina,2,-30.03185549,-67.08530495,
Mina Las Mellizas,La Rioja,Argentina,2,-30.04571353,-67.4574971,
Agua del León,La Rioja,Argentina,2,-31.20253287,-66.64039967,
Huaco de Arriba,La Rioja,Argentina,2,-29.15872427,-67.08372992,
Farallón Negro,Catamarca,Argentina,2,-27.30416237,-66.68224306,
El Globo,Catamarca,Argentina,2,-27.35544466,-66.31611701,
La Isla,Catamarca,Argentina,2,-27.76217726,-66.39733946,
Las Conchas,Catamarca,Argentina,2,-27.27720403,-66.27261478,
Loma Redonda,Catamarca,Argentina,2,-27.18901044,-66.22249237,
Villa Bajo La Alumbrera,Catamarca,Argentina,2,-27.30291675,-66.58683696,
Mina Fénix,Catamarca,Argentina,2,-25.48945044,-67.10736872,
Mina Tincalayu,Catamarca,Argentina,2,-25.30930799,-66.85864742,
Vega Agua Caliente,Catamarca,Argentina,2,-25.31102556,-67.43345002,
Kilómetro 128,Catamarca,Argentina,2,-29.12752757,-65.87419878,
El Rosario,Catamarca,Argentina,2,-28.99635988,-65.19432325,
Sumanpa,Catamarca,Argentina,2,-28.06782961,-65.5721748,
Las Casitas,Catamarca,Argentina,2,-28.14526759,-66.15190104,
Campo de los Pozuelos,Catamarca,Argentina,2,-27.03232627,-66.49479361,
Los Saltos,Catamarca,Argentina,2,-26.73336483,-66.15687082,
La Cañada,Catamarca,Argentina,2,-28.16913069,-65.52770042,
Las Grutas,Catamarca,Argentina,2,-26.91357936,-68.1282948,
Vallecito,Jujuy,Argentina,2,-23.56105943,-64.96917644,
El Saladillo,Jujuy,Argentina,2,-23.58961424,-64.97443301,
Río Hornos,Jujuy,Argentina,2,-23.36902933,-65.05144134,
Saladillo de Juárez,Salta,Argentina,2,-24.96239831,-64.48365552,
San Ignacio,Salta,Argentina,2,-25.23270872,-64.52589349,
El Destierro,Salta,Argentina,2,-25.20428105,-63.56672441,
Alisar del Porongal,Salta,Argentina,2,-22.67410661,-64.90848604,
Alto de Sierra,Salta,Argentina,2,-24.52197621,-65.35408852,
Carachi,Salta,Argentina,2,-24.34583672,-66.35229596,
Estación Ampascachi,Salta,Argentina,2,-25.35699469,-65.50545501,
Las Pircas,Salta,Argentina,2,-24.309207,-66.21653886,
Corral Colorado,Salta,Argentina,2,-24.39848222,-66.56885304,
Tocomar,Salta,Argentina,2,-24.19907432,-66.54763596,
Agua de Castilla,Salta,Argentina,2,-24.27369296,-66.39464717,
Paso de las Carreras,Salta,Argentina,2,-25.17202685,-64.29909017,
El Porvenir,Salta,Argentina,2,-25.59820208,-64.61830405,
Las Mercedes,Salta,Argentina,2,-25.97909153,-64.64235688,
Tacuara,Salta,Argentina,2,-24.4380578,-65.84411188,
Puerta Tastil,Salta,Argentina,2,-24.52126636,-65.86615488,
El Guayacán,Santiago del Estero,Argentina,2,-25.65590565,-61.99704019,
Kilómetro 18,Santiago del Estero,Argentina,2,-28.56402408,-64.98298628,
Monte Alto,Santiago del Estero,Argentina,2,-26.97559918,-62.81194871,
Lincho,Santiago del Estero,Argentina,2,-27.71114122,-62.95977603,
Colonia España,Santiago del Estero,Argentina,2,-27.67407105,-62.0111898,
Salinas,Santiago del Estero,Argentina,2,-28.93032563,-63.77838225,
Pueblo Nuevo,Tucumán,Argentina,2,-27.56507714,-65.36952974,
Casa de Tabla,Tucumán,Argentina,2,-27.26026575,-65.23793241,
Salamanca,Tucumán,Argentina,2,-26.60974591,-65.96692744,
Quebrada del Portugués,Tucumán,Argentina,2,-27.00384674,-65.75515258,
El Antigal,Tucumán,Argentina,2,-26.56296407,-65.82067206,
La Esperanza,Tucumán,Argentina,2,-26.26947912,-65.10259443,
Colonia Delicia Durán,Misiones,Argentina,2,-26.18330583,-54.35103462,
Chaco Porá,Chaco,Argentina,2,-25.49714721,-63.28763277,
Los Porongos,Chaco,Argentina,2,-25.42703713,-60.9888702,
Puesto Grande,Chaco,Argentina,2,-24.6625805,-61.46653075,
Pozo Ramón,Formosa,Argentina,2,-23.46300221,-61.57923766,
Isla 25 de Mayo,Formosa,Argentina,2,-25.7859902,-57.81963015,
El Chivil,Formosa,Argentina,2,-24.12284523,-61.81371117,
Paso Naitek,Formosa,Argentina,2,-24.54355289,-60.02081717,
Paso General Belgrano,Formosa,Argentina,2,-24.74859438,-58.83340274,
Los Azules,San Juan,Argentina,2,-31.09404391,-70.27327748,
Placeta,San Juan,Argentina,2,-31.52271704,-70.23578035,
Manantiales,San Juan,Argentina,2,-32.10127235,-69.88213511,
El Carrizal,San Juan,Argentina,2,-30.01148566,-69.06445016,
Arrequintín,San Juan,Argentina,2,-30.38970377,-69.58901354,
La Ciénaga de Cumillango,San Juan,Argentina,2,-30.47356984,-68.71031977,
Ischigualasto,San Juan,Argentina,2,-30.16345235,-67.84278785,
Portezuelo El Tambolar,San Juan,Argentina,2,-31.36783964,-69.00940836,
El Puestito,Mendoza,Argentina,2,-32.26815915,-69.49872901,
Los Frisos,Mendoza,Argentina,2,-36.47662351,-69.6457132,
Minacar,Mendoza,Argentina,2,-35.88036506,-70.07335809,
Cañon del Atuel,Mendoza,Argentina,2,-34.88223752,-68.57392468,
Huaca Co,Mendoza,Argentina,2,-35.86115387,-68.2845954,
Valle Manantiales,Mendoza,Argentina,2,-33.60669334,-69.59701508,
Cruz de San Pedro,San Luis,Argentina,2,-32.21848243,-67.47607659,
Punta del Médano,San Luis,Argentina,2,-32.25973908,-67.40551536,
La Cocha,San Luis,Argentina,2,-32.62653865,-65.41984701,
Colonia Urdaniz,San Luis,Argentina,2,-35.21376149,-66.08967844,
Usiyal,San Luis,Argentina,2,-34.80608862,-66.31602932,
Cabo Irigoyen,Tierra del Fuego,Argentina,2,-54.40681694,-66.56579076,
Puerto Remolino,Tierra del Fuego,Argentina,2,-54.86130243,-67.86956441,
Parador Pampa de los Indios,Tierra del Fuego,Argentina,2,-54.89760368,-67.12875018,
Laguna de Palao,Neuquén,Argentina,2,-36.93512578,-70.30884666,
Pampa del Rayo,Neuquén,Argentina,2,-36.24585254,-70.38941175,
Lago Villarino,Neuquén,Argentina,2,-40.44624538,-71.5449721,
Puerto Piedras Blancas,Neuquén,Argentina,2,-40.94375281,-71.53516689,
Los Cerrillos,Neuquén,Argentina,2,-36.42130149,-70.61853659,
Pampa Tril,Neuquén,Argentina,2,-37.26919152,-69.81247111,
Crucero Catriel,Neuquén,Argentina,2,-37.68433441,-68.45430973,
Las Bayas,Río Negro,Argentina,2,-41.45607961,-70.66933266,
Fortín Uno,Río Negro,Argentina,2,-38.85564824,-65.27242105,
La Chiquita,Río Negro,Argentina,2,-39.92693282,-64.37267064,
Juan de Garay,Río Negro,Argentina,2,-38.86396053,-64.56683927,
Kilómetro 829,Río Negro,Argentina,2,-38.92299933,-64.31670438,
Neneo Rucá,Río Negro,Argentina,2,-41.12210549,-70.43935926,
Bolsa del Gualicho,Río Negro,Argentina,2,-40.42041714,-65.72894595,
Cinco Chañares,Río Negro,Argentina,2,-40.72862404,-65.23496571,
Pico de Salamanca,Chubut,Argentina,2,-45.41236892,-67.41904578,
Caleta Hornos,Chubut,Argentina,2,-45.03416459,-65.68568703,
Cruce Camarones,Chubut,Argentina,2,-44.59370479,-66.51031777,
Punta Tombo,Chubut,Argentina,2,-44.04477376,-65.23662098,
Embarcadero Bahía Mansa,Chubut,Argentina,2,-43.13004586,-71.65108689,
Laguna Zeta,Chubut,Argentina,2,-42.89606974,-71.35013331,
Puerto Chucao,Chubut,Argentina,2,-42.72933662,-71.75801557,
Cajón de Ginebra Grande,Chubut,Argentina,2,-43.76753936,-69.4410702,
Pueblo Brondo,Chubut,Argentina,2,-44.8572919,-71.66797893,
Lago Musters,Chubut,Argentina,2,-45.5466265,-69.1323717,
Laguna Grande,Santa Cruz,Argentina,2,-49.50649992,-70.16016004,
Bahía Uruguay,Santa Cruz,Argentina,2,-47.75972693,-66.05963923,
La Cabaña,Santa Cruz,Argentina,2,-48.01258767,-67.59038095,
Playa La Escondida,Santa Cruz,Argentina,2,-46.29260096,-67.59626577,
Gobernador Moyano,Santa Cruz,Argentina,2,-47.77559482,-68.58367668,
Cerro Vanguardia,Santa Cruz,Argentina,2,-48.3835771,-68.25948803,
Camusú Aike,Santa Cruz,Argentina,2,-50.83187872,-70.65323445,
Piedra Buena,Santa Cruz,Argentina,2,-51.70487362,-69.69704866,
El Zurdo,Santa Cruz,Argentina,2,-51.9926789,-71.23381847,
Lago Pueyrredón,Santa Cruz,Argentina,2,-47.37040441,-71.97030225,
Puerta del Abra,Buenos Aires,Argentina,1,-37.86206454,-58.01544762,
El Lucero,Buenos Aires,Argentina,1,-37.53862187,-61.56719511,
Balneario Los Pocitos,Buenos Aires,Argentina,1,-40.43311766,-62.42509272,
Balneario La Chiquita,Buenos Aires,Argentina,1,-39.58784827,-62.10230508,
Santa Rosa de la Sierra,Córdoba,Argentina,1,-31.03020137,-64.42278457,
La Puerta del Río Pintos,Córdoba,Argentina,1,-31.02461377,-64.64035836,
Río Pintos,Córdoba,Argentina,1,-30.96279972,-64.59822785,
El Alto,Córdoba,Argentina,1,-31.76853648,-64.62558029,
El Palmar,Santa Fe,Argentina,1,-28.85982012,-59.23107156,
Puerto Unzué,Entre Ríos,Argentina,1,-33.05495834,-58.25762187,
Salina Grande de Anzoátegui,La Pampa,Argentina,1,-39.00134502,-63.78865705,
Agua de Torres,La Pampa,Argentina,1,-36.16750069,-68.12596282,
Rincón del Colorado,La Pampa,Argentina,1,-37.59409496,-67.96237741,
El Tala,La Pampa,Argentina,1,-35.35129757,-64.92497111,
La Tusca,La Rioja,Argentina,1,-28.3145566,-66.65134276,
Santa Rosa,La Rioja,Argentina,1,-29.21345093,-66.00021262,
La Chilca,La Rioja,Argentina,1,-29.86895367,-66.55222078,
El Quicho,La Rioja,Argentina,1,-30.08568675,-66.10514586,
Dique El Cisco,La Rioja,Argentina,1,-30.74986206,-66.2038667,
Los Algarrobos,La Rioja,Argentina,1,-30.94011669,-66.45310571,
Quebrada del Vallecito,La Rioja,Argentina,1,-31.01936357,-66.5347101,
Dique Los Indios,La Rioja,Argentina,1,-29.21739891,-67.03750044,
La Silleta,Catamarca,Argentina,1,-28.10458351,-65.95836801,
Puesto de Onas,Catamarca,Argentina,1,-25.60005474,-67.6738224,
Real Grande,Catamarca,Argentina,1,-25.98898304,-67.23137636,
Pozo Lindo,Catamarca,Argentina,1,-29.06735699,-65.89236186,
Chaschuil,Catamarca,Argentina,1,-27.78845807,-68.07958944,
La Coipa,Catamarca,Argentina,1,-27.62651376,-68.20481146,
Loro Huasi,Catamarca,Argentina,1,-27.70414707,-67.87962957,
Carahuasi,Jujuy,Argentina,1,-22.53889127,-65.96213815,
Culi Culi,Jujuy,Argentina,1,-22.61555714,-66.64681362,
Paso Zapaleri,Jujuy,Argentina,1,-22.82097115,-67.13003524,
Río Blanco,Jujuy,Argentina,1,-24.388574,-65.36661383,
Angosto de Taire,Jujuy,Argentina,1,-23.42195743,-66.49051992,
El Churcal,Jujuy,Argentina,1,-23.78052671,-65.97469142,
Agua Sucia,Salta,Argentina,1,-24.46632623,-63.86521823,
Luna Muerta,Salta,Argentina,1,-23.33488795,-63.65704559,
Tres Cruces,Salta,Argentina,1,-24.47191376,-65.37948481,
Palo Pintado,Salta,Argentina,1,-25.69721208,-66.03705,
El Simbolar,Santiago del Estero,Argentina,1,-27.97203516,-64.8959531,
El Sauce,Santiago del Estero,Argentina,1,-27.91522338,-63.4355484,
Tierra del Este,Santiago del Estero,Argentina,1,-27.75767999,-62.32779514,
Poleo Pozo,Santiago del Estero,Argentina,1,-27.34559483,-64.75776423,
El Clavillo,Tucumán,Argentina,1,-27.34840524,-65.96375152,
Los Soria,Tucumán,Argentina,1,-27.58617639,-65.14948214,
Chorrillos,Tucumán,Argentina,1,-26.2860531,-66.03042621,
Huasa Mayo,Tucumán,Argentina,1,-26.28445853,-66.06283833,
Puerta de Julipao,Tucumán,Argentina,1,-26.35790703,-65.9021538,
Kilómetro 77,Chaco,Argentina,1,-25.59050833,-61.44931078,
Colonia Brandsen Sur,Chaco,Argentina,1,-27.0946774,-60.00070887,
El Churcal,Formosa,Argentina,1,-23.43627493,-61.59148669,
Las Avispas,Formosa,Argentina,1,-23.59940351,-61.58416004,
Los Cieneguitos,Formosa,Argentina,1,-23.64087598,-61.47562993,
Paso El Remanso,Formosa,Argentina,1,-23.95457947,-60.48732603,
Paso Lamadrid,Formosa,Argentina,1,-23.87612193,-60.75888995,
Puerto Dalmacia,Formosa,Argentina,1,-25.87500742,-57.87376497,
Laguna Erizos,San Juan,Argentina,1,-31.68568693,-70.29246362,
Llanos del Leoncito,San Juan,Argentina,1,-30.87891008,-69.41920523,
Guanaquitos,San Juan,Argentina,1,-31.92825287,-70.0213316,
Cerro Coronel,San Juan,Argentina,1,-30.59034241,-69.06281485,
Bañitos de Chollay,San Juan,Argentina,1,-29.19746117,-69.69396103,
Campo Pismanta,San Juan,Argentina,1,-30.43679,-69.44976408,
Carrizalito,San Juan,Argentina,1,-29.80463839,-69.15875902,
Fierro Viejo,San Juan,Argentina,1,-29.44673784,-69.41516956,
Colo Colo,San Juan,Argentina,1,-30.66187911,-69.52685685,
Guardia Vieja,San Juan,Argentina,1,-30.39248626,-69.57126296,
Tocota,San Juan,Argentina,1,-30.66534205,-69.43852958,
El Lavadero,San Juan,Argentina,1,-29.57915801,-69.29334029,
La Invernada,San Juan,Argentina,1,-30.94789947,-69.08407606,
La Ciénaga,San Juan,Argentina,1,-30.8642343,-68.94541486,
Picheuta,Mendoza,Argentina,1,-32.67992544,-69.52752197,
Plaza de Mulas,Mendoza,Argentina,1,-32.66045401,-70.05895971,
Agua de Cabrera,Mendoza,Argentina,1,-36.52494987,-69.55356001,
Los Relinchos,Mendoza,Argentina,1,-36.53866822,-69.47098923,
El Cilindro,Mendoza,Argentina,1,-34.17815397,-69.65611378,
La Ripiera,Mendoza,Argentina,1,-35.66423816,-67.46549072,
La Esquina,San Luis,Argentina,1,-32.31018885,-66.05007245,
El Sociego,San Luis,Argentina,1,-32.51909622,-66.40978509,
Los Araditos,San Luis,Argentina,1,-32.94758668,-66.7225633,
San Ignacio,San Luis,Argentina,1,-33.38058002,-65.87468525,
Casimiro Gómez,San Luis,Argentina,1,-35.08797734,-65.11974103,
Paso de las Vacas,San Luis,Argentina,1,-34.51438401,-66.73976625,
Bajada de Rahue,Neuquén,Argentina,1,-39.39738911,-70.79263587,
Lago Pilhué,Neuquén,Argentina,1,-39.1126652,-71.37136783,
Presa Los Chihuidos,Neuquén,Argentina,1,-38.38387712,-69.66835287,
La Bomba,Neuquén,Argentina,1,-39.61815954,-70.38384857,
Cerro Bayo,Neuquén,Argentina,1,-36.81399491,-70.2959964,
Huinganco,Neuquén,Argentina,1,-36.54395363,-70.13491474,
Campo Grande,Neuquén,Argentina,1,-39.93595153,-71.26501541,
Los Baños,Neuquén,Argentina,1,-39.98348852,-71.28006662,
Casa de Piedra,Neuquén,Argentina,1,-40.49812629,-71.20745708,
Filo Hua Hum,Neuquén,Argentina,1,-40.48671402,-71.23287223,
Ruca Ñire,Neuquén,Argentina,1,-40.17955147,-71.57520094,
Laguna Varvarco Campos,Neuquén,Argentina,1,-36.398671,-70.6396345,
Moncol,Neuquén,Argentina,1,-37.3680069,-71.01250041,
Paso de Pichachén,Neuquén,Argentina,1,-37.45365769,-71.11903876,
Ramblón Colorado,Neuquén,Argentina,1,-37.24460733,-69.59975655,
San Eduardo,Neuquén,Argentina,1,-37.53334042,-70.00624551,
Balneario Picún Leufú,Neuquén,Argentina,1,-39.53783608,-69.16449702,
Michihuao,Río Negro,Argentina,1,-40.31847434,-69.40682292,
Las Mellizas,Río Negro,Argentina,1,-40.84649777,-69.96600714,
Laguna Cortés,Río Negro,Argentina,1,-40.5212997,-64.69221372,
Musters,Río Negro,Argentina,1,-40.59782379,-66.39845844,
Paraje Larralde,Chubut,Argentina,1,-42.41245724,-64.31284154,
Paraje Villarino,Chubut,Argentina,1,-42.4153898,-64.29214528,
Playa Bañuls,Chubut,Argentina,1,-42.61318184,-64.90326468,
Playa Las Canteras,Chubut,Argentina,1,-42.64355768,-64.96947527,
Kilómetro 96,Chubut,Argentina,1,-45.98228159,-68.34418402,
Pampa del Castillo,Chubut,Argentina,1,-45.78796028,-68.05556272,
Rocas Coloradas,Chubut,Argentina,1,-45.60698842,-67.3292451,
Cabo Dos Bahías,Chubut,Argentina,1,-44.92537936,-65.55192328,
Puerto Melo,Chubut,Argentina,1,-45.00104102,-65.87061502,
Punta Conscriptos,Chubut,Argentina,1,-42.88896509,-64.70212453,
Punta León,Chubut,Argentina,1,-43.06629535,-64.47115406,
Puerta de la Virgen,Chubut,Argentina,1,-45.45910543,-69.678345,
Sección Loma Redonda,Chubut,Argentina,1,-45.51073383,-70.5213891,
Mina 3,Santa Cruz,Argentina,1,-51.53854837,-72.27042433,
Hipólito Yrigoyen,Santa Cruz,Argentina,1,-47.56566252,-71.74284825,
Río Chico,Santa Cruz,Argentina,1,-49.77617656,-68.63749116,
Puerto de Punta Quilla,Santa Cruz,Argentina,1,-50.11756424,-68.41344213,
La Julia,Santa Cruz,Argentina,1,-49.57746905,-69.58231348,
Bosques Petrificados,Santa Cruz,Argentina,1,-47.66510111,-67.99419055,
Paso Mina 1,Santa Cruz,Argentina,1,-51.5738443,-72.34974947,
Bella Vista,Santa Cruz,Argentina,1,-51.87017765,-70.59899569,
Gobernador Lista,Santa Cruz,Argentina,1,-51.82622027,-71.84461608,
Laguna Azul,Santa Cruz,Argentina,1,-52.07476926,-69.58138002,
Paso El Zurdo,Santa Cruz,Argentina,1,-51.99657674,-71.47465355,
Paso Laurita,Santa Cruz,Argentina,1,-51.6900189,-72.29673891,
Yacimiento Puesto Peter,Santa Cruz,Argentina,1,-50.95106287,-70.80894945,
Yacimiento María Inés,Santa Cruz,Argentina,1,-51.03130972,-70.65899815,
Paso Bella Vista,Santa Cruz,Argentina,1,-51.99673352,-70.70081802,
Kilómetro 94,Santa Cruz,Argentina,1,-51.81542368,-70.44843799,
Gobernador Moyano,Santa Cruz,Argentina,1,-51.86654553,-70.60394905,
Faro Coig,Santa Cruz,Argentina,1,-50.89226524,-69.13291741,
Capitán Eyroa,Santa Cruz,Argentina,1,-51.7306274,-70.12664198,
Gendarme Barreto,Santa Cruz,Argentina,1,-50.28727692,-70.92099567,
Mata Amarilla,Santa Cruz,Argentina,1,-49.58231987,-71.18432865,
Piedra Clavada,Santa Cruz,Argentina,1,-49.58399204,-71.39986266,
Río de las Vueltas,Santa Cruz,Argentina,1,-49.24311669,-72.89275324,
Playa Grande,Santa Cruz,Argentina,1,-49.11502882,-67.61993017,
Río Olnie,Santa Cruz,Argentina,1,-47.66577012,-70.81259668,
Lago Posadas,Santa Cruz,Argentina,1,-47.50907413,-71.77447513,
Lagos del Furioso,Santa Cruz,Argentina,1,-47.46118452,-71.86288534,
Paso del Águila,Santa Cruz,Argentina,1,-47.82067664,-71.9856782,
Lago Belgrano,Santa Cruz,Argentina,1,-47.84450638,-72.03646289,
El Rincón,Santa Cruz,Argentina,1,-47.75205372,-72.1193469,
Puerto Cuatreros,Buenos Aires,Argentina,0,-38.749735,-62.38176433,
Campo de Riano,Buenos Aires,Argentina,0,-35.24112878,-60.34708621,
Zubiaurre,Buenos Aires,Argentina,0,-38.76273948,-60.76314168,
Las Golondrinas,Buenos Aires,Argentina,0,-37.28699741,-61.88827054,
Libres del Sur,Buenos Aires,Argentina,0,-35.72961852,-57.71967253,
Colonia El Guanaco,Buenos Aires,Argentina,0,-39.66384348,-62.67502874,
Colonia San Luis,Buenos Aires,Argentina,0,-39.74273428,-62.69559247,
Balneario San Antonio,Buenos Aires,Argentina,0,-39.64509896,-62.11687155,
El Salvaje,Buenos Aires,Argentina,0,-37.35427467,-57.0735489,
Ojo de Agua,Córdoba,Argentina,0,-31.19194103,-65.36276956,
Pinas,Córdoba,Argentina,0,-31.17446716,-65.52265597,
Represa del Árbol,Córdoba,Argentina,0,-31.2130086,-65.71607773,
Piedra Bola,Córdoba,Argentina,0,-32.71432476,-64.83535611,
Valle La Cocha,Córdoba,Argentina,0,-32.70179439,-64.75573433,
Kilómetro 293,Santa Fe,Argentina,0,-29.6213862,-61.65589787,
La Loca,Santa Fe,Argentina,0,-28.80051681,-60.2842191,
Parque Balneario Delio Panizza,Entre Ríos,Argentina,0,-32.30994463,-59.07759779,
Boliche El 24,La Pampa,Argentina,0,-35.4026699,-64.6523065,
La Cauchita,La Rioja,Argentina,0,-28.37697902,-66.57926513,
Amilgancho,La Rioja,Argentina,0,-29.14384788,-66.71714461,
Mina Delina,La Rioja,Argentina,0,-29.26992057,-67.91648762,
Ruinas de Capayán,La Rioja,Argentina,0,-29.05035337,-67.44343856,
Olcavil,La Rioja,Argentina,0,-28.7111597,-67.36695469,
Uyuvil,La Rioja,Argentina,0,-28.67333259,-67.33200643,
Batidero,La Rioja,Argentina,0,-28.40915217,-69.28417206,
Pucha Pucha,La Rioja,Argentina,0,-28.34010369,-69.20206419,
Punta del Agua,La Rioja,Argentina,0,-28.6180809,-68.68628958,
Refugio Fandango,La Rioja,Argentina,0,-28.41699451,-69.04298631,
El Cadillo,La Rioja,Argentina,0,-31.88712017,-65.77786702,
Barrancas Blancas,La Rioja,Argentina,0,-28.17412644,-69.14454074,
Corona del Inca,La Rioja,Argentina,0,-27.95071321,-68.80418482,
El Peñon,La Rioja,Argentina,0,-28.47375607,-68.83696846,
Laguna Brava,La Rioja,Argentina,0,-28.28420956,-68.8067983,
Portezuelo de la Laguna,La Rioja,Argentina,0,-28.38184428,-68.84887769,
Refugio Come Caballos,La Rioja,Argentina,0,-28.20536799,-69.34587809,
Refugio del Zanjón,La Rioja,Argentina,0,-28.09572116,-69.21236154,
Refugio El Destapado,La Rioja,Argentina,0,-28.27659884,-68.84606186,
Veladero,La Rioja,Argentina,0,-28.22477031,-68.9207585,
Mulas Muertas,La Rioja,Argentina,0,-28.26867061,-68.73286948,
Quebrada Santo Domingo,La Rioja,Argentina,0,-28.5473357,-68.74687248,
Cueva del Chacho,La Rioja,Argentina,0,-29.93268382,-67.12886453,
Pampa de la Viuda,La Rioja,Argentina,0,-29.27380575,-67.1438807,
Los Monjes,Catamarca,Argentina,0,-26.19343057,-67.03493444,
Peñas Coloradas,Catamarca,Argentina,0,-26.02826932,-67.34486807,
Mina Farallón Negro,Catamarca,Argentina,0,-27.30692979,-66.67485177,
Kilómetro 955,Catamarca,Argentina,0,-29.53534122,-64.91199663,
Villa Collantes,Catamarca,Argentina,0,-27.9706322,-65.7238833,
El Mollecito,Catamarca,Argentina,0,-27.7762651,-66.19790372,
Campo Arenal,Catamarca,Argentina,0,-27.07628888,-66.59437565,
Las Abritas,Catamarca,Argentina,0,-26.99986135,-66.21381196,
Aguada del Médano,Catamarca,Argentina,0,-26.95530595,-67.67166687,
Cazadero Grande,Catamarca,Argentina,0,-27.47014101,-68.10748235,
Cortaderas,Catamarca,Argentina,0,-27.56101685,-68.14574924,
Paso San Francisco,Catamarca,Argentina,0,-26.86835931,-68.2616738,
Pastos Largos,Catamarca,Argentina,0,-27.68536876,-68.15797356,
Pie de la Cuesta,Catamarca,Argentina,0,-27.05091943,-67.68719937,
Quebrada de las Losas,Catamarca,Argentina,0,-27.23438876,-68.10944353,
Quebrada Las Angosturas,Catamarca,Argentina,0,-27.7030979,-67.95033646,
Maíz Negro,Jujuy,Argentina,0,-23.95119293,-64.77373094,
Campo Grande,Jujuy,Argentina,0,-24.21396613,-64.3048077,
Mucar,Jujuy,Argentina,0,-23.41565406,-66.95279873,
Paso de Jama,Jujuy,Argentina,0,-23.22645842,-67.06284749,
Turi Lari,Jujuy,Argentina,0,-23.13549831,-66.61295105,
Huacanqui,Jujuy,Argentina,0,-23.56074152,-64.95716889,
El Cedral,Jujuy,Argentina,0,-23.59823669,-64.96429963,
Recta del Tin Tin,Salta,Argentina,0,-25.15935036,-65.98929837,
Cantera Mogote,Salta,Argentina,0,-24.99526115,-65.35663081,
Cruz Quemada,Salta,Argentina,0,-25.02119934,-64.99129044,
Cuchiuman,Salta,Argentina,0,-24.95640675,-65.0685633,
Virgilio Tedín,Salta,Argentina,0,-25.06341027,-64.99631989,
La Mesada Grande,Salta,Argentina,0,-22.98989948,-65.0797903,
Los Yacones,Salta,Argentina,0,-24.62698832,-65.45733347,
Abra del Acay,Salta,Argentina,0,-24.42358921,-66.24766058,
Laguna Seca,Salta,Argentina,0,-24.22756418,-66.91676852,
Vega de Arizaro,Salta,Argentina,0,-24.52438037,-67.9136758,
Paso Sico,Salta,Argentina,0,-23.84321465,-67.26521828,
Chuculaqui,Salta,Argentina,0,-24.7500435,-68.06272704,
Paso Incahuasi,Salta,Argentina,0,-24.11751299,-67.53512503,
Abra de Quirón,Salta,Argentina,0,-24.4251811,-66.87199387,
Agua Amarga,Salta,Argentina,0,-24.69644788,-66.92901733,
Baños de Incachuli,Salta,Argentina,0,-24.27556029,-66.45945916,
Las Barrancas,Salta,Argentina,0,-23.87396814,-67.15682127,
Los Colorados,Salta,Argentina,0,-24.81302789,-66.938423,
Mina Arita,Salta,Argentina,0,-25.03591991,-67.76844384,
Mina Taca Taca,Salta,Argentina,0,-24.54271109,-67.69544703,
Salar Santa María,Salta,Argentina,0,-24.09677129,-67.35173258,
Taca Taca,Salta,Argentina,0,-24.51880054,-67.70464124,
Vega de Olajaca,Salta,Argentina,0,-24.28708761,-67.2456713,
Chorrillos,Salta,Argentina,0,-24.24442163,-66.4066549,
Caipe,Salta,Argentina,0,-24.69152579,-67.98751366,
Kilómetro 1506,Salta,Argentina,0,-24.65215499,-67.30756337,
Mina Julia,Salta,Argentina,0,-25.0944491,-68.34566106,
Mina La Casualidad,Salta,Argentina,0,-25.03313144,-68.21661089,
Los Patos,Salta,Argentina,0,-24.25774675,-66.21574771,
Quebrada del Agua,Salta,Argentina,0,-24.50975647,-68.16692564,
Socompa,Salta,Argentina,0,-24.45379919,-68.28770647,
Unquillal,Salta,Argentina,0,-24.53565628,-67.20576362,
Anta Muerta,Salta,Argentina,0,-22.92744101,-64.50158586,
Infiernillo,Salta,Argentina,0,-25.96330309,-65.11715286,
Meseta,Salta,Argentina,0,-24.46264825,-65.87029629,
La Suerte,Santiago del Estero,Argentina,0,-29.16082818,-64.79778257,
Villa Adela,Santiago del Estero,Argentina,0,-29.31869956,-64.79860815,
La Buena Estrella,Santiago del Estero,Argentina,0,-29.30611529,-64.72214538,
Pozancones,Santiago del Estero,Argentina,0,-28.85981357,-64.83126944,
Las Tejas,Santiago del Estero,Argentina,0,-28.76783911,-64.82166665,
Colonia 8,Tucumán,Argentina,0,-26.81705427,-65.02628161,
Colonia 9,Tucumán,Argentina,0,-26.81865262,-65.01659011,
Dique El Molino,Tucumán,Argentina,0,-27.31963945,-65.67149645,
El Chorro,Tucumán,Argentina,0,-27.68086273,-65.8504021,
Dique de Escaba,Tucumán,Argentina,0,-27.6595041,-65.76113182,
Yacuchina,Tucumán,Argentina,0,-27.18580928,-65.63887229,
Fin del Mundo,Tucumán,Argentina,0,-27.03982082,-65.67000056,
Peña del Naranjal,Tucumán,Argentina,0,-27.06084758,-65.66708165,
Playa Larga,Tucumán,Argentina,0,-27.07203802,-65.6645865,
Toma La Horqueta,Tucumán,Argentina,0,-27.12624656,-65.78394637,
Pasada Honda,Tucumán,Argentina,0,-27.08902372,-65.66156288,
Rayo Huaso,Tucumán,Argentina,0,-27.40976989,-65.77908316,
Sur Yaco,Tucumán,Argentina,0,-27.51653626,-65.13926076,
Alto de Rumiarco,Tucumán,Argentina,0,-26.729137,-65.83463993,
Vaca Huasi,Tucumán,Argentina,0,-26.66392863,-65.73527817,
Garabatal,Tucumán,Argentina,0,-26.74283631,-65.48507469,
Peñas Azules,Tucumán,Argentina,0,-26.65550151,-65.68789735,
Nuestra Señora de Itatí,Misiones,Argentina,0,-26.27275401,-53.82554088,
Puerto Segundo,Misiones,Argentina,0,-25.98734332,-54.63215706,
Piray,Misiones,Argentina,0,-26.54931615,-54.50945186,
Pozo de la Mula,Misiones,Argentina,0,-26.92458079,-54.67734444,
La Bolsa,Chaco,Argentina,0,-25.20258174,-60.55858638,
Puerto Aquino,Formosa,Argentina,0,-26.37502314,-58.21257769,
Paso Rosario,Corrientes,Argentina,0,-29.55323397,-57.48467598,
Agua Amarga,San Juan,Argentina,0,-30.95362871,-68.42555941,
Agua Bonita,San Juan,Argentina,0,-31.00912774,-68.00216335,
Mina Buenaventura,San Juan,Argentina,0,-30.39819947,-69.94737851,
Portezuelo de la Totora,San Juan,Argentina,0,-31.23525879,-70.14290265,
Laguna Blanca,San Juan,Argentina,0,-31.89333934,-69.97974251,
Rincones de Araya,San Juan,Argentina,0,-31.19478723,-70.22228226,
Mina Veladero,San Juan,Argentina,0,-29.35364079,-69.94200342,
Mina Las Carachas,San Juan,Argentina,0,-28.80416802,-69.43676104,
Agua del Godo,San Juan,Argentina,0,-29.24304588,-69.35382487,
Bauchaceta,San Juan,Argentina,0,-30.51081442,-69.46020866,
Campamento La Brea,San Juan,Argentina,0,-28.68566151,-69.31419984,
Campamento Soberado,San Juan,Argentina,0,-29.19208649,-69.87273022,
La Chigua,San Juan,Argentina,0,-29.86758157,-69.14881692,
Llanos de San Guillermo,San Juan,Argentina,0,-29.4015221,-69.26101528,
Los Corrales,San Juan,Argentina,0,-30.27155431,-69.79353216,
Paso del Agua Negra,San Juan,Argentina,0,-30.19557851,-69.82178298,
Quebrada de Alcaparrosa,San Juan,Argentina,0,-29.4923546,-69.19962178,
Campamento Veladero,San Juan,Argentina,0,-29.40878884,-69.89502141,
Junta de las Taguas,San Juan,Argentina,0,-29.34175529,-69.59516626,
Paso Pascua Lama,San Juan,Argentina,0,-29.32843513,-69.99835759,
Minas de Pinto,San Juan,Argentina,0,-30.48897827,-69.70017553,
Junta de los Champones,San Juan,Argentina,0,-29.80916014,-69.67716017,
Fierro Nuevo,San Juan,Argentina,0,-29.45017966,-69.47393765,
El Arenal,San Juan,Argentina,0,-30.34762334,-69.71479555,
Campo de Chita,San Juan,Argentina,0,-30.54884724,-69.50447903,
Campamento Pircas,San Juan,Argentina,0,-28.50738626,-69.48515194,
Barreal Blanco,San Juan,Argentina,0,-30.57376664,-69.10700838,
Adán Quiroga,San Juan,Argentina,0,-30.73109343,-68.63578955,
Portón Grande,San Juan,Argentina,0,-30.85171239,-68.48533921,
Panacán,San Juan,Argentina,0,-29.93245494,-68.71662383,
La Banderita,San Juan,Argentina,0,-31.06646328,-68.52086675,
Quebrada de los Gauchos,San Juan,Argentina,0,-31.01552261,-68.76573755,
Hualilán,San Juan,Argentina,0,-30.73499894,-68.95497107,
Las Higueras,San Juan,Argentina,0,-31.53528412,-68.84852112,
Cerro Tunduqueral,Mendoza,Argentina,0,-32.53046869,-69.3106067,
Cruz del Paramillo,Mendoza,Argentina,0,-32.48564523,-69.11599371,
Guido,Mendoza,Argentina,0,-32.84918016,-69.26628172,
Los Surtidores,Mendoza,Argentina,0,-32.52860565,-69.03211033,
El Tapón,Mendoza,Argentina,0,-33.08155665,-67.20899969,
Industrial,Mendoza,Argentina,0,-33.06081762,-68.98455279,
Cerro Fortunoso,Mendoza,Argentina,0,-36.22633501,-69.3757904,
Paso de las Damas,Mendoza,Argentina,0,-34.88526207,-70.28892106,
Paso Vergara,Mendoza,Argentina,0,-35.20843649,-70.51949615,
Puente Amarillo,Mendoza,Argentina,0,-35.55279539,-70.22171781,
Paso Pehuenche,Mendoza,Argentina,0,-35.97645537,-70.38480155,
Los Paramillos,Mendoza,Argentina,0,-34.19281668,-69.61858498,
Pampa de los Avestruces,Mendoza,Argentina,0,-34.23543549,-69.50779542,
Yacimiento Vizcacheras,Mendoza,Argentina,0,-33.54940413,-68.41624069,
Paso de Maipo,Mendoza,Argentina,0,-34.22285183,-69.79626699,
El Trébol,Mendoza,Argentina,0,-33.28757069,-69.06620248,
Santa Clara,Mendoza,Argentina,0,-33.26590128,-69.56125117,
Dique Las Palmeras,San Luis,Argentina,0,-32.62159136,-66.1444661,
Hito 1,Tierra del Fuego,Argentina,0,-52.65943194,-68.60643935,
Paso San Sebastián,Tierra del Fuego,Argentina,0,-53.31940518,-68.60175798,
Bahía Buen Suceso,Tierra del Fuego,Argentina,0,-54.79627962,-65.26584746,
Bahía Sloggett,Tierra del Fuego,Argentina,0,-55.01109278,-66.37481104,
Puerto Donato,Tierra del Fuego,Argentina,0,-54.65325767,-65.79450662,
Escarpados,Tierra del Fuego,Argentina,0,-54.81807296,-68.18774295,
Río Pipo,Tierra del Fuego,Argentina,0,-54.80500001,-68.49579291,
Cabo San Diego,Tierra del Fuego,Argentina,0,-54.65805758,-65.12069922,
Bahía Ensenada,Tierra del Fuego,Argentina,0,-54.84618665,-68.48123824,
Puerto Español,Tierra del Fuego,Argentina,0,-54.91842705,-66.0005162,
Cabo San Pío,Tierra del Fuego,Argentina,0,-55.05517596,-66.52157654,
Lago Hui Hui,Neuquén,Argentina,0,-39.3642576,-71.30941813,
Ñorquinco,Neuquén,Argentina,0,-39.15117205,-71.25665085,
Paso de Reigolil,Neuquén,Argentina,0,-39.11965445,-71.41501502,
Pampa Grande,Neuquén,Argentina,0,-39.75059825,-71.62735078,
Butaco,Neuquén,Argentina,0,-36.50697018,-70.16758346,
Laguna Fea,Neuquén,Argentina,0,-36.19882116,-70.46668348,
Laguna Huara Co,Neuquén,Argentina,0,-36.80630832,-70.18475098,
Laguna Polco,Neuquén,Argentina,0,-36.87056727,-70.15706345,
Los Barros,Neuquén,Argentina,0,-37.1197047,-70.14003003,
Auquinco,Neuquén,Argentina,0,-40.02377402,-71.47154594,
Catricurá,Neuquén,Argentina,0,-39.73234627,-71.63380704,
Currhué Grande,Neuquén,Argentina,0,-39.88652863,-71.40658573,
Puerto Pesquero,Neuquén,Argentina,0,-39.81133347,-71.6010754,
Puerto Boquete,Neuquén,Argentina,0,-40.02850162,-71.57858127,
El Contra,Neuquén,Argentina,0,-39.78654953,-71.33136974,
Baños de Queñi,Neuquén,Argentina,0,-40.19109255,-71.71897748,
Lago Escondido,Neuquén,Argentina,0,-40.22728445,-71.53030406,
Lago Nuevo,Neuquén,Argentina,0,-40.49068171,-71.42835989,
Paso Córdoba,Neuquén,Argentina,0,-40.58696646,-71.14635871,
Queñi,Neuquén,Argentina,0,-40.1536869,-71.7186688,
Yuco,Neuquén,Argentina,0,-40.16352276,-71.52594033,
Cuyín Manzano,Neuquén,Argentina,0,-40.75425268,-71.1659408,
La Lipela,Neuquén,Argentina,0,-40.81225645,-71.1052029,
Laguna Bailey Willis,Neuquén,Argentina,0,-40.62569881,-71.70684906,
Los Cántaros,Neuquén,Argentina,0,-41.01357978,-71.82236111,
Nahuel Huapi,Neuquén,Argentina,0,-41.04616874,-71.15514807,
Paso Cardenal Samoré,Neuquén,Argentina,0,-40.71812471,-71.93545099,
Puerto Chucao,Neuquén,Argentina,0,-40.78966597,-71.72553999,
Puerto Huemul,Neuquén,Argentina,0,-41.03023239,-71.40880833,
Rincón Chico,Neuquén,Argentina,0,-40.99173826,-71.1052184,
Rincón de Creide,Neuquén,Argentina,0,-40.79249293,-71.12025197,
Valle Encantado,Neuquén,Argentina,0,-40.76749222,-71.12206754,
Rincón Grande,Neuquén,Argentina,0,-40.9593625,-71.05562726,
Puerto Llavallol,Neuquén,Argentina,0,-40.91451588,-71.54331253,
Malal Huaca,Neuquén,Argentina,0,-40.64810955,-70.99115924,
Confluencia,Neuquén,Argentina,0,-40.72404195,-71.09358441,
El Portezuelo,Neuquén,Argentina,0,-40.6106172,-71.64086084,
Mina Chita,Neuquén,Argentina,0,-39.11620654,-69.6517247,
Azul Pescador,Neuquén,Argentina,0,-39.31075941,-68.86572012,
La Matilde,Río Negro,Argentina,0,-40.59771471,-63.56797522,
El Balcón,Río Negro,Argentina,0,-41.3113725,-71.59159429,
Fonck Grande,Río Negro,Argentina,0,-41.31847766,-71.78091497,
La Veranada,Río Negro,Argentina,0,-41.45287624,-71.48005967,
Pampa del Toro,Río Negro,Argentina,0,-41.52392969,-71.46001226,
Lago Martín,Río Negro,Argentina,0,-41.51722062,-71.65136703,
Paso de Pérez Rosales,Río Negro,Argentina,0,-41.06982068,-71.82662825,
Lago Guillelmo,Río Negro,Argentina,0,-41.39313852,-71.49549453,
Ingeniero Julián Romero,Río Negro,Argentina,0,-39.13092998,-66.78530504,
Mina Pico Quemado,Río Negro,Argentina,0,-41.57737492,-71.02256652,
Playa Casino,Chubut,Argentina,0,-42.60906705,-64.83836921,
Playa El Doradillo,Chubut,Argentina,0,-42.65910141,-64.99343714,
Playa Garipe,Chubut,Argentina,0,-42.59602314,-64.81810489,
Playa Manara,Chubut,Argentina,0,-42.69682278,-65.0069628,
Puerto Mermoud,Chubut,Argentina,0,-42.72419566,-71.74897023,
Puerto Sagrario,Chubut,Argentina,0,-42.60888751,-71.88980082,
Lago Engaño,Chubut,Argentina,0,-43.8678122,-71.52339696,
Lago Guacho,Chubut,Argentina,0,-43.82352534,-71.45532974,
Lago Número 1,Chubut,Argentina,0,-44.22638176,-71.51141566,
Lago Número 2,Chubut,Argentina,0,-44.29984417,-71.50823867,
San Francisco de Paula,Santa Cruz,Argentina,0,-49.7391437,-67.7264848,
Playa Punta Maqueda,Santa Cruz,Argentina,0,-46.00888665,-67.59667726,
Playa La Zaranda,Santa Cruz,Argentina,0,-46.55953472,-67.43860462,
La Lobería,Santa Cruz,Argentina,0,-46.11226495,-67.63043236,
Playa La Golondrina,Santa Cruz,Argentina,0,-46.60950855,-67.38289477,
Cañadón del Puerto,Santa Cruz,Argentina,0,-47.74104547,-66.00745287,
Cerro Redondo,Santa Cruz,Argentina,0,-52.2143854,-68.86356696,
Monte Aymond,Santa Cruz,Argentina,0,-52.13843804,-69.5195144,
Punta Loyola,Santa Cruz,Argentina,0,-51.60860758,-69.01113598,
Punta Dungeness,Santa Cruz,Argentina,0,-52.38780505,-68.4176933,
Pali Aike,Santa Cruz,Argentina,0,-52.04431328,-69.84388692,
Cabo Vírgenes,Santa Cruz,Argentina,0,-52.33236884,-68.35579177,
Hoya del Chenque,Santa Cruz,Argentina,0,-50.40444296,-72.34267145,
Charles Fuhr,Santa Cruz,Argentina,0,-50.27288905,-71.88822386,
El Cerrito,Santa Cruz,Argentina,0,-50.61829212,-71.36916209,
Lago del Desierto,Santa Cruz,Argentina,0,-48.99898258,-72.83931978,
Puerto Bahía Tranquila,Santa Cruz,Argentina,0,-50.29973921,-72.79878998,
Yacimiento Fortaleza,Santa Cruz,Argentina,0,-50.29467705,-70.8839589,
Paso Portezuelo de la Divisoria,Santa Cruz,Argentina,0,-48.96916352,-72.81934128,
Paso Biggieri,Santa Cruz,Argentina,0,-50.15676301,-71.99247603,
La Porfiada,Santa Cruz,Argentina,0,-50.38877752,-70.7775074,
Río Bote,Santa Cruz,Argentina,0,-50.29574821,-71.72049384,
El Portezuelo,Santa Cruz,Argentina,0,-46.03031501,-71.66332865,
Cabo Curioso,Santa Cruz,Argentina,0,-49.18392085,-67.61905529,
Playa La Mina,Santa Cruz,Argentina,0,-49.15507285,-67.63840934,
Lago Cardiel,Santa Cruz,Argentina,0,-48.95412809,-71.36497478,
